reproduccion_id,usuario_id,cancion_id,reproducida_en,segundos_escuchados
1,u045,c092,2026-09-17 00:07:14,62
2,u179,c159,2026-09-28 06:22:32,157
3,u165,c113,2026-09-01 20:13:58,160
4,u026,c229,2026-09-25 10:50:27,108
5,u176,c241,2026-09-17 08:02:14,58
6,u167,c271,2026-09-30 13:40:47,82
7,u136,c017,2026-09-29 09:24:58,47
8,u016,c021,2026-09-02 19:19:21,212
9,u029,c267,2026-09-13 14:13:41,41
10,u009,c051,2026-09-23 20:35:34,250
11,u115,c258,2026-09-05 13:50:02,28
12,u193,c088,2026-09-17 06:05:35,30
13,u084,c210,2026-09-22 12:09:20,131
14,u097,c219,2026-09-09 19:29:49,35
15,u163,c156,2026-09-19 16:23:38,78
16,u130,c265,2026-09-27 14:33:40,130
17,u037,c051,2026-09-29 09:42:37,83
18,u058,c152,2026-09-10 06:57:30,59
19,u046,c046,2026-09-05 13:36:46,56
20,u038,c268,2026-09-24 07:15:56,179
21,u158,c089,2026-09-23 18:01:23,73
22,u037,c035,2026-09-06 09:55:12,102
23,u057,c066,2026-09-05 20:43:06,105
24,u084,c003,2026-09-23 22:27:37,269
25,u153,c296,2026-09-28 18:17:04,71
26,u023,c125,2026-09-27 08:44:15,45
27,u176,c230,2026-09-18 10:37:59,304
28,u046,c250,2026-09-07 13:29:45,134
29,u012,c077,2026-09-02 20:46:25,34
30,u060,c043,2026-09-24 09:34:40,106
31,u189,c122,2026-09-08 12:10:08,155
32,u127,c285,2026-09-17 18:36:28,28
33,u197,c282,2026-09-10 11:44:04,299
34,u035,c232,2026-09-06 11:22:43,61
35,u103,c028,2026-09-28 19:41:36,59
36,u115,c049,2026-09-08 10:33:34,99
37,u122,c034,2026-09-30 06:53:24,32
38,u108,c036,2026-09-16 06:16:25,97
39,u175,c177,2026-09-23 13:14:53,16
40,u088,c186,2026-09-21 02:24:03,50
41,u118,c048,2026-09-04 19:23:58,198
42,u026,c034,2026-09-22 11:06:06,234
43,u178,c230,2026-09-27 19:51:12,41
44,u041,c022,2026-09-24 13:54:51,30
45,u061,c231,2026-09-29 09:21:51,96
46,u055,c111,2026-09-23 16:29:05,129
47,u155,c204,2026-09-12 10:18:30,80
48,u129,c267,2026-09-05 18:28:30,94
49,u056,c151,2026-09-17 18:12:26,51
50,u142,c218,2026-09-25 14:41:02,116
51,u056,c012,2026-09-22 15:54:23,26
52,u029,c250,2026-09-16 00:55:52,205
53,u116,c296,2026-09-18 21:19:10,28
54,u061,c144,2026-09-14 21:03:30,158
55,u097,c154,2026-09-28 20:02:41,115
56,u028,c177,2026-09-26 04:02:23,84
57,u009,c012,2026-09-17 15:56:50,154
58,u046,c263,2026-09-19 16:23:47,180
59,u023,c203,2026-09-13 12:54:11,194
60,u081,c173,2026-09-20 11:30:32,243
61,u132,c259,2026-09-05 08:44:24,232
62,u042,c092,2026-09-20 05:34:58,157
63,u193,c188,2026-09-16 12:53:28,286
64,u139,c250,2026-09-18 05:22:44,248
65,u185,c155,2026-09-30 10:45:49,97
66,u181,c047,2026-09-17 16:47:17,30
67,u116,c088,2026-09-05 21:40:24,128
68,u023,c122,2026-09-17 12:04:15,17
69,u007,c284,2026-09-21 12:20:46,13
70,u050,c110,2026-09-29 15:31:23,137
71,u041,c278,2026-09-15 11:52:14,110
72,u089,c024,2026-09-02 08:30:12,79
73,u172,c127,2026-09-13 17:41:37,99
74,u161,c158,2026-09-29 06:00:22,212
75,u116,c266,2026-09-03 14:13:36,181
76,u166,c073,2026-09-21 18:07:53,125
77,u168,c049,2026-09-22 19:21:28,61
78,u071,c221,2026-09-19 18:33:09,247
79,u155,c151,2026-09-29 18:30:31,108
80,u165,c097,2026-09-22 17:17:57,131
81,u006,c266,2026-09-26 08:19:34,48
82,u035,c180,2026-09-24 14:07:39,118
83,u127,c285,2026-09-16 14:52:30,24
84,u150,c201,2026-09-25 21:08:08,97
85,u023,c214,2026-09-12 12:35:41,147
86,u197,c276,2026-09-24 14:33:12,239
87,u078,c294,2026-09-11 10:49:08,115
88,u078,c239,2026-09-09 09:41:39,271
89,u103,c063,2026-09-24 06:33:56,30
90,u067,c298,2026-09-26 01:22:01,314
91,u086,c164,2026-09-17 22:45:26,45
92,u153,c138,2026-09-10 13:05:23,75
93,u105,c004,2026-09-21 20:01:18,159
94,u029,c049,2026-09-12 17:13:29,114
95,u126,c174,2026-09-20 10:06:30,122
96,u154,c207,2026-09-10 10:07:54,130
97,u143,c187,2026-09-08 17:46:33,131
98,u092,c278,2026-09-28 10:53:18,93
99,u094,c081,2026-09-28 12:35:48,57
100,u017,c266,2026-09-21 11:31:38,74
101,u038,c109,2026-09-08 11:59:05,143
102,u053,c053,2026-09-29 15:33:12,12
103,u169,c093,2026-09-01 19:24:01,57
104,u149,c028,2026-09-13 06:17:15,48
105,u029,c035,2026-09-23 20:02:42,194
106,u196,c071,2026-09-19 15:09:52,120
107,u200,c283,2026-09-26 05:18:37,46
108,u106,c220,2026-09-17 09:17:52,127
109,u023,c239,2026-09-08 18:26:01,233
110,u189,c296,2026-09-12 18:28:23,66
111,u095,c063,2026-09-28 10:06:43,57
112,u163,c118,2026-09-16 11:48:29,93
113,u179,c009,2026-09-18 10:23:20,163
114,u070,c197,2026-09-25 08:35:15,134
115,u082,c048,2026-09-27 21:06:43,25
116,u103,c066,2026-09-09 13:42:00,102
117,u049,c281,2026-09-23 00:55:57,10
118,u114,c128,2026-09-28 17:19:07,290
119,u066,c276,2026-09-03 15:37:12,114
120,u003,c115,2026-09-29 20:37:05,243
121,u003,c102,2026-09-20 21:42:58,15
122,u094,c234,2026-09-28 20:45:57,10
123,u110,c092,2026-09-19 11:12:21,92
124,u098,c136,2026-09-17 10:44:18,201
125,u072,c286,2026-09-13 06:00:50,281
126,u156,c202,2026-09-19 21:48:19,33
127,u153,c120,2026-09-26 05:32:48,165
128,u179,c127,2026-09-26 20:01:16,158
129,u101,c013,2026-09-12 09:05:25,175
130,u088,c190,2026-09-05 13:13:40,191
131,u018,c265,2026-09-06 04:32:37,176
132,u047,c047,2026-09-27 07:56:47,157
133,u120,c024,2026-09-10 14:25:48,107
134,u030,c035,2026-09-27 09:35:06,102
135,u044,c266,2026-09-15 17:30:25,113
136,u009,c269,2026-09-28 11:47:18,50
137,u124,c063,2026-09-20 17:34:27,43
138,u179,c220,2026-09-03 17:34:28,37
139,u037,c187,2026-09-05 10:21:06,88
140,u149,c267,2026-09-20 08:22:32,104
141,u097,c086,2026-09-11 17:27:45,259
142,u195,c172,2026-09-05 17:24:17,209
143,u049,c270,2026-09-01 17:24:22,44
144,u190,c176,2026-09-09 09:30:38,13
145,u044,c170,2026-09-09 20:43:59,119
146,u031,c084,2026-09-10 12:15:00,64
147,u035,c214,2026-09-13 13:35:25,83
148,u075,c016,2026-09-14 20:31:05,63
149,u030,c010,2026-09-30 13:26:35,184
150,u185,c124,2026-09-27 18:28:45,287
151,u077,c247,2026-09-08 20:09:22,199
152,u110,c287,2026-09-16 18:11:08,42
153,u157,c115,2026-09-09 18:16:22,58
154,u108,c177,2026-09-08 12:26:12,11
155,u117,c024,2026-09-20 20:18:28,35
156,u099,c189,2026-09-04 15:56:53,67
157,u129,c279,2026-09-04 16:28:40,88
158,u035,c048,2026-09-15 20:53:46,73
159,u037,c098,2026-09-06 14:34:19,55
160,u073,c288,2026-09-29 12:35:20,178
161,u035,c032,2026-09-05 17:06:55,82
162,u142,c180,2026-09-06 08:19:39,26
163,u188,c149,2026-09-15 14:35:30,39
164,u157,c284,2026-09-26 19:02:17,222
165,u185,c282,2026-09-06 15:47:50,23
166,u031,c035,2026-09-29 13:02:36,143
167,u067,c204,2026-09-16 03:25:45,31
168,u065,c179,2026-09-20 11:52:00,139
169,u034,c012,2026-09-21 20:11:12,174
170,u104,c203,2026-09-01 17:58:59,183
171,u076,c129,2026-09-03 10:49:21,53
172,u191,c040,2026-09-04 12:01:58,34
173,u064,c033,2026-09-25 08:05:04,66
174,u006,c220,2026-09-28 19:16:03,92
175,u043,c254,2026-09-22 18:14:43,123
176,u082,c111,2026-09-23 07:31:48,112
177,u011,c010,2026-09-26 07:29:23,165
178,u142,c092,2026-09-23 11:35:06,76
179,u105,c282,2026-09-20 10:00:40,105
180,u167,c200,2026-09-18 10:09:05,70
181,u033,c186,2026-09-30 20:06:17,115
182,u035,c157,2026-09-27 07:28:40,47
183,u133,c150,2026-09-27 16:33:22,121
184,u104,c103,2026-09-27 14:46:06,108
185,u153,c069,2026-09-04 12:41:26,215
186,u193,c003,2026-09-18 20:57:51,169
187,u105,c092,2026-09-14 09:40:54,177
188,u192,c216,2026-09-18 21:45:45,181
189,u155,c108,2026-09-22 19:51:32,14
190,u047,c211,2026-09-30 13:24:52,142
191,u074,c160,2026-09-01 17:30:26,110
192,u173,c030,2026-09-06 06:16:13,217
193,u097,c178,2026-09-20 18:53:10,239
194,u099,c048,2026-09-09 14:28:53,165
195,u111,c295,2026-09-03 21:36:57,108
196,u114,c090,2026-09-03 12:36:20,97
197,u035,c042,2026-09-25 23:03:16,190
198,u138,c244,2026-09-25 19:13:49,68
199,u017,c064,2026-09-23 18:59:01,87
200,u188,c201,2026-09-10 12:22:17,100
201,u081,c075,2026-09-25 13:21:05,46
202,u166,c024,2026-09-28 16:20:01,73
203,u066,c246,2026-09-06 19:45:06,30
204,u001,c285,2026-09-22 09:54:02,215
205,u178,c243,2026-09-12 07:53:17,193
206,u001,c009,2026-09-07 13:36:51,154
207,u121,c273,2026-09-14 15:54:16,27
208,u171,c261,2026-09-08 21:13:54,32
209,u006,c275,2026-09-21 12:37:12,151
210,u199,c211,2026-09-21 19:25:48,87
211,u146,c155,2026-09-19 13:00:12,38
212,u090,c030,2026-09-06 18:26:00,184
213,u139,c267,2026-09-30 08:44:44,59
214,u172,c006,2026-09-23 10:46:34,34
215,u057,c060,2026-09-17 13:54:12,97
216,u031,c225,2026-09-27 19:47:38,33
217,u108,c050,2026-09-20 19:21:43,112
218,u073,c240,2026-09-25 16:09:43,139
219,u116,c116,2026-09-06 14:24:02,159
220,u042,c209,2026-09-02 08:58:41,237
221,u116,c295,2026-09-09 11:17:07,167
222,u034,c156,2026-09-08 02:37:18,88
223,u107,c060,2026-09-08 12:37:56,101
224,u124,c115,2026-09-05 17:00:36,216
225,u072,c114,2026-09-24 20:23:57,17
226,u097,c194,2026-09-27 17:19:14,172
227,u103,c213,2026-09-16 09:10:13,194
228,u157,c114,2026-09-08 19:59:37,66
229,u167,c115,2026-09-27 13:16:45,223
230,u137,c177,2026-09-13 09:32:32,167
231,u080,c011,2026-09-25 10:24:54,52
232,u158,c108,2026-09-07 21:36:12,102
233,u131,c203,2026-09-11 10:37:46,68
234,u071,c153,2026-09-18 20:04:44,27
235,u119,c178,2026-09-20 09:16:56,66
236,u034,c259,2026-09-28 08:52:30,233
237,u059,c171,2026-09-18 20:34:26,143
238,u061,c115,2026-09-27 11:08:17,244
239,u001,c171,2026-09-12 11:50:36,38
240,u188,c115,2026-09-21 12:01:16,99
241,u172,c066,2026-09-25 14:00:12,31
242,u077,c189,2026-09-16 09:57:06,68
243,u179,c207,2026-09-14 08:17:34,86
244,u094,c183,2026-09-07 21:17:52,35
245,u012,c139,2026-09-27 13:02:07,54
246,u045,c179,2026-09-10 18:43:48,172
247,u126,c187,2026-09-20 09:44:34,109
248,u175,c104,2026-09-04 12:43:10,124
249,u156,c009,2026-09-03 16:57:41,33
250,u160,c254,2026-09-12 22:19:41,73
251,u051,c117,2026-09-01 22:39:11,22
252,u074,c158,2026-09-29 03:35:17,68
253,u011,c108,2026-09-18 08:44:00,173
254,u066,c269,2026-09-24 12:53:29,35
255,u097,c240,2026-09-12 08:31:13,63
256,u193,c103,2026-09-03 16:46:30,157
257,u117,c066,2026-09-01 20:04:38,129
258,u053,c095,2026-09-03 11:57:20,224
259,u022,c071,2026-09-20 20:03:02,188
260,u065,c112,2026-09-02 15:31:18,18
261,u123,c273,2026-09-10 17:06:13,75
262,u093,c039,2026-09-22 19:38:58,202
263,u028,c254,2026-09-23 08:31:39,73
264,u188,c006,2026-09-05 15:44:47,174
265,u117,c229,2026-09-12 16:34:34,271
266,u190,c108,2026-09-05 17:49:39,80
267,u071,c265,2026-09-10 23:47:06,261
268,u163,c170,2026-09-06 17:50:26,55
269,u131,c299,2026-09-25 08:38:52,17
270,u174,c250,2026-09-17 18:14:35,13
271,u097,c283,2026-09-26 05:44:00,163
272,u117,c236,2026-09-04 14:06:50,137
273,u079,c082,2026-09-08 21:30:00,48
274,u174,c299,2026-09-23 18:50:22,128
275,u115,c115,2026-09-07 19:41:44,241
276,u041,c097,2026-09-26 11:37:24,61
277,u022,c287,2026-09-18 20:00:55,211
278,u113,c223,2026-09-13 18:08:39,149
279,u083,c134,2026-09-04 11:41:46,107
280,u083,c240,2026-09-10 17:50:40,44
281,u009,c165,2026-09-15 09:13:21,91
282,u118,c036,2026-09-28 16:26:24,22
283,u140,c102,2026-09-08 07:51:42,10
284,u035,c042,2026-09-05 13:36:56,93
285,u028,c295,2026-09-02 14:15:31,156
286,u192,c270,2026-09-23 20:46:39,188
287,u087,c243,2026-09-29 12:56:13,116
288,u084,c246,2026-09-24 08:11:09,38
289,u173,c266,2026-09-07 10:26:57,153
290,u169,c190,2026-09-23 08:03:27,187
291,u007,c225,2026-09-13 14:04:48,277
292,u168,c070,2026-09-06 12:32:30,143
293,u089,c115,2026-09-18 19:20:05,180
294,u055,c280,2026-09-09 09:31:46,65
295,u022,c275,2026-09-24 13:54:20,105
296,u145,c288,2026-09-08 16:15:50,236
297,u034,c202,2026-09-07 09:29:57,21
298,u113,c185,2026-09-28 07:44:32,188
299,u091,c234,2026-09-23 08:59:22,182
300,u156,c173,2026-09-02 08:17:28,28
301,u136,c291,2026-09-27 14:57:02,19
302,u153,c093,2026-09-07 10:48:17,66
303,u155,c152,2026-09-05 15:10:43,77
304,u061,c266,2026-09-15 06:08:53,22
305,u174,c051,2026-09-26 15:35:19,15
306,u197,c227,2026-09-27 14:53:35,82
307,u049,c088,2026-09-29 00:42:31,142
308,u041,c173,2026-09-11 18:21:05,222
309,u134,c120,2026-09-18 10:30:47,13
310,u172,c017,2026-09-10 18:53:58,158
311,u188,c245,2026-09-10 11:49:35,83
312,u035,c012,2026-09-16 18:24:53,196
313,u049,c194,2026-09-07 05:12:58,184
314,u159,c028,2026-09-10 22:09:52,166
315,u061,c036,2026-09-18 12:16:35,92
316,u058,c116,2026-09-10 06:43:16,134
317,u142,c046,2026-09-24 00:03:43,15
318,u059,c003,2026-09-27 00:42:47,176
319,u006,c066,2026-09-22 13:29:00,87
320,u048,c074,2026-09-19 12:44:11,45
321,u058,c247,2026-09-24 07:16:32,27
322,u193,c006,2026-09-01 06:53:23,223
323,u046,c035,2026-09-20 09:41:31,122
324,u045,c088,2026-09-16 10:33:12,59
325,u053,c230,2026-09-23 08:48:33,144
326,u168,c100,2026-09-21 00:15:17,23
327,u179,c095,2026-09-09 15:15:51,248
328,u160,c224,2026-09-13 09:18:41,114
329,u063,c295,2026-09-12 21:15:55,129
330,u195,c273,2026-09-07 07:38:54,93
331,u087,c089,2026-09-09 08:32:03,293
332,u105,c071,2026-09-23 08:00:44,191
333,u005,c177,2026-09-19 10:51:37,46
334,u031,c189,2026-09-03 10:58:07,129
335,u105,c295,2026-09-03 00:19:09,97
336,u158,c255,2026-09-25 05:11:42,25
337,u122,c061,2026-09-30 07:59:38,241
338,u077,c003,2026-09-13 17:02:18,26
339,u155,c266,2026-09-24 23:53:13,152
340,u118,c156,2026-09-13 16:51:57,111
341,u079,c223,2026-09-15 10:29:21,80
342,u159,c141,2026-09-27 22:09:15,101
343,u035,c176,2026-09-10 18:08:30,158
344,u195,c282,2026-09-22 06:18:50,48
345,u023,c035,2026-09-02 15:45:07,78
346,u109,c114,2026-09-27 18:20:32,204
347,u095,c045,2026-09-23 01:11:59,117
348,u087,c080,2026-09-25 09:19:15,25
349,u174,c298,2026-09-10 15:15:44,79
350,u008,c159,2026-09-16 12:59:22,178
351,u096,c250,2026-09-06 20:26:27,99
352,u070,c288,2026-09-25 12:49:58,298
353,u176,c210,2026-09-21 20:58:02,221
354,u062,c258,2026-09-25 08:52:52,120
355,u199,c151,2026-09-16 21:24:17,165
356,u134,c248,2026-09-03 19:49:46,178
357,u105,c281,2026-09-05 19:16:55,83
358,u033,c091,2026-09-26 00:27:07,63
359,u180,c125,2026-09-11 18:13:40,135
360,u092,c102,2026-09-03 16:14:27,14
361,u174,c159,2026-09-20 21:47:58,20
362,u188,c050,2026-09-06 18:35:19,68
363,u139,c296,2026-09-22 21:25:42,130
364,u014,c169,2026-09-18 08:04:32,10
365,u118,c159,2026-09-13 19:57:59,22
366,u181,c249,2026-09-08 11:51:28,94
367,u006,c177,2026-09-18 20:39:16,48
368,u189,c068,2026-09-02 10:00:46,15
369,u159,c266,2026-09-10 10:35:41,96
370,u118,c071,2026-09-03 19:53:43,257
371,u185,c046,2026-09-14 18:40:59,139
372,u056,c117,2026-09-28 21:33:28,129
373,u059,c020,2026-09-08 19:05:27,193
374,u191,c003,2026-09-04 19:21:20,75
375,u105,c290,2026-09-08 12:10:23,57
376,u086,c159,2026-09-27 22:51:15,82
377,u105,c024,2026-09-05 00:38:24,141
378,u110,c278,2026-09-10 13:08:59,42
379,u127,c088,2026-09-03 18:12:36,115
380,u096,c174,2026-09-19 11:44:45,66
381,u122,c186,2026-09-01 18:46:44,111
382,u180,c201,2026-09-03 08:31:44,59
383,u083,c254,2026-09-07 23:04:59,90
384,u163,c038,2026-09-24 01:55:23,118
385,u147,c205,2026-09-13 07:17:58,44
386,u096,c247,2026-09-06 18:02:47,183
387,u058,c278,2026-09-04 11:19:56,80
388,u149,c266,2026-09-20 21:06:07,180
389,u005,c048,2026-09-18 21:20:02,50
390,u137,c259,2026-09-04 23:46:39,141
391,u079,c173,2026-09-21 16:39:44,292
392,u041,c093,2026-09-08 17:25:45,56
393,u147,c190,2026-09-13 17:02:19,30
394,u072,c156,2026-09-22 18:45:45,70
395,u077,c005,2026-09-04 06:00:18,59
396,u119,c262,2026-09-24 13:58:52,80
397,u117,c100,2026-09-29 12:50:08,104
398,u035,c077,2026-09-24 14:18:01,67
399,u082,c154,2026-09-04 19:45:56,39
400,u163,c230,2026-09-16 11:11:02,302
401,u006,c154,2026-09-22 20:28:32,144
402,u071,c159,2026-09-03 18:09:28,190
403,u189,c085,2026-09-08 14:36:27,11
404,u008,c184,2026-09-09 11:37:47,54
405,u024,c174,2026-09-14 07:35:11,26
406,u070,c034,2026-09-09 07:48:13,66
407,u127,c133,2026-09-04 20:41:55,14
408,u072,c031,2026-09-15 15:49:02,47
409,u007,c160,2026-09-10 17:30:36,204
410,u046,c020,2026-09-15 14:06:14,104
411,u110,c003,2026-09-12 21:37:25,55
412,u172,c068,2026-09-28 07:44:29,12
413,u091,c178,2026-09-28 19:07:22,135
414,u011,c069,2026-09-30 23:25:07,152
415,u049,c229,2026-09-30 20:58:59,200
416,u008,c036,2026-09-14 13:42:59,31
417,u081,c276,2026-09-09 15:28:39,106
418,u175,c099,2026-09-25 13:30:10,64
419,u028,c039,2026-09-27 16:50:54,221
420,u164,c142,2026-09-17 18:18:44,64
421,u093,c164,2026-09-07 11:52:23,29
422,u087,c168,2026-09-21 15:26:53,126
423,u059,c220,2026-09-27 02:53:18,108
424,u145,c137,2026-09-23 08:01:51,225
425,u123,c006,2026-09-03 20:40:35,223
426,u134,c110,2026-09-07 20:29:58,31
427,u120,c081,2026-09-05 10:03:18,122
428,u027,c039,2026-09-21 18:32:41,213
429,u047,c009,2026-09-04 08:22:38,92
430,u131,c243,2026-09-13 12:30:33,128
431,u162,c214,2026-09-07 15:39:24,208
432,u104,c236,2026-09-15 15:36:48,150
433,u156,c095,2026-09-12 06:34:22,181
434,u185,c125,2026-09-23 02:27:47,84
435,u031,c211,2026-09-03 20:06:18,178
436,u044,c085,2026-09-30 07:13:47,59
437,u147,c257,2026-09-26 08:09:54,257
438,u078,c214,2026-09-10 09:21:00,105
439,u184,c258,2026-09-26 16:32:55,80
440,u179,c286,2026-09-14 10:56:12,183
441,u035,c118,2026-09-03 18:40:47,29
442,u003,c266,2026-09-18 22:41:53,75
443,u078,c035,2026-09-24 21:44:40,156
444,u077,c020,2026-09-10 10:01:51,49
445,u018,c074,2026-09-28 18:30:22,140
446,u192,c016,2026-09-26 12:36:27,162
447,u097,c159,2026-09-28 13:30:42,180
448,u010,c166,2026-09-03 08:50:47,179
449,u005,c159,2026-09-23 13:28:15,210
450,u041,c039,2026-09-19 08:52:52,66
451,u018,c152,2026-09-16 16:56:27,107
452,u099,c184,2026-09-18 10:30:07,108
453,u136,c017,2026-09-09 19:29:24,226
454,u195,c285,2026-09-04 11:41:37,259
455,u168,c203,2026-09-08 22:59:09,115
456,u111,c044,2026-09-14 16:26:34,183
457,u082,c214,2026-09-08 12:30:11,111
458,u154,c195,2026-09-13 07:28:05,110
459,u165,c001,2026-09-27 08:05:03,178
460,u039,c135,2026-09-04 14:46:19,200
461,u039,c083,2026-09-28 14:57:40,139
462,u047,c205,2026-09-18 13:52:45,39
463,u180,c188,2026-09-26 20:53:28,19
464,u154,c003,2026-09-20 22:26:00,66
465,u193,c170,2026-09-08 09:05:11,42
466,u189,c152,2026-09-11 20:47:21,50
467,u080,c155,2026-09-04 15:27:01,81
468,u124,c108,2026-09-04 07:54:08,62
469,u111,c266,2026-09-07 10:49:31,67
470,u087,c216,2026-09-09 19:36:54,178
471,u008,c240,2026-09-14 00:54:10,147
472,u051,c264,2026-09-19 19:50:27,194
473,u196,c209,2026-09-30 16:21:58,136
474,u082,c074,2026-09-27 21:41:51,243
475,u134,c156,2026-09-30 17:13:38,39
476,u097,c069,2026-09-07 18:46:24,54
477,u177,c063,2026-09-14 14:34:15,48
478,u067,c151,2026-09-28 22:04:27,173
479,u103,c166,2026-09-02 09:28:45,204
480,u149,c120,2026-09-27 10:43:01,46
481,u169,c057,2026-09-09 11:21:57,225
482,u189,c234,2026-09-21 08:01:05,10
483,u174,c003,2026-09-19 14:38:21,72
484,u003,c017,2026-09-25 06:27:08,154
485,u046,c285,2026-09-27 16:27:22,48
486,u134,c251,2026-09-19 20:36:36,19
487,u148,c156,2026-09-09 18:37:17,28
488,u144,c234,2026-09-18 07:28:49,160
489,u035,c039,2026-09-07 13:04:27,220
490,u092,c180,2026-09-22 16:41:56,50
491,u128,c027,2026-09-19 11:14:19,228
492,u048,c207,2026-09-18 03:45:37,67
493,u059,c148,2026-09-30 11:57:02,122
494,u096,c243,2026-09-21 08:20:59,167
495,u087,c231,2026-09-02 08:01:15,14
496,u038,c090,2026-09-25 01:50:52,73
497,u095,c083,2026-09-25 16:41:51,140
498,u088,c142,2026-09-28 19:17:05,81
499,u010,c142,2026-09-04 20:07:15,85
500,u005,c114,2026-09-08 13:41:11,19
501,u142,c199,2026-09-17 20:12:17,67
502,u037,c017,2026-09-15 13:38:42,30
503,u078,c220,2026-09-17 07:12:19,111
504,u082,c276,2026-09-22 07:39:51,272
505,u128,c206,2026-09-27 18:25:52,110
506,u146,c053,2026-09-26 13:48:12,116
507,u185,c164,2026-09-11 12:57:04,186
508,u117,c290,2026-09-01 22:09:47,91
509,u137,c180,2026-09-24 14:11:06,133
510,u162,c066,2026-09-18 13:13:25,32
511,u070,c265,2026-09-15 14:34:18,282
512,u003,c020,2026-09-01 09:29:24,121
513,u046,c089,2026-09-24 18:31:53,46
514,u025,c006,2026-09-09 15:02:31,102
515,u002,c182,2026-09-26 19:00:49,136
516,u134,c070,2026-09-10 18:01:25,291
517,u064,c152,2026-09-25 15:56:45,194
518,u088,c039,2026-09-27 15:14:28,107
519,u180,c014,2026-09-24 19:58:25,74
520,u077,c134,2026-09-22 15:11:51,61
521,u134,c258,2026-09-10 19:55:02,44
522,u159,c125,2026-09-29 18:53:12,78
523,u119,c179,2026-09-09 09:51:22,208
524,u036,c048,2026-09-05 08:11:19,117
525,u046,c257,2026-09-27 15:30:19,95
526,u057,c124,2026-09-17 04:59:14,214
527,u051,c183,2026-09-22 10:54:21,172
528,u093,c100,2026-09-27 08:27:59,96
529,u064,c017,2026-09-25 12:09:52,211
530,u196,c204,2026-09-05 09:10:15,163
531,u067,c221,2026-09-13 19:15:37,164
532,u156,c257,2026-09-04 22:31:53,159
533,u036,c083,2026-09-22 21:24:49,96
534,u173,c100,2026-09-08 16:45:15,40
535,u039,c218,2026-09-04 15:25:57,47
536,u058,c058,2026-09-20 11:51:18,116
537,u041,c282,2026-09-08 05:35:43,218
538,u074,c125,2026-09-05 21:23:33,99
539,u082,c152,2026-09-22 12:09:50,214
540,u081,c187,2026-09-03 13:09:55,44
541,u105,c092,2026-09-29 11:50:07,62
542,u052,c206,2026-09-05 16:06:25,159
543,u180,c141,2026-09-05 19:08:00,160
544,u153,c113,2026-09-12 18:20:29,35
545,u172,c299,2026-09-13 18:00:24,95
546,u138,c262,2026-09-26 08:37:42,31
547,u139,c013,2026-09-04 07:33:10,45
548,u022,c042,2026-09-22 12:59:37,147
549,u152,c035,2026-09-21 08:24:18,105
550,u031,c031,2026-09-22 12:38:45,72
551,u128,c144,2026-09-29 19:03:08,11
552,u059,c207,2026-09-01 19:31:29,27
553,u139,c111,2026-09-05 17:20:34,258
554,u051,c118,2026-09-19 00:29:53,45
555,u063,c050,2026-09-20 21:13:48,153
556,u062,c042,2026-09-25 16:10:06,72
557,u063,c037,2026-09-22 19:53:13,214
558,u179,c190,2026-09-09 16:30:11,178
559,u073,c207,2026-09-20 12:45:35,69
560,u017,c115,2026-09-05 10:40:06,157
561,u188,c102,2026-09-15 21:00:18,92
562,u093,c072,2026-09-18 16:50:05,81
563,u155,c223,2026-09-04 19:16:53,61
564,u071,c251,2026-09-23 18:07:58,168
565,u055,c182,2026-09-19 15:46:17,52
566,u116,c115,2026-09-13 19:23:13,168
567,u188,c051,2026-09-06 09:59:20,69
568,u039,c244,2026-09-08 12:53:34,122
569,u157,c034,2026-09-23 13:55:33,119
570,u157,c205,2026-09-13 08:26:48,13
571,u098,c248,2026-09-18 12:52:51,263
572,u107,c057,2026-09-21 19:57:32,17
573,u133,c035,2026-09-21 20:52:03,59
574,u124,c070,2026-09-29 13:44:52,50
575,u192,c254,2026-09-24 12:15:48,165
576,u008,c267,2026-09-07 14:38:35,117
577,u076,c111,2026-09-20 22:54:47,180
578,u093,c251,2026-09-05 02:30:47,74
579,u142,c074,2026-09-03 14:38:13,112
580,u008,c243,2026-09-12 19:50:51,78
581,u172,c186,2026-09-14 19:57:11,121
582,u049,c108,2026-09-18 18:09:20,22
583,u106,c034,2026-09-03 06:17:43,278
584,u082,c263,2026-09-19 13:50:26,62
585,u108,c095,2026-09-27 19:36:59,47
586,u137,c096,2026-09-11 19:07:52,54
587,u031,c219,2026-09-26 09:24:41,235
588,u139,c213,2026-09-01 07:12:06,57
589,u149,c038,2026-09-26 14:34:25,113
590,u044,c071,2026-09-10 14:25:10,262
591,u034,c211,2026-09-01 14:43:47,135
592,u166,c017,2026-09-23 16:57:00,71
593,u171,c044,2026-09-08 08:33:35,47
594,u147,c250,2026-09-11 11:04:01,115
595,u009,c014,2026-09-04 11:19:28,170
596,u153,c181,2026-09-17 05:28:35,92
597,u131,c067,2026-09-03 20:29:14,89
598,u070,c129,2026-09-23 11:10:20,142
599,u134,c103,2026-09-23 13:15:23,25
600,u196,c281,2026-09-15 19:11:51,54
601,u141,c183,2026-09-01 15:27:41,50
602,u172,c039,2026-09-20 19:43:34,118
603,u122,c047,2026-09-15 20:42:33,104
604,u084,c158,2026-09-06 12:58:49,161
605,u108,c265,2026-09-02 17:23:45,171
606,u049,c170,2026-09-19 11:26:43,41
607,u113,c037,2026-09-27 14:57:28,23
608,u191,c033,2026-09-16 07:55:42,56
609,u195,c246,2026-09-06 11:34:42,136
610,u141,c190,2026-09-22 13:55:58,121
611,u104,c296,2026-09-21 13:22:44,63
612,u042,c129,2026-09-08 10:13:23,92
613,u105,c038,2026-09-11 14:13:12,71
614,u171,c239,2026-09-16 08:06:44,283
615,u093,c189,2026-09-13 13:03:01,92
616,u081,c141,2026-09-20 15:04:52,113
617,u103,c041,2026-09-15 11:19:18,80
618,u099,c158,2026-09-18 16:02:39,121
619,u007,c012,2026-09-29 10:29:09,20
620,u166,c122,2026-09-21 12:15:49,111
621,u150,c078,2026-09-07 21:35:31,145
622,u059,c089,2026-09-30 16:41:43,133
623,u050,c129,2026-09-13 12:19:14,153
624,u144,c152,2026-09-19 15:23:04,204
625,u031,c265,2026-09-12 14:59:43,165
626,u179,c290,2026-09-15 12:56:44,68
627,u081,c189,2026-09-22 23:52:19,106
628,u049,c090,2026-09-13 16:40:25,159
629,u163,c036,2026-09-06 20:37:05,86
630,u003,c142,2026-09-15 13:37:54,81
631,u153,c289,2026-09-11 14:59:46,141
632,u190,c048,2026-09-16 10:35:27,146
633,u056,c277,2026-09-07 15:53:34,131
634,u103,c148,2026-09-07 09:30:23,32
635,u011,c227,2026-09-20 05:54:09,34
636,u179,c102,2026-09-20 17:00:04,142
637,u089,c037,2026-09-28 07:09:49,38
638,u185,c047,2026-09-07 15:50:29,81
639,u122,c245,2026-09-25 02:33:42,119
640,u064,c173,2026-09-19 05:27:22,110
641,u102,c087,2026-09-06 14:45:58,49
642,u061,c157,2026-09-19 18:58:43,49
643,u043,c244,2026-09-02 05:52:28,124
644,u154,c298,2026-09-12 17:12:55,60
645,u008,c230,2026-09-21 10:19:24,138
646,u157,c294,2026-09-30 07:50:57,20
647,u036,c075,2026-09-06 18:59:21,213
648,u175,c255,2026-09-04 20:01:02,100
649,u192,c017,2026-09-24 11:28:25,36
650,u050,c218,2026-09-25 11:58:36,78
651,u014,c280,2026-09-26 12:31:54,97
652,u092,c275,2026-09-13 15:55:36,53
653,u018,c207,2026-09-18 22:49:03,70
654,u022,c046,2026-09-22 06:24:07,25
655,u069,c039,2026-09-21 17:44:43,191
656,u139,c189,2026-09-24 18:36:55,95
657,u172,c180,2026-09-08 02:20:04,17
658,u093,c265,2026-09-14 14:35:18,123
659,u173,c206,2026-09-25 16:11:03,160
660,u115,c188,2026-09-15 17:18:34,147
661,u133,c177,2026-09-15 02:20:40,167
662,u153,c033,2026-09-01 15:11:52,69
663,u086,c259,2026-09-25 14:51:49,126
664,u118,c258,2026-09-30 08:27:06,125
665,u180,c049,2026-09-18 02:45:16,46
666,u110,c003,2026-09-06 10:12:57,88
667,u084,c249,2026-09-16 15:29:13,211
668,u034,c150,2026-09-19 05:51:07,113
669,u154,c024,2026-09-22 10:06:11,144
670,u131,c258,2026-09-12 06:16:32,15
671,u071,c043,2026-09-02 19:46:31,165
672,u090,c199,2026-09-05 18:44:13,147
673,u097,c236,2026-09-02 21:10:28,31
674,u048,c124,2026-09-02 18:02:47,85
675,u167,c177,2026-09-08 17:53:01,100
676,u098,c115,2026-09-26 13:23:25,215
677,u157,c076,2026-09-19 12:31:52,87
678,u117,c223,2026-09-12 20:51:48,78
679,u169,c243,2026-09-17 18:46:20,62
680,u066,c299,2026-09-18 07:26:32,160
681,u131,c020,2026-09-24 12:08:07,107
682,u134,c011,2026-09-01 12:51:49,223
683,u072,c045,2026-09-18 13:14:14,99
684,u116,c188,2026-09-30 04:10:18,185
685,u168,c083,2026-09-22 15:03:54,34
686,u063,c082,2026-09-23 07:27:22,61
687,u175,c061,2026-09-14 22:57:09,208
688,u085,c240,2026-09-15 12:06:23,30
689,u092,c243,2026-09-09 07:22:34,100
690,u147,c229,2026-09-22 21:54:15,250
691,u061,c194,2026-09-29 13:52:24,90
692,u152,c108,2026-09-17 11:19:09,166
693,u035,c215,2026-09-26 22:46:18,99
694,u195,c132,2026-09-25 17:31:29,105
695,u045,c184,2026-09-03 10:58:31,74
696,u153,c265,2026-09-23 12:55:28,136
697,u064,c254,2026-09-06 13:01:52,126
698,u052,c220,2026-09-14 08:44:14,34
699,u040,c126,2026-09-12 20:27:11,66
700,u180,c056,2026-09-10 22:54:22,76
701,u155,c285,2026-09-09 19:59:26,279
702,u046,c122,2026-09-09 15:43:38,135
703,u175,c097,2026-09-20 13:31:42,191
704,u189,c268,2026-09-12 14:20:41,144
705,u082,c012,2026-09-02 09:52:46,52
706,u081,c124,2026-09-02 14:01:33,108
707,u160,c181,2026-09-17 12:57:27,82
708,u167,c286,2026-09-01 13:39:16,41
709,u106,c081,2026-09-07 19:48:39,100
710,u003,c141,2026-09-01 19:54:01,59
711,u113,c047,2026-09-19 08:56:27,129
712,u021,c188,2026-09-12 09:04:13,122
713,u161,c213,2026-09-13 23:12:08,54
714,u160,c223,2026-09-22 04:28:55,78
715,u171,c118,2026-09-26 17:58:44,125
716,u025,c218,2026-09-30 21:40:03,257
717,u064,c253,2026-09-17 14:43:29,69
718,u085,c149,2026-09-05 10:34:57,115
719,u122,c122,2026-09-24 22:40:54,47
720,u189,c200,2026-09-28 12:13:19,124
721,u149,c158,2026-09-29 01:00:36,203
722,u098,c227,2026-09-08 16:49:30,171
723,u106,c215,2026-09-21 21:23:20,199
724,u191,c043,2026-09-11 16:34:24,140
725,u077,c239,2026-09-28 22:03:09,57
726,u118,c100,2026-09-02 12:18:13,154
727,u036,c058,2026-09-29 18:16:06,89
728,u160,c135,2026-09-03 23:13:21,108
729,u192,c011,2026-09-13 01:45:15,80
730,u093,c092,2026-09-18 06:47:00,147
731,u158,c250,2026-09-28 09:30:19,45
732,u090,c147,2026-09-27 16:30:04,160
733,u133,c139,2026-09-03 15:32:05,137
734,u180,c159,2026-09-24 11:24:11,296
735,u033,c227,2026-09-23 12:32:24,32
736,u195,c100,2026-09-05 06:18:12,73
737,u196,c076,2026-09-26 11:02:59,203
738,u096,c226,2026-09-15 15:29:01,243
739,u171,c046,2026-09-06 13:29:10,36
740,u176,c044,2026-09-23 11:28:17,88
741,u077,c071,2026-09-28 18:57:00,124
742,u181,c300,2026-09-14 08:12:17,252
743,u006,c257,2026-09-03 06:40:18,208
744,u023,c214,2026-09-22 19:03:37,158
745,u195,c246,2026-09-23 14:35:10,37
746,u076,c205,2026-09-28 07:14:35,77
747,u064,c144,2026-09-23 13:20:44,189
748,u081,c139,2026-09-08 21:57:03,145
749,u035,c173,2026-09-30 12:24:40,137
750,u163,c145,2026-09-04 14:57:46,17
751,u098,c165,2026-09-12 11:02:38,167
752,u180,c153,2026-09-02 20:19:44,162
753,u115,c230,2026-09-21 16:30:39,195
754,u015,c221,2026-09-11 13:57:36,33
755,u184,c031,2026-09-06 19:21:16,315
756,u033,c133,2026-09-26 16:17:17,35
757,u155,c234,2026-09-12 02:39:45,96
758,u022,c202,2026-09-10 20:27:40,271
759,u085,c038,2026-09-01 16:28:48,224
760,u142,c167,2026-09-05 15:20:26,35
761,u105,c186,2026-09-09 18:19:41,55
762,u141,c267,2026-09-29 13:32:08,116
763,u181,c257,2026-09-14 15:25:26,99
764,u178,c300,2026-09-12 11:29:23,102
765,u081,c078,2026-09-14 05:24:08,210
766,u083,c139,2026-09-27 07:26:59,117
767,u047,c136,2026-09-17 05:09:13,46
768,u079,c176,2026-09-06 05:56:07,179
769,u166,c281,2026-09-17 08:53:22,50
770,u106,c218,2026-09-03 17:35:41,75
771,u053,c157,2026-09-29 07:59:00,59
772,u034,c205,2026-09-15 13:36:38,273
773,u086,c238,2026-09-30 08:39:17,33
774,u044,c019,2026-09-12 19:57:09,157
775,u124,c261,2026-09-21 00:55:01,160
776,u009,c030,2026-09-12 05:37:39,60
777,u150,c122,2026-09-02 10:25:01,161
778,u073,c186,2026-09-13 13:36:01,50
779,u064,c284,2026-09-01 10:35:57,219
780,u171,c255,2026-09-19 10:18:17,29
781,u047,c062,2026-09-18 20:08:08,145
782,u173,c013,2026-09-18 14:14:21,140
783,u074,c161,2026-09-24 03:16:12,59
784,u180,c020,2026-09-18 14:57:45,37
785,u109,c159,2026-09-24 21:26:13,216
786,u096,c220,2026-09-30 15:49:09,75
787,u148,c051,2026-09-08 17:50:41,171
788,u167,c220,2026-09-11 08:31:34,55
789,u048,c012,2026-09-14 16:04:11,209
790,u195,c039,2026-09-19 15:27:39,147
791,u090,c229,2026-09-04 18:36:33,219
792,u011,c080,2026-09-14 20:48:18,195
793,u087,c180,2026-09-13 20:47:28,45
794,u111,c240,2026-09-13 22:24:24,25
795,u193,c285,2026-09-22 06:27:32,75
796,u077,c180,2026-09-10 20:29:45,124
797,u147,c024,2026-09-07 23:16:24,134
798,u072,c258,2026-09-10 14:39:02,26
799,u173,c179,2026-09-27 16:33:32,45
800,u156,c187,2026-09-09 10:55:47,170
801,u191,c220,2026-09-27 20:35:13,110
802,u087,c231,2026-09-13 14:07:26,40
803,u173,c265,2026-09-20 02:35:02,223
804,u174,c178,2026-09-05 07:01:44,14
805,u110,c142,2026-09-26 19:05:02,12
806,u026,c045,2026-09-02 08:56:27,32
807,u137,c033,2026-09-07 08:15:41,70
808,u108,c223,2026-09-12 08:02:25,57
809,u165,c009,2026-09-27 09:00:15,146
810,u002,c043,2026-09-16 11:51:40,147
811,u176,c150,2026-09-11 19:40:22,92
812,u189,c049,2026-09-14 10:52:33,83
813,u062,c295,2026-09-27 20:21:29,254
814,u193,c083,2026-09-01 21:24:41,89
815,u081,c258,2026-09-17 03:06:11,92
816,u119,c299,2026-09-10 19:58:33,104
817,u171,c240,2026-09-25 15:45:43,25
818,u191,c074,2026-09-28 16:22:05,23
819,u168,c225,2026-09-17 16:13:33,259
820,u077,c087,2026-09-03 19:34:38,122
821,u031,c133,2026-09-20 15:57:27,29
822,u071,c012,2026-09-03 09:15:17,134
823,u150,c188,2026-09-21 21:28:05,223
824,u146,c076,2026-09-20 15:37:10,150
825,u169,c223,2026-09-29 21:30:55,159
826,u031,c220,2026-09-11 07:55:34,38
827,u104,c050,2026-09-17 18:27:35,75
828,u188,c008,2026-09-20 08:26:41,155
829,u038,c152,2026-09-18 05:32:06,114
830,u093,c188,2026-09-08 19:52:41,86
831,u053,c078,2026-09-02 13:26:51,65
832,u030,c169,2026-09-03 16:52:38,42
833,u087,c201,2026-09-17 18:12:42,59
834,u107,c121,2026-09-05 19:39:40,72
835,u153,c125,2026-09-07 19:37:24,37
836,u037,c176,2026-09-09 11:54:44,153
837,u035,c017,2026-09-01 19:37:18,201
838,u022,c173,2026-09-13 19:08:58,215
839,u072,c209,2026-09-30 15:58:24,220
840,u015,c183,2026-09-23 13:36:51,57
841,u017,c244,2026-09-01 04:03:39,98
842,u009,c200,2026-09-23 22:05:27,132
843,u200,c285,2026-09-11 17:25:52,189
844,u063,c290,2026-09-29 10:30:49,126
845,u041,c139,2026-09-27 18:49:54,154
846,u159,c218,2026-09-10 19:37:31,213
847,u027,c073,2026-09-18 09:54:00,86
848,u059,c246,2026-09-13 07:24:35,31
849,u023,c169,2026-09-17 23:00:11,70
850,u175,c092,2026-09-21 10:52:08,222
851,u041,c053,2026-09-12 11:06:10,20
852,u144,c298,2026-09-23 13:29:47,140
853,u180,c209,2026-09-10 12:21:56,237
854,u139,c164,2026-09-13 19:34:30,165
855,u152,c128,2026-09-26 13:05:49,138
856,u158,c016,2026-09-23 17:38:51,192
857,u093,c069,2026-09-16 12:47:34,130
858,u192,c052,2026-09-12 19:13:12,119
859,u049,c038,2026-09-14 06:14:52,230
860,u110,c037,2026-09-02 13:40:35,62
861,u058,c259,2026-09-06 14:37:53,98
862,u082,c297,2026-09-16 17:19:20,35
863,u124,c165,2026-09-02 07:28:05,146
864,u056,c116,2026-09-09 09:59:15,166
865,u092,c219,2026-09-01 08:17:09,43
866,u200,c091,2026-09-25 15:57:10,155
867,u115,c072,2026-09-12 13:41:54,11
868,u180,c133,2026-09-27 16:53:41,118
869,u167,c011,2026-09-06 14:17:39,173
870,u101,c238,2026-09-28 07:54:48,86
871,u063,c234,2026-09-14 15:27:36,73
872,u139,c170,2026-09-30 23:40:30,92
873,u168,c033,2026-09-30 07:34:14,147
874,u156,c073,2026-09-01 06:47:51,33
875,u123,c201,2026-09-13 08:05:02,144
876,u079,c071,2026-09-17 01:20:57,71
877,u194,c141,2026-09-05 12:23:39,164
878,u115,c073,2026-09-03 19:58:45,106
879,u145,c103,2026-09-01 21:22:46,98
880,u093,c291,2026-09-05 07:58:09,151
881,u019,c081,2026-09-16 09:59:49,84
882,u118,c249,2026-09-11 18:47:58,139
883,u079,c122,2026-09-24 13:41:54,173
884,u147,c178,2026-09-07 18:47:34,168
885,u008,c285,2026-09-25 10:54:12,232
886,u006,c017,2026-09-02 21:17:51,169
887,u178,c048,2026-09-17 15:55:26,125
888,u116,c166,2026-09-02 19:21:31,104
889,u185,c223,2026-09-19 13:07:15,39
890,u077,c141,2026-09-22 11:52:38,182
891,u108,c300,2026-09-11 13:36:52,26
892,u074,c015,2026-09-18 14:49:23,174
893,u085,c054,2026-09-13 12:55:54,256
894,u030,c295,2026-09-05 04:47:00,213
895,u160,c277,2026-09-29 19:04:17,10
896,u133,c129,2026-09-03 11:44:34,64
897,u058,c167,2026-09-08 16:00:59,133
898,u105,c288,2026-09-11 17:55:58,230
899,u008,c269,2026-09-12 16:02:30,31
900,u081,c121,2026-09-19 20:32:15,53
901,u153,c266,2026-09-16 09:22:04,44
902,u035,c157,2026-09-11 18:30:38,168
903,u058,c206,2026-09-11 16:09:59,70
904,u065,c021,2026-09-27 22:07:40,79
905,u022,c211,2026-09-19 18:48:58,30
906,u028,c239,2026-09-11 03:53:54,275
907,u106,c176,2026-09-26 19:13:36,143
908,u079,c172,2026-09-13 00:27:40,32
909,u120,c034,2026-09-30 07:06:07,47
910,u090,c187,2026-09-17 21:30:47,44
911,u164,c071,2026-09-04 08:42:15,41
912,u119,c177,2026-09-26 17:17:18,42
913,u070,c218,2026-09-13 10:50:24,196
914,u052,c097,2026-09-06 15:51:46,164
915,u066,c127,2026-09-11 23:45:18,79
916,u195,c071,2026-09-08 02:17:35,163
917,u081,c073,2026-09-09 12:49:47,46
918,u133,c203,2026-09-06 23:56:33,193
919,u137,c242,2026-09-23 16:37:59,222
920,u158,c070,2026-09-29 17:10:52,287
921,u157,c259,2026-09-29 09:54:31,34
922,u171,c259,2026-09-02 11:57:23,106
923,u081,c261,2026-09-04 12:45:36,210
924,u005,c285,2026-09-05 18:49:25,209
925,u005,c250,2026-09-05 19:57:11,73
926,u172,c170,2026-09-25 16:29:04,99
927,u006,c052,2026-09-16 17:01:23,144
928,u189,c049,2026-09-23 22:42:47,29
929,u094,c176,2026-09-12 19:22:06,25
930,u064,c204,2026-09-27 15:00:59,228
931,u096,c187,2026-09-26 17:53:19,30
932,u031,c102,2026-09-18 01:25:00,45
933,u013,c296,2026-09-30 19:03:10,115
934,u099,c100,2026-09-04 22:30:53,140
935,u127,c062,2026-09-07 22:36:51,46
936,u067,c177,2026-09-08 22:33:08,178
937,u118,c184,2026-09-20 12:03:08,119
938,u195,c178,2026-09-25 22:16:56,253
939,u030,c042,2026-09-06 12:56:20,143
940,u195,c257,2026-09-03 12:48:56,294
941,u007,c070,2026-09-18 20:49:57,94
942,u153,c138,2026-09-17 18:53:59,103
943,u171,c129,2026-09-20 17:26:23,81
944,u017,c031,2026-09-04 02:13:44,36
945,u106,c152,2026-09-17 12:28:05,178
946,u101,c239,2026-09-19 14:10:40,20
947,u118,c103,2026-09-16 14:28:03,139
948,u086,c103,2026-09-26 08:32:52,292
949,u082,c083,2026-09-17 10:54:02,112
950,u066,c060,2026-09-21 10:03:20,61
951,u076,c150,2026-09-15 17:57:51,181
952,u158,c265,2026-09-15 08:35:21,104
953,u172,c095,2026-09-17 07:31:22,157
954,u017,c250,2026-09-15 21:31:12,185
955,u195,c292,2026-09-14 21:10:47,157
956,u185,c114,2026-09-24 21:17:36,11
957,u083,c214,2026-09-28 08:17:56,53
958,u103,c187,2026-09-12 13:53:20,188
959,u086,c165,2026-09-10 05:50:53,179
960,u076,c202,2026-09-28 22:53:46,72
961,u120,c282,2026-09-11 18:28:37,295
962,u047,c196,2026-09-28 12:08:00,36
963,u011,c108,2026-09-09 20:19:33,116
964,u093,c027,2026-09-11 20:07:58,209
965,u092,c046,2026-09-09 20:21:57,33
966,u155,c197,2026-09-20 08:47:57,96
967,u152,c202,2026-09-03 19:25:53,169
968,u179,c066,2026-09-24 21:22:39,73
969,u127,c071,2026-09-19 17:02:22,45
970,u072,c011,2026-09-14 14:43:26,197
971,u077,c202,2026-09-12 19:59:14,127
972,u048,c275,2026-09-07 20:14:09,204
973,u149,c097,2026-09-23 13:49:56,58
974,u070,c171,2026-09-27 18:42:39,145
975,u171,c132,2026-09-28 12:23:31,102
976,u034,c216,2026-09-03 20:40:19,221
977,u067,c136,2026-09-26 18:14:18,151
978,u034,c243,2026-09-08 16:34:15,201
979,u103,c042,2026-09-15 11:50:18,192
980,u129,c047,2026-09-03 09:14:19,195
981,u104,c047,2026-09-15 16:44:00,118
982,u041,c273,2026-09-03 12:56:07,116
983,u120,c175,2026-09-21 20:47:30,134
984,u022,c137,2026-09-09 22:43:59,139
985,u030,c179,2026-09-26 10:20:52,146
986,u115,c265,2026-09-09 10:20:04,44
987,u182,c155,2026-09-14 09:37:29,68
988,u019,c258,2026-09-18 10:43:04,115
989,u195,c176,2026-09-04 20:21:11,222
990,u164,c066,2026-09-18 09:35:14,102
991,u142,c166,2026-09-12 08:11:24,70
992,u150,c219,2026-09-20 05:51:05,246
993,u112,c063,2026-09-06 14:22:00,125
994,u127,c129,2026-09-21 22:47:30,19
995,u130,c122,2026-09-28 16:23:19,37
996,u070,c211,2026-09-26 15:20:00,46
997,u157,c236,2026-09-25 14:00:27,143
998,u082,c230,2026-09-20 09:46:04,271
999,u106,c286,2026-09-15 12:34:24,142
1000,u011,c070,2026-09-03 16:06:54,98
1001,u010,c235,2026-09-19 15:33:16,164
1002,u028,c017,2026-09-08 08:31:08,216
1003,u008,c287,2026-09-05 18:15:57,68
1004,u111,c068,2026-09-29 16:59:53,98
1005,u159,c254,2026-09-27 17:19:23,96
1006,u191,c165,2026-09-25 20:09:03,144
1007,u063,c061,2026-09-04 15:46:12,25
1008,u060,c281,2026-09-14 07:15:40,42
1009,u031,c201,2026-09-22 14:20:21,11
1010,u076,c167,2026-09-05 05:18:31,13
1011,u092,c035,2026-09-30 09:42:41,193
1012,u099,c155,2026-09-10 09:23:04,101
1013,u098,c273,2026-09-28 22:28:15,145
1014,u084,c133,2026-09-14 21:18:04,47
1015,u086,c017,2026-09-18 14:57:44,202
1016,u034,c298,2026-09-15 13:47:20,270
1017,u017,c075,2026-09-30 09:57:06,142
1018,u179,c230,2026-09-05 17:57:41,194
1019,u096,c017,2026-09-07 08:17:05,98
1020,u097,c091,2026-09-04 21:19:03,91
1021,u179,c037,2026-09-24 13:31:26,245
1022,u145,c214,2026-09-04 11:45:52,250
1023,u145,c276,2026-09-09 08:40:29,86
1024,u161,c056,2026-09-27 12:19:44,232
1025,u182,c063,2026-09-06 07:02:26,46
1026,u127,c188,2026-09-24 12:51:12,155
1027,u022,c154,2026-09-19 16:27:30,40
1028,u107,c020,2026-09-23 07:50:21,93
1029,u132,c001,2026-09-28 14:34:34,62
1030,u156,c190,2026-09-08 06:06:03,33
1031,u039,c181,2026-09-29 01:37:02,56
1032,u073,c160,2026-09-12 15:39:26,201
1033,u063,c215,2026-09-22 13:47:00,239
1034,u051,c017,2026-09-28 21:23:21,233
1035,u108,c049,2026-09-01 20:49:58,114
1036,u118,c071,2026-09-08 22:02:06,46
1037,u171,c248,2026-09-26 10:48:49,111
1038,u186,c286,2026-09-08 04:47:28,141
1039,u101,c108,2026-09-15 16:05:23,172
1040,u179,c271,2026-09-09 22:44:16,52
1041,u053,c080,2026-09-08 21:23:10,34
1042,u163,c236,2026-09-23 17:32:53,108
1043,u160,c073,2026-09-06 17:02:53,81
1044,u058,c272,2026-09-23 05:40:34,49
1045,u098,c271,2026-09-10 19:55:40,71
1046,u059,c133,2026-09-27 16:02:32,46
1047,u077,c179,2026-09-21 17:38:49,205
1048,u131,c034,2026-09-13 16:06:48,55
1049,u094,c051,2026-09-13 10:54:06,248
1050,u200,c113,2026-09-30 17:42:27,49
1051,u028,c097,2026-09-03 17:36:41,77
1052,u157,c266,2026-09-27 09:24:12,129
1053,u090,c158,2026-09-28 20:52:10,188
1054,u041,c158,2026-09-07 13:21:00,17
1055,u004,c246,2026-09-11 18:13:12,144
1056,u160,c248,2026-09-05 19:21:36,236
1057,u131,c101,2026-09-16 22:31:16,99
1058,u093,c090,2026-09-01 16:18:30,117
1059,u145,c165,2026-09-01 07:55:57,73
1060,u191,c158,2026-09-07 10:47:45,114
1061,u083,c247,2026-09-05 12:40:43,131
1062,u114,c235,2026-09-21 08:43:32,69
1063,u189,c142,2026-09-30 12:26:55,113
1064,u034,c265,2026-09-15 19:20:40,150
1065,u119,c115,2026-09-18 08:41:12,79
1066,u126,c267,2026-09-10 19:32:24,55
1067,u167,c231,2026-09-13 15:57:12,23
1068,u106,c214,2026-09-13 19:30:23,329
1069,u013,c288,2026-09-05 09:00:16,68
1070,u118,c071,2026-09-01 04:32:50,91
1071,u030,c203,2026-09-22 10:07:14,98
1072,u087,c191,2026-09-02 12:56:49,101
1073,u111,c289,2026-09-08 11:09:08,94
1074,u097,c157,2026-09-22 18:07:40,127
1075,u144,c013,2026-09-18 19:45:53,54
1076,u036,c194,2026-09-25 21:38:34,112
1077,u066,c009,2026-09-06 21:08:26,44
1078,u169,c179,2026-09-15 20:04:21,99
1079,u147,c036,2026-09-26 03:46:58,34
1080,u122,c291,2026-09-23 09:32:26,178
1081,u157,c008,2026-09-15 05:10:24,270
1082,u046,c153,2026-09-18 12:42:02,130
1083,u191,c074,2026-09-27 16:05:49,116
1084,u153,c281,2026-09-27 09:16:01,135
1085,u096,c024,2026-09-23 16:33:04,91
1086,u078,c043,2026-09-13 12:27:48,184
1087,u164,c196,2026-09-14 17:38:32,128
1088,u166,c157,2026-09-27 21:59:31,25
1089,u073,c124,2026-09-30 12:05:14,56
1090,u115,c061,2026-09-25 19:51:20,19
1091,u190,c288,2026-09-26 13:15:59,145
1092,u190,c058,2026-09-15 12:01:01,86
1093,u030,c223,2026-09-08 08:20:34,90
1094,u046,c172,2026-09-20 08:12:55,127
1095,u171,c181,2026-09-18 16:16:59,85
1096,u050,c034,2026-09-27 12:35:33,77
1097,u070,c044,2026-09-29 21:40:29,33
1098,u042,c073,2026-09-08 11:49:58,93
1099,u072,c097,2026-09-30 18:06:29,144
1100,u053,c049,2026-09-19 16:35:56,73
1101,u141,c205,2026-09-11 07:26:01,114
1102,u147,c278,2026-09-27 14:13:39,18
1103,u107,c271,2026-09-02 07:07:02,66
1104,u035,c187,2026-09-25 19:57:31,170
1105,u067,c236,2026-09-27 06:11:13,141
1106,u058,c269,2026-09-10 18:39:41,91
1107,u084,c121,2026-09-23 15:22:26,87
1108,u171,c265,2026-09-25 13:35:51,135
1109,u119,c207,2026-09-27 17:50:55,128
1110,u031,c296,2026-09-20 05:06:06,14
1111,u175,c110,2026-09-29 13:24:25,54
1112,u150,c139,2026-09-19 20:55:51,132
1113,u035,c180,2026-09-19 16:19:09,78
1114,u186,c205,2026-09-08 20:43:01,35
1115,u199,c153,2026-09-12 23:15:39,164
1116,u152,c216,2026-09-01 18:04:26,16
1117,u113,c035,2026-09-14 20:29:09,17
1118,u167,c049,2026-09-24 09:59:31,45
1119,u141,c166,2026-09-01 12:21:07,233
1120,u033,c248,2026-09-08 12:29:11,268
1121,u093,c095,2026-09-05 17:14:20,185
1122,u078,c070,2026-09-05 06:09:15,282
1123,u092,c164,2026-09-09 12:25:54,128
1124,u082,c214,2026-09-08 20:43:38,90
1125,u058,c025,2026-09-18 20:15:52,93
1126,u150,c111,2026-09-25 20:21:03,25
1127,u165,c177,2026-09-16 09:04:42,59
1128,u064,c213,2026-09-11 11:23:37,23
1129,u064,c211,2026-09-12 12:17:13,78
1130,u181,c262,2026-09-05 14:16:04,89
1131,u076,c088,2026-09-06 10:09:12,102
1132,u152,c259,2026-09-24 18:12:58,183
1133,u045,c188,2026-09-23 19:29:39,200
1134,u197,c039,2026-09-26 10:52:59,149
1135,u077,c257,2026-09-30 10:52:54,253
1136,u002,c183,2026-09-26 19:10:25,106
1137,u155,c166,2026-09-15 18:23:56,251
1138,u171,c008,2026-09-15 23:08:29,131
1139,u052,c019,2026-09-22 18:12:31,173
1140,u127,c175,2026-09-02 10:35:47,207
1141,u117,c251,2026-09-27 20:04:08,152
1142,u076,c215,2026-09-07 13:51:16,104
1143,u124,c235,2026-09-05 01:38:21,105
1144,u050,c290,2026-09-04 09:21:12,38
1145,u187,c234,2026-09-25 11:25:51,38
1146,u033,c272,2026-09-14 00:03:43,149
1147,u159,c066,2026-09-16 12:06:29,54
1148,u188,c066,2026-09-20 08:51:52,29
1149,u048,c090,2026-09-29 06:56:56,287
1150,u038,c042,2026-09-08 10:49:23,34
1151,u165,c099,2026-09-28 15:41:30,202
1152,u191,c059,2026-09-08 19:24:21,123
1153,u179,c071,2026-09-09 07:02:05,243
1154,u099,c014,2026-09-01 16:07:25,68
1155,u049,c174,2026-09-14 16:32:11,36
1156,u137,c191,2026-09-07 08:47:28,49
1157,u127,c236,2026-09-27 02:19:52,38
1158,u097,c047,2026-09-12 12:19:53,164
1159,u063,c179,2026-09-11 09:07:20,66
1160,u147,c239,2026-09-28 09:20:14,299
1161,u023,c165,2026-09-30 09:27:43,155
1162,u115,c137,2026-09-11 20:40:45,83
1163,u056,c183,2026-09-20 08:56:59,164
1164,u178,c251,2026-09-27 23:18:14,56
1165,u078,c086,2026-09-21 08:03:44,227
1166,u195,c034,2026-09-13 18:44:35,59
1167,u011,c002,2026-09-06 13:10:08,78
1168,u114,c066,2026-09-28 07:39:50,24
1169,u041,c220,2026-09-18 17:45:52,58
1170,u070,c234,2026-09-03 02:31:43,203
1171,u127,c218,2026-09-14 05:41:59,245
1172,u079,c244,2026-09-07 18:39:57,19
1173,u101,c208,2026-09-12 10:13:28,226
1174,u054,c011,2026-09-01 05:10:43,151
1175,u106,c148,2026-09-12 15:55:44,68
1176,u106,c111,2026-09-04 21:19:38,51
1177,u047,c229,2026-09-03 09:00:52,82
1178,u049,c165,2026-09-02 17:51:25,141
1179,u168,c240,2026-09-02 07:28:00,148
1180,u134,c061,2026-09-09 20:09:17,131
1181,u157,c279,2026-09-05 18:54:39,151
1182,u200,c154,2026-09-28 19:17:28,68
1183,u110,c163,2026-09-17 13:39:00,165
1184,u005,c038,2026-09-19 12:42:21,277
1185,u150,c151,2026-09-23 19:55:28,119
1186,u180,c063,2026-09-01 08:20:05,101
1187,u195,c008,2026-09-17 11:18:59,162
1188,u072,c188,2026-09-16 18:12:12,16
1189,u139,c200,2026-09-12 12:19:37,42
1190,u045,c073,2026-09-10 19:01:18,176
1191,u009,c020,2026-09-08 14:22:45,55
1192,u186,c054,2026-09-07 10:09:59,158
1193,u147,c259,2026-09-08 18:27:20,197
1194,u008,c223,2026-09-24 07:37:56,48
1195,u082,c099,2026-09-18 12:41:53,183
1196,u111,c248,2026-09-02 12:09:36,32
1197,u035,c209,2026-09-10 07:28:47,242
1198,u191,c116,2026-09-15 07:24:30,91
1199,u062,c122,2026-09-13 14:19:09,212
1200,u064,c095,2026-09-13 10:15:58,255
1201,u160,c240,2026-09-23 06:11:09,64
1202,u003,c038,2026-09-11 19:12:47,254
1203,u179,c127,2026-09-05 18:29:30,63
1204,u117,c228,2026-09-08 16:39:56,35
1205,u034,c024,2026-09-11 07:09:10,60
1206,u110,c066,2026-09-30 09:42:09,69
1207,u111,c070,2026-09-12 16:48:02,227
1208,u012,c171,2026-09-11 18:26:19,239
1209,u052,c218,2026-09-04 11:57:46,170
1210,u166,c242,2026-09-02 09:56:49,45
1211,u093,c254,2026-09-15 06:34:21,26
1212,u153,c239,2026-09-13 06:17:05,71
1213,u127,c151,2026-09-20 15:35:18,37
1214,u168,c058,2026-09-18 17:49:50,109
1215,u048,c160,2026-09-06 17:03:51,218
1216,u019,c266,2026-09-20 09:51:51,95
1217,u082,c271,2026-09-14 21:47:46,118
1218,u113,c250,2026-09-20 17:51:11,59
1219,u070,c160,2026-09-22 18:45:14,227
1220,u185,c003,2026-09-30 10:39:36,99
1221,u142,c204,2026-09-17 20:42:22,182
1222,u096,c136,2026-09-25 19:13:50,150
1223,u002,c017,2026-09-30 14:11:05,220
1224,u155,c069,2026-09-02 10:28:11,195
1225,u192,c043,2026-09-07 12:28:26,65
1226,u118,c249,2026-09-05 19:29:40,93
1227,u117,c129,2026-09-07 10:33:36,21
1228,u040,c275,2026-09-30 15:38:45,204
1229,u046,c074,2026-09-01 22:17:01,267
1230,u160,c041,2026-09-06 12:39:29,161
1231,u070,c254,2026-09-14 16:59:26,18
1232,u123,c184,2026-09-02 17:19:41,246
1233,u123,c071,2026-09-04 18:04:59,58
1234,u188,c288,2026-09-01 16:46:58,59
1235,u019,c163,2026-09-08 14:13:58,25
1236,u147,c070,2026-09-24 13:42:38,267
1237,u154,c273,2026-09-25 16:49:53,100
1238,u096,c071,2026-09-27 10:26:54,39
1239,u088,c074,2026-09-01 19:24:05,147
1240,u019,c114,2026-09-18 19:12:36,204
1241,u149,c227,2026-09-07 16:38:27,136
1242,u120,c254,2026-09-04 15:19:51,63
1243,u180,c006,2026-09-27 08:53:20,134
1244,u193,c156,2026-09-07 15:51:24,146
1245,u155,c047,2026-09-03 08:34:23,134
1246,u179,c049,2026-09-28 16:33:04,102
1247,u049,c179,2026-09-09 19:07:00,145
1248,u127,c024,2026-09-25 11:26:31,87
1249,u154,c063,2026-09-22 08:37:42,39
1250,u044,c176,2026-09-28 11:04:02,107
1251,u108,c281,2026-09-26 16:32:35,155
1252,u141,c115,2026-09-01 09:15:14,158
1253,u173,c157,2026-09-22 15:48:47,271
1254,u128,c284,2026-09-23 17:07:06,50
1255,u159,c174,2026-09-17 20:22:00,132
1256,u165,c124,2026-09-02 10:11:43,185
1257,u014,c095,2026-09-20 11:36:51,304
1258,u130,c118,2026-09-24 20:55:51,150
1259,u175,c235,2026-09-09 14:33:03,90
1260,u131,c171,2026-09-07 15:52:41,257
1261,u009,c009,2026-09-26 15:57:56,107
1262,u103,c269,2026-09-11 15:06:50,25
1263,u078,c100,2026-09-28 19:09:58,26
1264,u011,c266,2026-09-19 21:18:04,30
1265,u020,c152,2026-09-23 19:54:42,167
1266,u086,c009,2026-09-18 20:58:23,52
1267,u092,c148,2026-09-25 13:59:12,73
1268,u185,c265,2026-09-03 13:32:46,214
1269,u072,c206,2026-09-12 12:28:13,120
1270,u119,c148,2026-09-18 15:38:05,24
1271,u093,c118,2026-09-21 17:13:41,174
1272,u149,c033,2026-09-23 20:38:40,106
1273,u058,c035,2026-09-09 19:09:38,87
1274,u124,c295,2026-09-25 14:47:06,151
1275,u080,c288,2026-09-05 17:41:02,75
1276,u006,c240,2026-09-09 14:47:56,151
1277,u116,c204,2026-09-20 13:16:31,101
1278,u029,c293,2026-09-30 20:45:38,131
1279,u073,c142,2026-09-29 21:56:51,88
1280,u088,c221,2026-09-15 17:54:11,14
1281,u077,c173,2026-09-24 19:17:08,243
1282,u027,c218,2026-09-17 18:10:45,84
1283,u090,c229,2026-09-13 18:26:26,61
1284,u095,c082,2026-09-10 10:54:28,209
1285,u058,c151,2026-09-06 21:25:58,65
1286,u064,c072,2026-09-23 16:08:58,98
1287,u175,c118,2026-09-05 15:08:18,156
1288,u059,c276,2026-09-17 06:52:31,176
1289,u154,c230,2026-09-26 19:18:40,130
1290,u114,c188,2026-09-19 17:30:25,51
1291,u040,c275,2026-09-16 18:38:34,207
1292,u106,c038,2026-09-24 19:44:27,194
1293,u131,c060,2026-09-12 10:03:37,217
1294,u111,c267,2026-09-18 07:41:35,16
1295,u061,c179,2026-09-26 11:51:54,187
1296,u164,c232,2026-09-08 12:01:35,151
1297,u002,c002,2026-09-28 17:42:15,114
1298,u197,c042,2026-09-02 00:28:39,26
1299,u017,c248,2026-09-29 18:28:24,200
1300,u084,c299,2026-09-21 12:06:09,35
1301,u147,c075,2026-09-12 12:46:44,171
1302,u022,c145,2026-09-30 21:48:15,140
1303,u009,c282,2026-09-20 12:30:19,258
1304,u077,c220,2026-09-26 15:37:36,64
1305,u079,c015,2026-09-29 15:48:11,149
1306,u172,c179,2026-09-02 07:42:24,133
1307,u058,c002,2026-09-19 20:47:43,75
1308,u191,c287,2026-09-26 10:20:58,64
1309,u155,c185,2026-09-11 06:17:02,135
1310,u073,c183,2026-09-20 14:29:10,111
1311,u062,c188,2026-09-10 14:51:36,297
1312,u149,c083,2026-09-12 05:13:59,83
1313,u023,c220,2026-09-02 17:22:11,125
1314,u179,c247,2026-09-15 20:39:43,122
1315,u008,c159,2026-09-28 12:26:12,70
1316,u081,c117,2026-09-23 12:34:54,117
1317,u159,c052,2026-09-18 22:30:33,300
1318,u190,c024,2026-09-21 19:54:12,74
1319,u179,c269,2026-09-13 10:50:04,80
1320,u084,c108,2026-09-16 18:51:50,65
1321,u139,c032,2026-09-07 16:50:57,90
1322,u108,c248,2026-09-18 11:44:40,53
1323,u099,c126,2026-09-07 21:25:42,144
1324,u159,c141,2026-09-01 22:55:51,161
1325,u156,c213,2026-09-08 10:38:04,276
1326,u118,c176,2026-09-28 19:05:16,69
1327,u180,c271,2026-09-14 19:06:20,45
1328,u181,c017,2026-09-10 15:15:14,149
1329,u021,c159,2026-09-19 11:47:02,39
1330,u086,c031,2026-09-10 13:02:14,196
1331,u072,c200,2026-09-07 08:13:03,70
1332,u153,c214,2026-09-05 18:44:29,258
1333,u166,c135,2026-09-18 17:49:29,152
1334,u121,c242,2026-09-23 14:34:15,68
1335,u007,c020,2026-09-25 18:41:37,129
1336,u166,c076,2026-09-16 21:09:52,59
1337,u153,c066,2026-09-26 10:45:27,118
1338,u146,c286,2026-09-09 22:29:26,232
1339,u173,c184,2026-09-24 14:42:58,28
1340,u137,c247,2026-09-27 07:35:07,58
1341,u169,c073,2026-09-30 18:49:48,152
1342,u092,c064,2026-09-20 17:45:35,116
1343,u124,c207,2026-09-10 11:45:37,30
1344,u120,c118,2026-09-30 20:23:27,66
1345,u001,c277,2026-09-24 11:15:31,131
1346,u142,c129,2026-09-18 19:32:30,38
1347,u086,c061,2026-09-05 12:02:51,233
1348,u106,c071,2026-09-13 17:29:24,134
1349,u117,c254,2026-09-18 20:47:48,19
1350,u070,c090,2026-09-29 17:41:54,188
1351,u017,c232,2026-09-28 13:08:17,107
1352,u002,c259,2026-09-13 03:30:34,15
1353,u076,c080,2026-09-24 15:18:10,28
1354,u066,c239,2026-09-20 06:10:42,264
1355,u055,c299,2026-09-29 08:57:48,130
1356,u035,c008,2026-09-03 17:34:46,239
1357,u095,c247,2026-09-02 12:48:56,177
1358,u092,c148,2026-09-16 10:00:21,17
1359,u093,c172,2026-09-03 21:41:39,22
1360,u018,c067,2026-09-02 12:08:00,98
1361,u169,c129,2026-09-04 11:13:21,60
1362,u015,c149,2026-09-22 17:00:21,26
1363,u163,c267,2026-09-24 20:47:35,68
1364,u139,c039,2026-09-17 18:35:59,172
1365,u149,c239,2026-09-22 21:27:51,103
1366,u153,c118,2026-09-14 18:28:48,143
1367,u024,c058,2026-09-24 09:58:30,15
1368,u109,c052,2026-09-26 19:53:19,75
1369,u186,c131,2026-09-19 17:19:03,106
1370,u067,c286,2026-09-19 14:38:35,67
1371,u003,c192,2026-09-07 19:35:55,94
1372,u108,c279,2026-09-12 21:02:45,17
1373,u011,c142,2026-09-27 13:08:04,152
1374,u098,c061,2026-09-04 18:40:07,71
1375,u169,c166,2026-09-22 13:16:32,258
1376,u048,c197,2026-09-16 15:26:02,157
1377,u192,c170,2026-09-20 17:31:21,91
1378,u171,c261,2026-09-08 19:30:48,174
1379,u191,c002,2026-09-13 16:31:57,124
1380,u163,c108,2026-09-25 16:22:14,195
1381,u098,c169,2026-09-30 08:29:10,12
1382,u133,c155,2026-09-18 14:00:18,85
1383,u173,c285,2026-09-06 20:42:13,119
1384,u037,c254,2026-09-19 10:27:17,61
1385,u093,c214,2026-09-08 12:09:25,158
1386,u059,c154,2026-09-17 09:20:02,122
1387,u031,c184,2026-09-19 20:51:59,142
1388,u058,c189,2026-09-16 20:32:24,82
1389,u084,c022,2026-09-24 12:47:39,110
1390,u051,c008,2026-09-10 13:32:34,65
1391,u072,c166,2026-09-08 15:11:01,257
1392,u174,c067,2026-09-20 18:46:53,65
1393,u157,c195,2026-09-17 12:22:05,110
1394,u145,c239,2026-09-10 16:05:02,61
1395,u157,c189,2026-09-25 08:34:40,68
1396,u157,c027,2026-09-02 07:16:48,179
1397,u196,c174,2026-09-08 06:38:30,125
1398,u192,c012,2026-09-05 10:55:06,67
1399,u086,c176,2026-09-18 15:36:21,183
1400,u131,c013,2026-09-26 01:34:54,123
1401,u128,c227,2026-09-16 14:47:41,33
1402,u157,c069,2026-09-18 16:11:05,216
1403,u154,c012,2026-09-13 05:22:03,200
1404,u064,c219,2026-09-29 18:28:13,245
1405,u088,c024,2026-09-22 16:58:41,28
1406,u189,c258,2026-09-30 04:04:16,50
1407,u099,c069,2026-09-12 12:42:18,73
1408,u072,c295,2026-09-04 17:55:45,173
1409,u163,c154,2026-09-09 11:53:12,41
1410,u001,c205,2026-09-05 09:29:23,179
1411,u127,c097,2026-09-01 15:21:14,66
1412,u041,c187,2026-09-23 17:37:56,179
1413,u039,c158,2026-09-15 14:37:56,101
1414,u104,c284,2026-09-07 12:24:07,245
1415,u086,c136,2026-09-13 11:28:50,161
1416,u072,c278,2026-09-08 19:28:28,74
1417,u061,c195,2026-09-09 07:15:34,18
1418,u023,c152,2026-09-02 10:32:50,210
1419,u164,c250,2026-09-23 22:25:09,65
1420,u158,c103,2026-09-23 21:59:40,24
1421,u169,c008,2026-09-29 18:40:48,203
1422,u121,c039,2026-09-10 13:44:15,144
1423,u116,c196,2026-09-07 05:52:30,82
1424,u106,c143,2026-09-26 13:36:24,180
1425,u050,c232,2026-09-13 09:31:19,143
1426,u069,c223,2026-09-01 04:53:11,34
1427,u173,c076,2026-09-25 06:51:05,230
1428,u029,c171,2026-09-21 14:02:33,80
1429,u063,c021,2026-09-23 19:29:01,171
1430,u015,c172,2026-09-25 04:43:03,123
1431,u070,c071,2026-09-12 08:00:27,167
1432,u049,c024,2026-09-12 22:34:51,106
1433,u191,c061,2026-09-07 13:19:04,198
1434,u006,c265,2026-09-20 12:34:02,125
1435,u126,c246,2026-09-18 19:09:48,23
1436,u088,c118,2026-09-11 09:24:46,168
1437,u119,c282,2026-09-14 19:32:22,171
1438,u167,c295,2026-09-29 18:59:28,95
1439,u057,c261,2026-09-14 08:54:08,260
1440,u092,c196,2026-09-07 07:02:19,120
1441,u084,c083,2026-09-20 21:26:36,38
1442,u159,c087,2026-09-23 06:59:49,84
1443,u150,c071,2026-09-11 08:22:21,45
1444,u124,c039,2026-09-18 06:18:44,224
1445,u021,c240,2026-09-23 09:47:00,29
1446,u087,c171,2026-09-24 11:00:44,80
1447,u095,c022,2026-09-21 10:09:29,63
1448,u166,c230,2026-09-25 15:39:13,166
1449,u084,c169,2026-09-30 09:12:05,31
1450,u085,c190,2026-09-05 22:52:27,109
1451,u025,c008,2026-09-19 09:39:32,188
1452,u186,c036,2026-09-01 18:23:16,56
1453,u028,c100,2026-09-15 03:52:06,135
1454,u181,c167,2026-09-02 04:09:14,133
1455,u188,c122,2026-09-22 07:56:53,87
1456,u079,c300,2026-09-11 18:11:07,242
1457,u166,c083,2026-09-08 05:16:34,80
1458,u110,c091,2026-09-06 12:57:23,93
1459,u175,c207,2026-09-29 08:47:57,47
1460,u144,c126,2026-09-08 05:23:42,34
1461,u121,c204,2026-09-04 20:30:54,86
1462,u035,c236,2026-09-18 12:09:16,138
1463,u155,c155,2026-09-03 10:57:35,31
1464,u076,c287,2026-09-05 17:19:40,200
1465,u163,c118,2026-09-06 12:14:00,155
1466,u052,c205,2026-09-26 19:11:37,114
1467,u013,c286,2026-09-22 12:45:33,199
1468,u123,c242,2026-09-15 15:48:04,43
1469,u176,c187,2026-09-29 05:37:32,34
1470,u096,c039,2026-09-04 09:11:55,197
1471,u161,c155,2026-09-14 16:16:27,96
1472,u166,c180,2026-09-02 16:32:38,62
1473,u128,c127,2026-09-11 20:08:55,21
1474,u046,c201,2026-09-15 18:37:17,107
1475,u059,c169,2026-09-12 18:28:01,73
1476,u021,c195,2026-09-09 20:48:36,132
1477,u109,c206,2026-09-05 19:31:59,168
1478,u129,c160,2026-09-12 07:00:46,43
1479,u095,c275,2026-09-23 20:46:04,215
1480,u058,c170,2026-09-07 10:42:10,102
1481,u189,c081,2026-09-20 20:50:49,68
1482,u119,c060,2026-09-30 18:08:30,27
1483,u155,c229,2026-09-30 12:25:48,312
1484,u154,c161,2026-09-25 11:06:48,137
1485,u047,c122,2026-09-11 11:52:37,167
1486,u161,c220,2026-09-03 12:43:50,38
1487,u077,c202,2026-09-25 10:46:47,49
1488,u098,c033,2026-09-17 11:41:35,115
1489,u199,c074,2026-09-10 07:51:54,210
1490,u098,c052,2026-09-28 11:33:38,179
1491,u156,c118,2026-09-07 18:37:26,17
1492,u049,c053,2026-09-12 15:49:37,29
1493,u118,c232,2026-09-22 12:54:27,154
1494,u045,c091,2026-09-05 21:02:16,69
1495,u019,c244,2026-09-13 08:41:24,52
1496,u079,c075,2026-09-21 07:55:05,210
1497,u117,c077,2026-09-18 18:57:08,256
1498,u108,c243,2026-09-18 18:05:18,211
1499,u004,c287,2026-09-04 20:38:28,197
1500,u133,c139,2026-09-26 10:58:13,29
1501,u190,c154,2026-09-25 17:53:29,126
1502,u097,c247,2026-09-10 12:59:41,45
1503,u193,c273,2026-09-05 09:40:25,134
1504,u006,c239,2026-09-17 19:32:32,32
1505,u161,c006,2026-09-13 18:30:16,166
1506,u199,c064,2026-09-09 21:05:40,187
1507,u008,c141,2026-09-30 21:09:33,91
1508,u179,c062,2026-09-22 17:04:40,133
1509,u091,c043,2026-09-19 07:19:42,115
1510,u049,c047,2026-09-20 15:58:53,75
1511,u126,c294,2026-09-22 08:33:52,93
1512,u072,c034,2026-09-10 08:04:48,137
1513,u066,c245,2026-09-22 11:17:33,213
1514,u168,c285,2026-09-15 07:25:09,60
1515,u005,c152,2026-09-22 16:13:25,71
1516,u035,c244,2026-09-25 08:02:15,190
1517,u030,c006,2026-09-17 19:31:44,329
1518,u159,c078,2026-09-04 14:10:41,215
1519,u108,c088,2026-09-24 18:42:11,86
1520,u070,c177,2026-09-29 05:20:47,138
1521,u096,c124,2026-09-15 19:55:02,204
1522,u018,c152,2026-09-12 13:32:16,127
1523,u084,c236,2026-09-01 13:50:21,155
1524,u092,c036,2026-09-30 20:11:49,126
1525,u173,c282,2026-09-19 18:40:51,273
1526,u101,c054,2026-09-16 12:51:46,196
1527,u126,c220,2026-09-16 17:57:23,76
1528,u022,c257,2026-09-05 12:59:36,51
1529,u171,c160,2026-09-24 21:55:15,216
1530,u199,c085,2026-09-11 14:57:02,144
1531,u081,c120,2026-09-15 07:18:07,68
1532,u107,c013,2026-09-12 18:46:59,173
1533,u173,c062,2026-09-02 06:34:23,159
1534,u021,c186,2026-09-15 15:03:43,100
1535,u082,c267,2026-09-06 21:24:31,103
1536,u031,c296,2026-09-20 17:57:51,66
1537,u047,c180,2026-09-10 13:04:28,87
1538,u041,c052,2026-09-03 17:15:21,140
1539,u110,c269,2026-09-21 02:47:47,38
1540,u059,c097,2026-09-10 17:35:28,44
1541,u063,c242,2026-09-27 14:43:24,124
1542,u137,c255,2026-09-20 17:32:31,75
1543,u103,c080,2026-09-25 05:44:59,39
1544,u118,c062,2026-09-11 22:43:35,171
1545,u082,c063,2026-09-01 16:22:06,15
1546,u156,c269,2026-09-03 10:30:42,87
1547,u059,c093,2026-09-26 18:18:15,153
1548,u023,c127,2026-09-23 07:29:15,154
1549,u017,c196,2026-09-21 20:11:55,175
1550,u142,c047,2026-09-27 20:00:47,132
1551,u149,c257,2026-09-06 15:22:02,163
1552,u017,c232,2026-09-26 05:17:38,173
1553,u162,c035,2026-09-04 15:25:18,101
1554,u153,c213,2026-09-01 23:43:36,21
1555,u150,c227,2026-09-24 16:50:56,104
1556,u118,c085,2026-09-11 14:34:23,128
1557,u041,c012,2026-09-30 11:06:17,202
1558,u156,c289,2026-09-17 13:15:19,158
1559,u148,c064,2026-09-09 12:10:45,287
1560,u024,c006,2026-09-20 17:07:40,69
1561,u161,c044,2026-09-17 10:50:13,149
1562,u075,c226,2026-09-03 19:47:13,46
1563,u016,c179,2026-09-24 00:13:45,124
1564,u163,c163,2026-09-20 16:31:52,39
1565,u167,c072,2026-09-24 05:01:24,64
1566,u110,c050,2026-09-30 08:28:14,165
1567,u083,c299,2026-09-30 15:10:47,125
1568,u117,c017,2026-09-26 21:46:45,240
1569,u191,c051,2026-09-12 08:03:26,265
1570,u081,c290,2026-09-27 10:46:34,88
1571,u041,c197,2026-09-11 08:49:08,119
1572,u117,c096,2026-09-03 12:31:18,60
1573,u083,c218,2026-09-04 05:28:32,237
1574,u139,c300,2026-09-01 02:43:10,209
1575,u166,c122,2026-09-10 10:45:54,201
1576,u003,c197,2026-09-02 22:14:35,13
1577,u186,c266,2026-09-30 19:40:12,177
1578,u173,c248,2026-09-25 12:49:12,86
1579,u158,c207,2026-09-14 22:50:14,67
1580,u042,c266,2026-09-13 07:17:50,66
1581,u117,c160,2026-09-14 13:32:45,173
1582,u017,c132,2026-09-11 09:12:56,40
1583,u150,c054,2026-09-09 14:53:10,177
1584,u008,c056,2026-09-25 19:55:11,118
1585,u062,c250,2026-09-11 08:06:01,282
1586,u050,c009,2026-09-22 14:38:39,58
1587,u078,c255,2026-09-01 13:49:04,132
1588,u191,c215,2026-09-15 20:18:22,39
1589,u156,c239,2026-09-13 13:59:58,275
1590,u191,c199,2026-09-04 20:23:00,15
1591,u046,c197,2026-09-25 09:47:25,128
1592,u062,c028,2026-09-02 19:03:01,62
1593,u053,c203,2026-09-08 20:58:07,117
1594,u166,c129,2026-09-01 19:33:57,38
1595,u060,c009,2026-09-21 08:41:31,152
1596,u105,c017,2026-09-16 19:09:07,223
1597,u128,c216,2026-09-30 19:52:42,38
1598,u128,c118,2026-09-06 00:05:27,22
1599,u017,c180,2026-09-08 19:53:30,141
1600,u011,c040,2026-09-10 16:12:49,99
1601,u058,c057,2026-09-25 20:27:14,67
1602,u011,c117,2026-09-23 22:24:53,58
1603,u003,c236,2026-09-17 23:41:27,40
1604,u058,c177,2026-09-04 22:47:26,151
1605,u028,c076,2026-09-26 06:53:02,101
1606,u039,c114,2026-09-18 20:24:35,159
1607,u035,c036,2026-09-01 05:47:33,118
1608,u108,c213,2026-09-24 21:31:12,269
1609,u023,c048,2026-09-16 08:30:54,151
1610,u154,c207,2026-09-16 09:54:57,65
1611,u152,c215,2026-09-27 11:17:02,265
1612,u063,c132,2026-09-23 10:53:29,83
1613,u004,c278,2026-09-18 11:59:01,67
1614,u134,c076,2026-09-26 15:03:16,245
1615,u097,c246,2026-09-11 21:26:12,13
1616,u188,c285,2026-09-20 18:49:01,297
1617,u193,c071,2026-09-12 21:04:44,246
1618,u037,c201,2026-09-24 12:04:15,58
1619,u149,c219,2026-09-30 21:32:19,27
1620,u017,c231,2026-09-04 06:32:29,12
1621,u164,c069,2026-09-22 13:07:49,11
1622,u046,c214,2026-09-15 13:05:09,79
1623,u098,c275,2026-09-06 12:21:16,99
1624,u111,c209,2026-09-23 00:43:35,32
1625,u027,c027,2026-09-08 07:40:54,229
1626,u039,c073,2026-09-02 09:21:54,24
1627,u166,c295,2026-09-09 18:41:07,229
1628,u191,c177,2026-09-09 11:23:22,96
1629,u109,c100,2026-09-29 13:04:45,146
1630,u073,c167,2026-09-12 18:02:16,162
1631,u162,c169,2026-09-17 17:08:28,63
1632,u095,c011,2026-09-18 18:53:20,133
1633,u092,c204,2026-09-29 06:15:36,32
1634,u088,c009,2026-09-25 07:35:11,112
1635,u110,c200,2026-09-07 21:26:47,100
1636,u155,c068,2026-09-25 17:59:20,93
1637,u152,c229,2026-09-02 15:02:10,110
1638,u124,c063,2026-09-12 21:41:22,119
1639,u056,c198,2026-09-29 05:22:33,164
1640,u103,c257,2026-09-22 18:42:33,212
1641,u025,c205,2026-09-24 20:42:34,260
1642,u127,c141,2026-09-02 06:25:51,71
1643,u157,c063,2026-09-28 09:49:43,11
1644,u103,c221,2026-09-03 17:38:55,248
1645,u082,c269,2026-09-14 15:44:30,33
1646,u066,c054,2026-09-26 11:49:57,20
1647,u030,c043,2026-09-19 18:22:41,87
1648,u060,c262,2026-09-07 06:09:27,115
1649,u176,c286,2026-09-20 16:20:13,50
1650,u096,c160,2026-09-21 15:22:25,179
1651,u150,c252,2026-09-23 13:15:54,47
1652,u076,c190,2026-09-04 17:55:55,166
1653,u182,c027,2026-09-10 18:44:03,90
1654,u181,c080,2026-09-06 18:59:43,171
1655,u160,c262,2026-09-16 08:15:33,13
1656,u034,c262,2026-09-07 09:28:54,13
1657,u131,c198,2026-09-02 17:15:26,183
1658,u162,c090,2026-09-01 05:55:08,148
1659,u172,c053,2026-09-09 15:44:38,37
1660,u018,c265,2026-09-25 13:19:22,211
1661,u142,c064,2026-09-03 21:13:11,74
1662,u057,c066,2026-09-13 08:01:35,98
1663,u028,c225,2026-09-21 16:39:28,226
1664,u137,c231,2026-09-14 12:14:50,117
1665,u189,c273,2026-09-07 10:46:57,128
1666,u116,c202,2026-09-18 18:03:05,179
1667,u117,c105,2026-09-03 09:39:17,154
1668,u167,c219,2026-09-19 14:34:03,61
1669,u032,c211,2026-09-28 22:43:09,22
1670,u036,c045,2026-09-20 10:46:47,95
1671,u049,c093,2026-09-07 19:56:56,112
1672,u155,c174,2026-09-30 09:56:23,49
1673,u030,c071,2026-09-28 05:48:04,48
1674,u017,c223,2026-09-03 18:24:49,37
1675,u008,c092,2026-09-28 20:27:54,225
1676,u133,c161,2026-09-07 12:18:41,132
1677,u181,c258,2026-09-30 16:20:30,60
1678,u142,c298,2026-09-24 16:25:38,45
1679,u122,c170,2026-09-25 01:21:51,10
1680,u157,c282,2026-09-19 11:26:37,274
1681,u097,c211,2026-09-04 10:19:23,44
1682,u074,c190,2026-09-14 14:04:43,128
1683,u145,c050,2026-09-08 03:00:25,135
1684,u042,c089,2026-09-14 12:33:08,130
1685,u082,c203,2026-09-04 14:53:03,180
1686,u117,c016,2026-09-24 06:20:23,181
1687,u093,c088,2026-09-22 11:46:39,117
1688,u099,c254,2026-09-28 10:23:58,73
1689,u134,c113,2026-09-05 18:32:08,194
1690,u008,c174,2026-09-10 20:13:45,125
1691,u116,c074,2026-09-03 16:32:32,36
1692,u174,c129,2026-09-08 09:04:13,21
1693,u003,c184,2026-09-21 08:23:24,262
1694,u185,c244,2026-09-05 11:39:07,181
1695,u059,c156,2026-09-25 10:46:59,148
1696,u088,c186,2026-09-13 19:09:07,210
1697,u189,c229,2026-09-07 07:43:30,122
1698,u017,c279,2026-09-16 08:22:12,87
1699,u036,c111,2026-09-23 10:27:14,132
1700,u071,c281,2026-09-01 14:52:50,127
1701,u122,c154,2026-09-17 00:56:15,20
1702,u156,c044,2026-09-18 14:57:41,188
1703,u101,c102,2026-09-01 07:10:19,146
1704,u131,c225,2026-09-01 22:51:18,10
1705,u113,c088,2026-09-21 07:19:35,88
1706,u158,c074,2026-09-10 07:00:10,29
1707,u126,c043,2026-09-30 11:15:54,24
1708,u192,c135,2026-09-21 09:14:29,53
1709,u039,c070,2026-09-06 20:34:14,171
1710,u192,c288,2026-09-20 15:48:18,32
1711,u105,c082,2026-09-29 19:13:39,183
1712,u101,c138,2026-09-15 11:13:29,10
1713,u159,c204,2026-09-09 10:03:51,149
1714,u139,c285,2026-09-18 14:57:11,60
1715,u127,c162,2026-09-26 19:31:50,241
1716,u029,c285,2026-09-07 12:45:19,104
1717,u119,c279,2026-09-26 10:23:25,22
1718,u182,c261,2026-09-30 09:56:16,48
1719,u150,c221,2026-09-12 23:57:28,75
1720,u063,c195,2026-09-29 19:14:26,115
1721,u028,c258,2026-09-16 09:11:54,73
1722,u169,c153,2026-09-07 00:45:08,151
1723,u062,c228,2026-09-21 02:02:36,43
1724,u087,c197,2026-09-02 14:30:31,89
1725,u158,c203,2026-09-30 13:57:23,28
1726,u189,c240,2026-09-05 10:15:55,167
1727,u008,c281,2026-09-23 14:02:45,161
1728,u172,c176,2026-09-21 14:51:51,106
1729,u058,c085,2026-09-26 10:01:51,103
1730,u011,c154,2026-09-17 21:48:45,57
1731,u095,c225,2026-09-24 16:44:46,50
1732,u002,c165,2026-09-12 17:20:54,95
1733,u033,c153,2026-09-28 11:32:45,167
1734,u108,c113,2026-09-20 18:04:50,170
1735,u116,c035,2026-09-23 19:15:58,11
1736,u122,c253,2026-09-23 09:56:33,73
1737,u116,c177,2026-09-26 23:39:18,143
1738,u041,c204,2026-09-15 07:57:34,203
1739,u124,c158,2026-09-30 10:25:46,141
1740,u110,c115,2026-09-12 08:29:47,238
1741,u195,c206,2026-09-19 15:15:22,95
1742,u082,c082,2026-09-18 20:33:26,105
1743,u179,c177,2026-09-28 10:24:06,25
1744,u047,c170,2026-09-15 17:20:06,76
1745,u141,c225,2026-09-19 17:25:15,314
1746,u023,c158,2026-09-15 09:16:15,154
1747,u117,c150,2026-09-20 07:55:03,27
1748,u160,c047,2026-09-21 12:37:20,68
1749,u018,c001,2026-09-02 12:21:58,57
1750,u146,c197,2026-09-15 09:07:34,65
1751,u028,c265,2026-09-10 19:05:46,213
1752,u180,c038,2026-09-10 07:42:09,249
1753,u019,c261,2026-09-03 11:27:57,75
1754,u199,c221,2026-09-16 15:48:21,96
1755,u111,c201,2026-09-14 14:55:57,49
1756,u115,c058,2026-09-22 17:21:02,84
1757,u186,c298,2026-09-25 13:15:16,210
1758,u138,c007,2026-09-29 14:06:33,13
1759,u179,c196,2026-09-02 10:29:02,26
1760,u075,c157,2026-09-28 18:19:35,56
1761,u104,c178,2026-09-30 08:42:48,197
1762,u115,c154,2026-09-20 12:42:34,154
1763,u037,c085,2026-09-04 08:21:56,134
1764,u068,c236,2026-09-10 21:40:46,279
1765,u171,c296,2026-09-08 19:44:05,105
1766,u024,c280,2026-09-03 14:38:14,43
1767,u111,c287,2026-09-16 17:08:50,229
1768,u029,c289,2026-09-06 09:28:55,24
1769,u191,c088,2026-09-15 12:28:30,85
1770,u015,c051,2026-09-20 23:21:17,57
1771,u154,c170,2026-09-07 18:58:06,48
1772,u112,c259,2026-09-14 02:52:28,38
1773,u025,c133,2026-09-22 11:57:09,96
1774,u078,c246,2026-09-11 11:08:23,28
1775,u106,c067,2026-09-15 16:17:42,160
1776,u128,c254,2026-09-13 17:33:25,15
1777,u118,c061,2026-09-29 17:41:36,49
1778,u011,c065,2026-09-29 16:56:12,111
1779,u153,c014,2026-09-11 20:33:01,119
1780,u195,c218,2026-09-01 09:50:11,12
1781,u150,c115,2026-09-20 17:19:01,128
1782,u089,c207,2026-09-11 05:38:27,21
1783,u103,c006,2026-09-30 14:18:53,231
1784,u025,c189,2026-09-04 13:49:39,108
1785,u149,c029,2026-09-25 09:02:21,204
1786,u106,c296,2026-09-05 09:36:49,71
1787,u037,c215,2026-09-09 17:19:35,69
1788,u120,c172,2026-09-10 23:52:24,145
1789,u010,c239,2026-09-24 07:56:42,52
1790,u062,c177,2026-09-03 19:55:19,180
1791,u011,c060,2026-09-02 23:47:57,34
1792,u167,c288,2026-09-07 18:57:39,130
1793,u127,c218,2026-09-27 12:42:37,240
1794,u038,c073,2026-09-23 14:39:55,63
1795,u018,c215,2026-09-27 19:48:28,145
1796,u175,c207,2026-09-01 10:09:43,40
1797,u087,c183,2026-09-24 16:46:24,155
1798,u142,c210,2026-09-17 11:36:14,28
1799,u161,c017,2026-09-16 18:23:47,26
1800,u086,c242,2026-09-28 20:36:01,71
1801,u072,c103,2026-09-05 18:22:40,190
1802,u023,c088,2026-09-17 14:35:48,12
1803,u056,c013,2026-09-02 13:23:28,188
1804,u028,c013,2026-09-10 08:52:51,91
1805,u082,c222,2026-09-09 17:08:20,125
1806,u150,c069,2026-09-11 10:45:16,17
1807,u131,c160,2026-09-12 23:49:56,71
1808,u004,c017,2026-09-08 05:35:51,184
1809,u070,c158,2026-09-21 09:07:09,51
1810,u141,c016,2026-09-16 17:55:34,121
1811,u046,c016,2026-09-06 19:20:07,122
1812,u095,c285,2026-09-15 13:18:25,64
1813,u148,c072,2026-09-25 07:48:54,31
1814,u176,c288,2026-09-22 20:44:00,170
1815,u088,c034,2026-09-30 15:27:36,142
1816,u095,c242,2026-09-14 22:42:15,171
1817,u145,c164,2026-09-21 21:59:48,52
1818,u001,c282,2026-09-06 11:32:16,64
1819,u034,c071,2026-09-15 18:25:07,248
1820,u087,c149,2026-09-11 18:22:13,60
1821,u037,c164,2026-09-30 21:59:39,63
1822,u193,c127,2026-09-20 07:50:10,166
1823,u049,c256,2026-09-07 20:38:28,79
1824,u097,c209,2026-09-19 19:45:50,108
1825,u168,c014,2026-09-18 22:33:46,74
1826,u136,c194,2026-09-18 18:03:38,217
1827,u156,c016,2026-09-12 11:14:16,81
1828,u185,c288,2026-09-30 19:35:36,85
1829,u162,c081,2026-09-12 12:49:57,51
1830,u086,c226,2026-09-03 08:54:41,133
1831,u111,c159,2026-09-24 18:29:38,78
1832,u197,c104,2026-09-05 16:14:30,26
1833,u149,c296,2026-09-16 20:06:46,47
1834,u092,c092,2026-09-30 20:41:46,141
1835,u147,c044,2026-09-12 07:22:56,179
1836,u139,c240,2026-09-23 21:59:55,11
1837,u119,c291,2026-09-04 06:11:08,187
1838,u115,c049,2026-09-28 22:06:42,119
1839,u191,c009,2026-09-20 17:18:05,116
1840,u121,c122,2026-09-06 15:55:35,115
1841,u082,c052,2026-09-02 20:45:49,146
1842,u050,c069,2026-09-25 14:52:51,38
1843,u107,c088,2026-09-13 06:00:30,125
1844,u022,c180,2026-09-25 14:47:20,51
1845,u116,c141,2026-09-29 10:10:14,133
1846,u088,c156,2026-09-27 11:38:33,89
1847,u185,c190,2026-09-26 16:41:42,110
1848,u092,c221,2026-09-11 19:00:26,238
1849,u152,c079,2026-09-02 08:02:07,40
1850,u104,c063,2026-09-12 06:09:07,20
1851,u014,c063,2026-09-13 17:22:43,78
1852,u072,c227,2026-09-28 20:58:46,173
1853,u149,c231,2026-09-09 14:49:20,38
1854,u130,c239,2026-09-11 08:22:53,202
1855,u091,c248,2026-09-30 04:17:43,39
1856,u007,c116,2026-09-07 13:20:46,50
1857,u168,c062,2026-09-13 16:20:51,162
1858,u064,c220,2026-09-30 14:36:45,12
1859,u175,c034,2026-09-30 10:31:42,196
1860,u019,c132,2026-09-14 20:19:10,142
1861,u104,c024,2026-09-15 06:06:31,138
1862,u115,c207,2026-09-16 10:48:08,50
1863,u148,c088,2026-09-09 09:55:59,121
1864,u090,c244,2026-09-29 18:40:49,139
1865,u137,c095,2026-09-03 11:08:14,129
1866,u023,c239,2026-09-18 23:44:12,44
1867,u193,c166,2026-09-26 07:21:15,16
1868,u070,c002,2026-09-07 10:46:07,115
1869,u126,c120,2026-09-04 23:44:38,71
1870,u110,c100,2026-09-28 12:28:30,46
1871,u132,c003,2026-09-26 19:55:45,72
1872,u149,c088,2026-09-16 02:02:45,95
1873,u153,c033,2026-09-30 05:24:52,125
1874,u047,c221,2026-09-09 18:38:35,160
1875,u116,c003,2026-09-29 21:58:49,67
1876,u024,c160,2026-09-08 15:56:58,278
1877,u175,c186,2026-09-02 11:07:32,208
1878,u024,c048,2026-09-10 18:27:53,125
1879,u011,c132,2026-09-21 12:46:18,49
1880,u181,c025,2026-09-29 16:49:58,28
1881,u071,c163,2026-09-30 10:22:09,186
1882,u038,c008,2026-09-30 15:34:43,244
1883,u150,c266,2026-09-22 20:26:19,140
1884,u061,c291,2026-09-25 08:11:06,78
1885,u117,c188,2026-09-04 22:56:16,295
1886,u160,c022,2026-09-15 10:56:05,93
1887,u189,c069,2026-09-25 10:12:13,226
1888,u195,c043,2026-09-16 15:06:18,103
1889,u044,c082,2026-09-05 00:03:07,41
1890,u191,c234,2026-09-14 20:59:37,142
1891,u155,c284,2026-09-09 20:00:37,281
1892,u168,c150,2026-09-23 13:33:08,128
1893,u171,c214,2026-09-20 18:00:26,110
1894,u084,c048,2026-09-23 18:21:02,36
1895,u118,c185,2026-09-28 13:46:06,172
1896,u047,c248,2026-09-14 12:48:52,58
1897,u070,c122,2026-09-17 15:55:05,174
1898,u030,c236,2026-09-22 20:11:19,148
1899,u044,c276,2026-09-04 15:41:55,158
1900,u082,c173,2026-09-28 15:19:18,161
1901,u083,c069,2026-09-06 18:09:51,230
1902,u196,c013,2026-09-20 15:32:30,40
1903,u162,c036,2026-09-30 19:30:04,22
1904,u081,c180,2026-09-01 08:06:57,121
1905,u022,c267,2026-09-20 06:53:15,48
1906,u003,c300,2026-09-21 11:01:27,101
1907,u128,c164,2026-09-09 21:19:47,65
1908,u097,c124,2026-09-09 13:24:00,13
1909,u188,c103,2026-09-02 02:05:05,217
1910,u150,c215,2026-09-11 12:32:46,36
1911,u003,c277,2026-09-28 20:46:26,62
1912,u048,c120,2026-09-04 14:21:00,156
1913,u141,c008,2026-09-16 19:52:28,62
1914,u028,c073,2026-09-29 18:02:57,12
1915,u030,c150,2026-09-20 09:32:07,11
1916,u122,c139,2026-09-27 20:13:01,117
1917,u180,c188,2026-09-18 12:19:31,127
1918,u015,c150,2026-09-01 21:08:02,83
1919,u059,c074,2026-09-07 07:02:11,131
1920,u079,c006,2026-09-24 20:43:59,274
1921,u171,c095,2026-09-27 06:37:28,272
1922,u103,c218,2026-09-01 05:49:06,160
1923,u156,c281,2026-09-02 15:40:34,69
1924,u031,c004,2026-09-23 12:00:59,186
1925,u075,c157,2026-09-28 07:46:00,121
1926,u159,c154,2026-09-19 14:18:05,147
1927,u131,c262,2026-09-28 02:50:21,123
1928,u153,c203,2026-09-27 22:51:19,96
1929,u023,c178,2026-09-05 18:13:48,88
1930,u189,c218,2026-09-01 16:17:50,69
1931,u100,c067,2026-09-26 10:07:39,120
1932,u067,c074,2026-09-27 05:02:52,45
1933,u159,c071,2026-09-29 20:55:35,180
1934,u061,c234,2026-09-23 06:31:24,186
1935,u195,c069,2026-09-20 13:24:11,236
1936,u134,c092,2026-09-08 15:27:51,187
1937,u064,c289,2026-09-05 19:50:54,80
1938,u007,c142,2026-09-28 15:26:23,116
1939,u076,c220,2026-09-02 07:18:18,82
1940,u161,c177,2026-09-12 05:35:54,51
1941,u163,c266,2026-09-04 06:34:45,81
1942,u175,c090,2026-09-30 19:04:09,118
1943,u029,c284,2026-09-22 05:43:34,228
1944,u192,c050,2026-09-04 09:01:59,15
1945,u098,c269,2026-09-05 15:52:22,119
1946,u167,c255,2026-09-25 23:41:59,22
1947,u127,c271,2026-09-10 18:22:51,153
1948,u112,c257,2026-09-10 17:57:09,40
1949,u022,c045,2026-09-18 13:27:44,63
1950,u069,c198,2026-09-26 11:30:11,113
1951,u149,c115,2026-09-09 15:16:31,128
1952,u168,c050,2026-09-15 09:02:48,186
1953,u030,c286,2026-09-18 17:52:48,205
1954,u017,c215,2026-09-26 21:33:06,236
1955,u167,c223,2026-09-29 03:52:25,155
1956,u200,c189,2026-09-09 11:08:35,127
1957,u148,c046,2026-09-04 19:03:10,49
1958,u056,c227,2026-09-18 20:28:59,93
1959,u164,c227,2026-09-28 08:09:26,92
1960,u008,c066,2026-09-22 06:36:38,14
1961,u121,c044,2026-09-19 17:59:18,60
1962,u038,c071,2026-09-28 13:26:39,19
1963,u160,c089,2026-09-05 23:10:22,214
1964,u145,c253,2026-09-29 15:08:44,227
1965,u008,c244,2026-09-16 09:40:02,181
1966,u086,c138,2026-09-28 06:38:28,71
1967,u082,c080,2026-09-02 12:59:25,75
1968,u086,c151,2026-09-04 12:45:56,94
1969,u049,c011,2026-09-02 05:09:25,175
1970,u180,c251,2026-09-06 17:17:16,47
1971,u179,c261,2026-09-17 08:34:07,27
1972,u158,c153,2026-09-22 02:54:05,75
1973,u038,c126,2026-09-19 18:35:48,89
1974,u154,c012,2026-09-27 09:44:20,72
1975,u196,c081,2026-09-10 14:40:17,38
1976,u111,c095,2026-09-20 20:13:42,154
1977,u029,c090,2026-09-11 10:35:46,71
1978,u103,c118,2026-09-14 08:21:17,77
1979,u006,c121,2026-09-16 18:07:47,107
1980,u070,c141,2026-09-06 07:47:03,111
1981,u175,c159,2026-09-25 08:47:38,112
1982,u012,c133,2026-09-18 21:38:37,51
1983,u114,c070,2026-09-15 15:16:41,108
1984,u197,c195,2026-09-23 17:41:00,12
1985,u169,c278,2026-09-29 18:46:16,68
1986,u008,c284,2026-09-07 10:00:40,49
1987,u120,c231,2026-09-25 16:26:19,73
1988,u029,c201,2026-09-04 14:56:05,168
1989,u039,c299,2026-09-27 20:23:38,30
1990,u090,c245,2026-09-26 17:52:31,152
1991,u077,c043,2026-09-11 00:42:40,207
1992,u077,c236,2026-09-11 18:46:42,97
1993,u002,c045,2026-09-21 08:43:12,27
1994,u117,c183,2026-09-13 18:33:09,68
1995,u103,c105,2026-09-16 11:44:37,90
1996,u093,c061,2026-09-12 19:43:41,126
1997,u059,c151,2026-09-21 12:09:30,216
1998,u164,c262,2026-09-22 20:12:38,36
1999,u190,c157,2026-09-05 07:48:49,30
2000,u002,c026,2026-09-25 16:27:22,22
2001,u165,c118,2026-09-16 06:22:55,182
2002,u066,c190,2026-09-09 20:07:54,54
2003,u147,c183,2026-09-16 08:38:38,94
2004,u168,c172,2026-09-16 21:32:43,168
2005,u066,c296,2026-09-20 17:23:15,139
2006,u197,c231,2026-09-12 00:27:16,44
2007,u092,c205,2026-09-20 18:20:42,43
2008,u199,c088,2026-09-02 20:54:44,78
2009,u048,c236,2026-09-23 16:54:03,42
2010,u099,c257,2026-09-29 09:22:10,110
2011,u154,c176,2026-09-28 19:00:50,204
2012,u167,c115,2026-09-13 12:11:03,110
2013,u123,c058,2026-09-30 19:27:41,43
2014,u131,c070,2026-09-25 15:26:42,173
2015,u172,c267,2026-09-03 17:30:18,70
2016,u160,c180,2026-09-11 12:57:45,105
2017,u093,c064,2026-09-23 09:16:34,247
2018,u087,c034,2026-09-23 21:54:55,128
2019,u106,c061,2026-09-14 14:56:30,169
2020,u134,c159,2026-09-27 12:03:26,149
2021,u134,c259,2026-09-20 13:10:53,202
2022,u046,c284,2026-09-13 18:19:31,58
2023,u172,c047,2026-09-21 09:39:15,39
2024,u034,c248,2026-09-19 13:07:38,126
2025,u003,c189,2026-09-25 07:35:24,68
2026,u059,c067,2026-09-05 08:17:11,202
2027,u192,c262,2026-09-29 07:22:59,77
2028,u104,c159,2026-09-11 08:09:52,315
2029,u037,c158,2026-09-21 06:10:29,21
2030,u196,c181,2026-09-30 02:01:27,54
2031,u065,c230,2026-09-21 11:56:11,275
2032,u019,c152,2026-09-07 15:23:54,21
2033,u078,c081,2026-09-17 13:12:30,122
2034,u193,c156,2026-09-27 08:04:02,92
2035,u174,c115,2026-09-12 13:49:49,107
2036,u139,c202,2026-09-13 17:58:12,40
2037,u054,c285,2026-09-24 11:14:41,173
2038,u093,c013,2026-09-07 18:39:20,102
2039,u061,c289,2026-09-14 19:42:50,134
2040,u009,c278,2026-09-26 06:09:32,118
2041,u097,c210,2026-09-05 12:27:49,227
2042,u166,c097,2026-09-27 22:08:45,207
2043,u053,c088,2026-09-11 06:06:08,87
2044,u156,c047,2026-09-05 08:57:02,113
2045,u175,c282,2026-09-06 18:19:38,158
2046,u164,c252,2026-09-28 06:31:37,61
2047,u019,c133,2026-09-22 07:55:25,80
2048,u118,c210,2026-09-11 12:13:00,165
2049,u159,c054,2026-09-24 09:46:37,116
2050,u097,c009,2026-09-21 14:35:18,191
2051,u141,c024,2026-09-21 19:46:58,136
2052,u087,c139,2026-09-11 18:47:56,127
2053,u031,c285,2026-09-12 11:26:56,63
2054,u143,c205,2026-09-04 20:23:49,143
2055,u132,c200,2026-09-29 19:00:37,89
2056,u063,c289,2026-09-07 10:46:47,52
2057,u017,c006,2026-09-03 17:26:39,255
2058,u075,c231,2026-09-19 13:41:32,95
2059,u026,c246,2026-09-17 10:48:28,133
2060,u117,c293,2026-09-12 13:45:14,106
2061,u115,c075,2026-09-08 16:56:17,36
2062,u031,c177,2026-09-05 14:46:28,152
2063,u127,c300,2026-09-11 21:42:43,205
2064,u059,c176,2026-09-22 09:48:26,61
2065,u093,c011,2026-09-16 06:25:42,96
2066,u105,c190,2026-09-14 20:57:57,47
2067,u039,c013,2026-09-17 16:47:59,128
2068,u075,c180,2026-09-30 17:40:57,65
2069,u078,c173,2026-09-22 18:56:06,295
2070,u101,c182,2026-09-01 19:50:19,234
2071,u113,c267,2026-09-25 22:58:04,114
2072,u116,c013,2026-09-23 06:16:34,210
2073,u090,c238,2026-09-26 15:11:28,150
2074,u174,c156,2026-09-10 09:39:47,192
2075,u146,c116,2026-09-12 14:42:22,104
2076,u122,c076,2026-09-14 12:04:56,130
2077,u184,c273,2026-09-08 10:49:08,12
2078,u077,c062,2026-09-11 23:36:50,151
2079,u026,c183,2026-09-18 18:51:18,65
2080,u196,c097,2026-09-19 16:47:40,66
2081,u078,c175,2026-09-28 14:49:05,100
2082,u171,c275,2026-09-27 13:58:31,14
2083,u150,c024,2026-09-08 15:24:39,105
2084,u056,c162,2026-09-21 13:33:18,289
2085,u156,c151,2026-09-09 10:58:42,141
2086,u189,c066,2026-09-18 08:56:12,94
2087,u054,c115,2026-09-19 12:56:52,76
2088,u137,c155,2026-09-13 08:13:30,39
2089,u056,c108,2026-09-04 11:13:51,161
2090,u131,c145,2026-09-04 18:02:38,205
2091,u166,c255,2026-09-17 19:31:56,136
2092,u106,c102,2026-09-03 20:25:16,200
2093,u191,c075,2026-09-18 16:57:16,56
2094,u030,c097,2026-09-18 17:20:09,30
2095,u047,c132,2026-09-13 19:56:03,26
2096,u118,c207,2026-09-10 15:39:39,171
2097,u015,c060,2026-09-08 11:44:29,16
2098,u047,c152,2026-09-18 11:13:14,69
2099,u157,c046,2026-09-21 01:33:13,64
2100,u196,c049,2026-09-07 17:09:00,12
2101,u142,c257,2026-09-20 18:51:53,97
2102,u017,c265,2026-09-25 15:44:03,158
2103,u065,c047,2026-09-16 09:54:35,92
2104,u128,c068,2026-09-29 10:06:56,170
2105,u124,c189,2026-09-14 20:43:50,38
2106,u038,c166,2026-09-03 12:18:43,187
2107,u018,c299,2026-09-30 19:21:39,62
2108,u131,c199,2026-09-22 19:45:15,178
2109,u054,c074,2026-09-26 10:36:37,35
2110,u118,c164,2026-09-30 13:29:32,132
2111,u114,c012,2026-09-13 15:45:01,136
2112,u093,c151,2026-09-12 09:06:22,25
2113,u042,c196,2026-09-14 17:43:56,20
2114,u087,c142,2026-09-10 07:41:46,103
2115,u106,c232,2026-09-14 20:42:28,64
2116,u076,c034,2026-09-27 16:59:54,140
2117,u193,c213,2026-09-20 23:12:08,22
2118,u175,c015,2026-09-12 10:45:29,38
2119,u071,c285,2026-09-13 07:38:11,73
2120,u167,c113,2026-09-09 06:28:49,176
2121,u168,c276,2026-09-21 02:19:20,199
2122,u154,c218,2026-09-16 15:27:19,16
2123,u074,c047,2026-09-11 06:35:09,107
2124,u162,c159,2026-09-20 08:46:32,159
2125,u077,c025,2026-09-03 22:02:12,27
2126,u137,c153,2026-09-01 12:13:53,132
2127,u070,c178,2026-09-14 16:11:51,10
2128,u078,c071,2026-09-01 12:47:19,218
2129,u138,c185,2026-09-30 05:05:39,73
2130,u077,c186,2026-09-14 05:39:27,210
2131,u113,c298,2026-09-19 14:40:35,181
2132,u181,c265,2026-09-12 21:29:40,47
2133,u188,c162,2026-09-12 12:40:30,223
2134,u079,c273,2026-09-17 23:09:07,140
2135,u101,c118,2026-09-29 04:15:24,172
2136,u108,c160,2026-09-26 12:34:59,134
2137,u158,c189,2026-09-10 08:24:16,59
2138,u150,c006,2026-09-27 15:49:37,164
2139,u144,c150,2026-09-29 22:51:53,197
2140,u097,c203,2026-09-23 13:42:38,115
2141,u084,c273,2026-09-04 08:17:24,93
2142,u006,c209,2026-09-23 08:32:20,236
2143,u059,c036,2026-09-10 17:55:53,69
2144,u098,c073,2026-09-11 19:21:32,89
2145,u002,c294,2026-09-25 11:37:15,74
2146,u090,c188,2026-09-28 15:07:03,254
2147,u059,c243,2026-09-12 04:10:57,180
2148,u116,c174,2026-09-01 02:50:25,37
2149,u044,c034,2026-09-29 12:16:47,169
2150,u076,c158,2026-09-29 11:12:37,21
2151,u106,c008,2026-09-19 19:18:40,39
2152,u191,c074,2026-09-26 07:32:26,303
2153,u062,c053,2026-09-04 19:08:11,165
2154,u153,c276,2026-09-11 07:02:39,57
2155,u015,c129,2026-09-20 07:07:15,146
2156,u157,c001,2026-09-29 16:07:41,156
2157,u029,c168,2026-09-03 06:42:47,49
2158,u152,c061,2026-09-11 19:55:19,210
2159,u084,c221,2026-09-23 09:10:06,238
2160,u142,c169,2026-09-01 18:47:25,188
2161,u123,c179,2026-09-29 10:39:59,91
2162,u119,c285,2026-09-10 07:41:40,18
2163,u047,c177,2026-09-14 03:36:50,77
2164,u132,c133,2026-09-24 06:45:33,29
2165,u098,c160,2026-09-16 10:27:13,15
2166,u188,c186,2026-09-14 11:25:29,199
2167,u181,c070,2026-09-12 20:39:56,264
2168,u173,c255,2026-09-26 08:41:09,42
2169,u189,c097,2026-09-13 18:35:10,106
2170,u113,c192,2026-09-30 10:16:37,157
2171,u099,c273,2026-09-21 16:20:00,147
2172,u195,c250,2026-09-22 10:33:29,258
2173,u150,c215,2026-09-27 13:11:22,202
2174,u070,c239,2026-09-24 10:40:01,131
2175,u042,c156,2026-09-25 13:17:18,164
2176,u098,c100,2026-09-08 12:48:15,59
2177,u011,c037,2026-09-07 11:34:37,264
2178,u179,c077,2026-09-23 14:57:23,119
2179,u179,c125,2026-09-28 13:27:34,75
2180,u081,c187,2026-09-13 05:23:03,97
2181,u075,c206,2026-09-17 19:28:14,15
2182,u081,c220,2026-09-29 16:59:01,29
2183,u037,c206,2026-09-06 08:19:20,169
2184,u077,c119,2026-09-06 07:59:46,111
2185,u150,c093,2026-09-18 07:49:40,84
2186,u155,c037,2026-09-05 05:20:14,277
2187,u109,c049,2026-09-11 13:44:44,76
2188,u028,c203,2026-09-05 22:36:02,61
2189,u081,c058,2026-09-23 21:44:13,105
2190,u009,c225,2026-09-11 12:36:35,141
2191,u006,c012,2026-09-27 21:55:31,164
2192,u066,c184,2026-09-07 02:22:54,80
2193,u096,c246,2026-09-09 16:23:23,146
2194,u162,c038,2026-09-22 06:31:10,14
2195,u110,c174,2026-09-22 18:30:09,67
2196,u028,c213,2026-09-04 17:00:08,109
2197,u091,c226,2026-09-30 08:30:40,174
2198,u118,c244,2026-09-28 09:31:16,150
2199,u026,c073,2026-09-20 14:21:01,170
2200,u042,c204,2026-09-14 20:33:47,36
2201,u035,c234,2026-09-10 13:27:04,207
2202,u099,c286,2026-09-10 20:17:31,137
2203,u048,c219,2026-09-28 17:11:41,235
2204,u147,c278,2026-09-21 05:25:26,28
2205,u141,c275,2026-09-30 12:30:40,79
2206,u196,c286,2026-09-29 20:06:33,151
2207,u162,c142,2026-09-23 12:17:42,98
2208,u083,c108,2026-09-20 15:41:56,173
2209,u088,c251,2026-09-17 11:34:53,67
2210,u077,c090,2026-09-30 09:06:09,43
2211,u037,c170,2026-09-27 12:37:32,97
2212,u003,c032,2026-09-22 12:31:28,153
2213,u179,c066,2026-09-12 21:35:11,30
2214,u092,c250,2026-09-14 11:45:00,27
2215,u035,c066,2026-09-04 11:57:30,65
2216,u103,c271,2026-09-29 11:33:21,75
2217,u128,c223,2026-09-24 13:47:02,116
2218,u023,c179,2026-09-29 13:00:55,195
2219,u046,c092,2026-09-15 07:52:26,97
2220,u111,c213,2026-09-05 21:07:12,35
2221,u110,c186,2026-09-17 19:08:39,36
2222,u199,c276,2026-09-26 20:00:59,43
2223,u098,c017,2026-09-22 05:13:08,190
2224,u199,c104,2026-09-04 12:06:40,20
2225,u175,c095,2026-09-12 08:39:25,170
2226,u063,c213,2026-09-17 19:02:56,192
2227,u139,c285,2026-09-09 16:07:03,266
2228,u103,c203,2026-09-20 21:18:54,92
2229,u174,c298,2026-09-04 20:27:25,64
2230,u098,c257,2026-09-12 10:54:08,214
2231,u107,c076,2026-09-02 22:18:58,129
2232,u159,c240,2026-09-22 13:31:36,91
2233,u174,c133,2026-09-03 13:43:41,90
2234,u019,c169,2026-09-21 22:07:07,251
2235,u150,c010,2026-09-21 04:21:08,83
2236,u058,c287,2026-09-11 19:53:27,164
2237,u029,c252,2026-09-14 17:58:55,205
2238,u069,c080,2026-09-18 23:31:11,198
2239,u059,c139,2026-09-06 12:57:37,49
2240,u035,c052,2026-09-03 19:45:29,167
2241,u018,c113,2026-09-23 20:29:59,42
2242,u076,c248,2026-09-28 16:05:09,24
2243,u157,c206,2026-09-22 14:51:01,130
2244,u070,c288,2026-09-04 21:20:28,178
2245,u044,c213,2026-09-25 08:28:34,301
2246,u059,c063,2026-09-05 09:47:59,77
2247,u138,c288,2026-09-17 18:45:36,104
2248,u037,c053,2026-09-10 06:30:10,26
2249,u017,c022,2026-09-21 20:56:15,99
2250,u137,c034,2026-09-16 06:18:18,275
2251,u116,c258,2026-09-09 22:33:29,15
2252,u156,c288,2026-09-14 12:44:53,18
2253,u116,c017,2026-09-09 15:57:26,129
2254,u180,c214,2026-09-22 06:36:12,181
2255,u096,c157,2026-09-08 21:21:09,159
2256,u152,c152,2026-09-14 19:20:21,92
2257,u086,c008,2026-09-07 17:10:52,259
2258,u114,c081,2026-09-05 10:42:54,88
2259,u119,c276,2026-09-08 18:16:32,233
2260,u082,c254,2026-09-27 19:00:28,112
2261,u185,c148,2026-09-09 15:18:31,86
2262,u069,c141,2026-09-26 07:07:18,41
2263,u147,c187,2026-09-08 03:24:33,116
2264,u150,c230,2026-09-05 21:11:25,21
2265,u031,c239,2026-09-21 16:34:31,285
2266,u144,c058,2026-09-13 19:15:19,102
2267,u197,c287,2026-09-24 19:46:37,85
2268,u015,c206,2026-09-17 19:12:41,144
2269,u192,c016,2026-09-22 12:51:17,27
2270,u002,c071,2026-09-03 13:34:34,225
2271,u019,c147,2026-09-25 10:49:32,146
2272,u057,c266,2026-09-14 15:07:30,56
2273,u128,c190,2026-09-12 17:18:10,19
2274,u088,c272,2026-09-23 06:42:33,102
2275,u072,c071,2026-09-11 10:00:20,107
2276,u092,c102,2026-09-07 11:17:13,155
2277,u175,c201,2026-09-09 23:40:56,156
2278,u078,c033,2026-09-16 03:38:45,157
2279,u047,c203,2026-09-23 12:36:21,178
2280,u109,c129,2026-09-22 22:54:43,89
2281,u117,c114,2026-09-07 18:29:36,192
2282,u013,c230,2026-09-06 01:31:38,157
2283,u008,c009,2026-09-22 06:22:56,138
2284,u199,c129,2026-09-19 22:57:15,126
2285,u108,c218,2026-09-13 09:56:59,76
2286,u138,c056,2026-09-15 09:04:41,109
2287,u189,c285,2026-09-11 09:33:15,217
2288,u178,c011,2026-09-26 08:44:59,240
2289,u029,c060,2026-09-23 09:42:13,63
2290,u124,c262,2026-09-13 11:40:03,33
2291,u092,c292,2026-09-21 18:05:13,212
2292,u044,c043,2026-09-16 11:24:53,15
2293,u059,c192,2026-09-17 10:19:54,96
2294,u133,c093,2026-09-21 08:40:22,203
2295,u030,c178,2026-09-25 19:56:56,40
2296,u109,c031,2026-09-07 06:13:37,280
2297,u137,c191,2026-09-19 12:47:01,58
2298,u107,c239,2026-09-16 08:17:35,18
2299,u063,c127,2026-09-16 11:27:14,166
2300,u106,c044,2026-09-04 18:17:21,188
2301,u166,c079,2026-09-23 12:42:07,58
2302,u195,c250,2026-09-20 20:13:25,135
2303,u049,c003,2026-09-17 20:08:55,134
2304,u184,c213,2026-09-15 18:53:45,49
2305,u084,c097,2026-09-25 08:41:48,214
2306,u130,c144,2026-09-17 18:01:00,102
2307,u048,c030,2026-09-22 10:23:00,290
2308,u097,c211,2026-09-16 13:41:10,170
2309,u124,c243,2026-09-12 20:01:15,122
2310,u073,c108,2026-09-08 18:23:48,162
2311,u068,c024,2026-09-15 07:51:08,85
2312,u095,c244,2026-09-16 12:19:17,178
2313,u185,c028,2026-09-12 19:17:48,96
2314,u019,c006,2026-09-13 17:23:06,234
2315,u090,c155,2026-09-20 13:23:45,32
2316,u179,c037,2026-09-22 19:47:25,259
2317,u089,c169,2026-09-29 21:53:32,255
2318,u157,c171,2026-09-02 19:01:54,239
2319,u127,c039,2026-09-21 08:12:27,57
2320,u123,c158,2026-09-04 23:51:57,30
2321,u101,c284,2026-09-06 10:49:50,66
2322,u137,c287,2026-09-22 15:03:55,208
2323,u017,c206,2026-09-30 16:03:37,186
2324,u050,c071,2026-09-25 10:56:43,47
2325,u024,c147,2026-09-29 11:51:05,184
2326,u155,c017,2026-09-26 04:41:47,130
2327,u093,c106,2026-09-26 11:19:33,41
2328,u059,c201,2026-09-14 10:05:44,116
2329,u037,c150,2026-09-22 12:15:46,91
2330,u135,c180,2026-09-22 07:35:55,78
2331,u185,c171,2026-09-05 17:04:56,234
2332,u082,c234,2026-09-04 04:05:48,196
2333,u082,c286,2026-09-10 14:17:27,277
2334,u076,c203,2026-09-24 17:27:27,182
2335,u078,c012,2026-09-24 20:44:03,98
2336,u185,c285,2026-09-19 10:10:47,67
2337,u167,c097,2026-09-04 07:47:36,48
2338,u174,c068,2026-09-11 10:11:54,75
2339,u127,c213,2026-09-07 06:12:13,57
2340,u150,c161,2026-09-07 20:07:29,62
2341,u175,c063,2026-09-03 20:21:08,138
2342,u145,c132,2026-09-29 23:03:05,73
2343,u160,c066,2026-09-08 11:03:32,82
2344,u100,c196,2026-09-27 11:33:52,23
2345,u129,c110,2026-09-05 11:27:35,161
2346,u168,c189,2026-09-20 18:03:01,110
2347,u122,c088,2026-09-15 11:12:16,74
2348,u199,c158,2026-09-06 18:46:57,161
2349,u101,c299,2026-09-17 09:52:01,107
2350,u121,c240,2026-09-18 10:35:46,49
2351,u113,c296,2026-09-04 16:29:58,88
2352,u103,c171,2026-09-12 06:32:56,48
2353,u195,c151,2026-09-16 20:43:58,116
2354,u082,c170,2026-09-24 22:41:39,92
2355,u089,c220,2026-09-08 15:30:01,100
2356,u132,c071,2026-09-10 23:52:33,180
2357,u087,c284,2026-09-16 19:08:30,158
2358,u030,c173,2026-09-08 07:50:23,79
2359,u067,c242,2026-09-23 13:50:21,101
2360,u104,c207,2026-09-08 18:44:41,71
2361,u057,c286,2026-09-27 21:04:52,199
2362,u031,c028,2026-09-05 17:36:16,33
2363,u040,c205,2026-09-15 00:42:47,223
2364,u028,c244,2026-09-17 16:12:55,78
2365,u197,c129,2026-09-22 09:56:37,47
2366,u007,c038,2026-09-18 23:43:16,104
2367,u016,c063,2026-09-21 16:04:58,131
2368,u092,c142,2026-09-13 20:24:55,44
2369,u123,c138,2026-09-18 07:26:59,124
2370,u090,c200,2026-09-01 13:00:19,79
2371,u003,c076,2026-09-16 21:11:44,68
2372,u049,c062,2026-09-28 04:14:54,24
2373,u016,c196,2026-09-11 21:11:45,63
2374,u088,c037,2026-09-16 10:32:16,243
2375,u185,c049,2026-09-14 06:14:44,55
2376,u031,c203,2026-09-11 11:13:47,102
2377,u030,c248,2026-09-11 21:18:41,201
2378,u086,c141,2026-09-11 20:59:53,12
2379,u037,c244,2026-09-22 18:31:20,109
2380,u054,c078,2026-09-11 12:17:34,42
2381,u132,c083,2026-09-27 19:28:04,77
2382,u117,c206,2026-09-05 10:28:23,122
2383,u108,c236,2026-09-05 18:26:48,250
2384,u124,c211,2026-09-03 13:22:11,119
2385,u006,c151,2026-09-28 07:20:25,114
2386,u111,c155,2026-09-20 21:37:55,81
2387,u097,c215,2026-09-01 17:19:27,233
2388,u047,c170,2026-09-11 09:16:06,36
2389,u011,c080,2026-09-10 19:15:58,81
2390,u011,c021,2026-09-19 10:33:46,106
2391,u169,c234,2026-09-16 18:42:36,106
2392,u139,c195,2026-09-13 11:51:51,73
2393,u191,c157,2026-09-18 16:52:15,136
2394,u160,c183,2026-09-10 13:16:38,214
2395,u069,c200,2026-09-24 08:32:48,73
2396,u023,c069,2026-09-13 21:14:16,38
2397,u054,c238,2026-09-03 20:57:20,19
2398,u127,c114,2026-09-06 18:15:10,124
2399,u059,c013,2026-09-24 17:20:18,101
2400,u062,c127,2026-09-16 19:09:29,97
2401,u011,c236,2026-09-16 17:21:51,263
2402,u156,c074,2026-09-22 09:10:57,300
2403,u053,c027,2026-09-05 20:43:33,225
2404,u079,c199,2026-09-20 11:56:05,143
2405,u039,c082,2026-09-19 15:11:41,261
2406,u171,c033,2026-09-13 13:11:02,36
2407,u095,c261,2026-09-21 15:11:37,154
2408,u031,c211,2026-09-11 19:03:20,77
2409,u093,c186,2026-09-11 13:17:00,81
2410,u113,c060,2026-09-28 07:53:33,205
2411,u028,c275,2026-09-29 16:01:10,179
2412,u166,c144,2026-09-21 22:30:42,29
2413,u187,c276,2026-09-08 11:13:23,160
2414,u180,c009,2026-09-17 18:46:35,198
2415,u155,c248,2026-09-28 10:04:57,264
2416,u011,c150,2026-09-16 08:24:32,76
2417,u076,c291,2026-09-03 16:12:16,140
2418,u084,c158,2026-09-02 16:57:15,28
2419,u117,c285,2026-09-29 09:04:52,95
2420,u168,c164,2026-09-30 17:52:53,135
2421,u153,c046,2026-09-22 16:33:43,93
2422,u154,c267,2026-09-22 21:00:18,97
2423,u113,c243,2026-09-16 16:43:51,124
2424,u097,c088,2026-09-25 20:37:02,50
2425,u053,c033,2026-09-25 09:16:48,71
2426,u095,c170,2026-09-06 13:33:07,84
2427,u095,c248,2026-09-21 18:38:54,187
2428,u174,c150,2026-09-17 07:50:02,171
2429,u026,c171,2026-09-28 06:25:50,11
2430,u186,c183,2026-09-09 16:34:44,79
2431,u108,c085,2026-09-12 18:03:06,136
2432,u070,c215,2026-09-05 17:55:34,126
2433,u045,c014,2026-09-03 13:03:08,59
2434,u095,c090,2026-09-10 15:44:13,124
2435,u169,c050,2026-09-15 15:43:52,81
2436,u087,c179,2026-09-25 15:22:47,197
2437,u161,c152,2026-09-04 06:54:09,151
2438,u087,c034,2026-09-04 11:03:31,285
2439,u081,c122,2026-09-20 14:04:38,83
2440,u058,c034,2026-09-01 09:06:48,279
2441,u157,c129,2026-09-09 15:46:14,91
2442,u054,c068,2026-09-02 12:20:42,244
2443,u169,c095,2026-09-13 14:21:21,208
2444,u145,c268,2026-09-14 13:33:44,13
2445,u141,c105,2026-09-25 18:45:36,134
2446,u157,c227,2026-09-22 18:56:25,139
2447,u004,c102,2026-09-12 16:37:41,93
2448,u088,c179,2026-09-28 15:07:07,32
2449,u144,c142,2026-09-01 13:09:39,98
2450,u159,c151,2026-09-10 07:52:16,232
2451,u067,c022,2026-09-23 02:17:03,116
2452,u048,c269,2026-09-18 11:31:39,36
2453,u012,c168,2026-09-25 14:55:34,71
2454,u035,c012,2026-09-18 21:15:00,86
2455,u071,c043,2026-09-16 08:33:19,77
2456,u006,c035,2026-09-25 08:57:13,170
2457,u022,c034,2026-09-04 16:13:00,168
2458,u046,c091,2026-09-19 20:54:04,101
2459,u037,c245,2026-09-25 07:52:08,28
2460,u070,c085,2026-09-26 15:28:24,18
2461,u112,c266,2026-09-15 05:48:40,191
2462,u031,c032,2026-09-06 13:05:50,312
2463,u146,c236,2026-09-06 20:30:58,47
2464,u100,c283,2026-09-27 17:48:06,87
2465,u064,c168,2026-09-30 07:43:06,10
2466,u111,c291,2026-09-01 08:26:55,148
2467,u081,c299,2026-09-06 08:29:02,134
2468,u017,c228,2026-09-26 18:03:29,97
2469,u111,c225,2026-09-19 11:54:05,218
2470,u041,c257,2026-09-18 14:10:48,289
2471,u137,c139,2026-09-17 02:18:18,112
2472,u115,c268,2026-09-23 23:00:34,79
2473,u018,c048,2026-09-10 16:51:23,78
2474,u118,c155,2026-09-29 17:56:59,54
2475,u030,c237,2026-09-11 14:30:06,82
2476,u120,c186,2026-09-24 22:14:51,198
2477,u066,c177,2026-09-25 08:09:13,161
2478,u088,c288,2026-09-07 18:26:01,12
2479,u127,c001,2026-09-03 21:12:28,20
2480,u099,c102,2026-09-11 13:41:30,161
2481,u101,c155,2026-09-10 05:48:13,96
2482,u175,c229,2026-09-13 11:45:27,122
2483,u019,c271,2026-09-24 14:43:16,12
2484,u091,c300,2026-09-27 20:06:36,39
2485,u007,c136,2026-09-01 11:05:51,183
2486,u116,c035,2026-09-10 00:44:21,50
2487,u095,c291,2026-09-19 20:26:09,195
2488,u139,c244,2026-09-11 18:11:26,173
2489,u179,c088,2026-09-28 05:13:43,28
2490,u103,c003,2026-09-07 18:04:19,83
2491,u196,c082,2026-09-01 15:40:13,194
2492,u158,c061,2026-09-11 14:01:21,54
2493,u133,c246,2026-09-20 14:04:48,25
2494,u146,c133,2026-09-17 07:03:38,93
2495,u096,c012,2026-09-12 14:12:13,215
2496,u053,c147,2026-09-23 18:27:37,162
2497,u103,c042,2026-09-06 11:54:05,115
2498,u098,c190,2026-09-03 14:56:29,94
2499,u176,c267,2026-09-03 20:29:56,129
2500,u197,c142,2026-09-08 06:06:58,19
2501,u111,c074,2026-09-24 22:08:13,95
2502,u136,c155,2026-09-20 20:07:19,94
2503,u094,c083,2026-09-16 14:36:16,123
2504,u158,c082,2026-09-06 20:23:23,213
2505,u101,c044,2026-09-15 13:09:29,129
2506,u072,c132,2026-09-20 13:47:45,61
2507,u088,c206,2026-09-20 22:41:23,154
2508,u049,c276,2026-09-19 12:07:52,223
2509,u169,c111,2026-09-25 18:25:01,266
2510,u101,c025,2026-09-19 15:31:51,91
2511,u121,c011,2026-09-14 08:22:05,226
2512,u179,c284,2026-09-17 19:07:13,125
2513,u066,c171,2026-09-10 20:23:34,44
2514,u164,c204,2026-09-04 17:28:52,200
2515,u048,c174,2026-09-02 17:47:46,44
2516,u141,c287,2026-09-24 17:38:35,102
2517,u185,c201,2026-09-21 18:55:01,123
2518,u042,c233,2026-09-01 19:59:24,190
2519,u153,c269,2026-09-04 17:55:14,46
2520,u092,c207,2026-09-14 15:20:28,168
2521,u142,c287,2026-09-29 18:33:16,46
2522,u153,c075,2026-09-27 13:38:35,175
2523,u002,c009,2026-09-04 13:27:10,195
2524,u174,c022,2026-09-14 21:25:27,51
2525,u050,c052,2026-09-03 10:37:56,42
2526,u139,c103,2026-09-16 18:59:39,167
2527,u193,c284,2026-09-21 08:55:26,124
2528,u187,c206,2026-09-04 11:49:00,31
2529,u070,c012,2026-09-08 13:43:54,129
2530,u185,c286,2026-09-20 08:06:42,77
2531,u062,c082,2026-09-26 07:53:48,308
2532,u080,c265,2026-09-16 14:42:48,269
2533,u131,c074,2026-09-19 23:11:28,158
2534,u165,c267,2026-09-04 21:48:34,51
2535,u163,c044,2026-09-27 23:10:34,174
2536,u026,c156,2026-09-27 13:32:05,182
2537,u098,c300,2026-09-09 20:21:58,191
2538,u090,c182,2026-09-07 06:12:16,141
2539,u101,c218,2026-09-19 13:52:06,155
2540,u124,c149,2026-09-30 17:15:46,77
2541,u067,c056,2026-09-07 11:09:46,26
2542,u084,c026,2026-09-21 22:39:41,92
2543,u113,c188,2026-09-14 14:11:16,146
2544,u144,c221,2026-09-25 18:48:04,108
2545,u076,c083,2026-09-26 16:08:05,54
2546,u046,c020,2026-09-01 08:45:59,156
2547,u165,c122,2026-09-25 19:57:32,165
2548,u016,c083,2026-09-02 21:53:04,127
2549,u188,c189,2026-09-14 10:15:05,29
2550,u090,c027,2026-09-03 14:26:56,232
2551,u092,c201,2026-09-10 06:14:09,168
2552,u029,c286,2026-09-20 19:46:37,101
2553,u141,c209,2026-09-25 19:01:40,114
2554,u050,c115,2026-09-28 17:39:36,175
2555,u195,c038,2026-09-05 19:43:32,18
2556,u089,c125,2026-09-23 18:40:00,145
2557,u017,c012,2026-09-06 19:52:18,23
2558,u178,c129,2026-09-29 21:08:42,131
2559,u139,c239,2026-09-08 11:09:48,183
2560,u160,c258,2026-09-08 09:15:13,23
2561,u168,c125,2026-09-03 19:06:35,132
2562,u054,c120,2026-09-13 10:25:12,102
2563,u017,c054,2026-09-30 05:01:48,165
2564,u143,c183,2026-09-04 15:25:00,56
2565,u146,c152,2026-09-21 17:14:45,112
2566,u164,c148,2026-09-15 07:31:11,144
2567,u076,c020,2026-09-24 20:45:19,166
2568,u025,c209,2026-09-23 08:18:33,30
2569,u063,c088,2026-09-10 06:19:23,122
2570,u083,c068,2026-09-18 23:22:13,61
2571,u101,c201,2026-09-17 14:01:07,37
2572,u117,c236,2026-09-08 05:40:45,125
2573,u056,c151,2026-09-01 12:41:18,134
2574,u049,c092,2026-09-08 18:40:44,114
2575,u058,c156,2026-09-14 20:12:19,13
2576,u052,c051,2026-09-30 15:34:11,257
2577,u108,c097,2026-09-21 13:53:00,123
2578,u057,c081,2026-09-14 13:19:38,18
2579,u117,c033,2026-09-26 15:21:20,58
2580,u175,c024,2026-09-18 20:17:16,54
2581,u142,c086,2026-09-14 16:42:10,165
2582,u078,c154,2026-09-03 18:41:38,22
2583,u156,c036,2026-09-26 23:49:21,83
2584,u185,c053,2026-09-02 19:50:37,98
2585,u116,c158,2026-09-25 16:13:50,160
2586,u048,c129,2026-09-13 15:08:54,92
2587,u199,c246,2026-09-22 07:45:59,103
2588,u096,c015,2026-09-12 09:52:05,25
2589,u166,c180,2026-09-20 23:53:45,82
2590,u104,c108,2026-09-13 12:17:27,220
2591,u121,c066,2026-09-11 22:18:13,114
2592,u182,c182,2026-09-07 19:00:36,155
2593,u072,c219,2026-09-02 13:02:34,158
2594,u042,c035,2026-09-11 11:28:12,200
2595,u133,c028,2026-09-26 15:35:43,30
2596,u072,c287,2026-09-28 15:01:10,109
2597,u022,c075,2026-09-10 11:55:31,14
2598,u159,c102,2026-09-06 16:34:20,104
2599,u046,c239,2026-09-03 11:39:00,67
2600,u145,c205,2026-09-25 18:36:46,186
2601,u003,c047,2026-09-18 16:57:39,100
2602,u146,c110,2026-09-17 16:29:08,127
2603,u049,c043,2026-09-08 15:42:29,11
2604,u060,c203,2026-09-07 05:16:04,79
2605,u139,c003,2026-09-16 09:44:03,233
2606,u060,c152,2026-09-16 08:28:39,202
2607,u033,c133,2026-09-21 10:08:48,18
2608,u131,c278,2026-09-02 12:29:52,94
2609,u044,c218,2026-09-23 12:58:35,59
2610,u123,c082,2026-09-08 15:41:24,188
2611,u110,c236,2026-09-19 08:38:51,53
2612,u160,c017,2026-09-09 18:40:30,226
2613,u106,c202,2026-09-05 03:20:35,25
2614,u180,c239,2026-09-04 10:41:52,73
2615,u044,c177,2026-09-28 17:55:11,40
2616,u008,c153,2026-09-16 14:21:28,82
2617,u104,c286,2026-09-04 22:25:38,248
2618,u061,c244,2026-09-23 21:34:45,41
2619,u116,c294,2026-09-13 18:44:54,42
2620,u160,c072,2026-09-05 20:01:24,110
2621,u053,c211,2026-09-01 05:06:34,22
2622,u058,c033,2026-09-19 19:53:45,156
2623,u054,c159,2026-09-07 21:36:45,33
2624,u134,c047,2026-09-17 23:46:14,195
2625,u011,c085,2026-09-16 09:18:01,66
2626,u144,c129,2026-09-06 20:22:14,127
2627,u192,c137,2026-09-07 14:36:18,189
2628,u119,c190,2026-09-18 12:09:48,22
2629,u197,c186,2026-09-21 20:02:34,158
2630,u015,c273,2026-09-02 10:08:42,145
2631,u047,c298,2026-09-23 17:36:16,168
2632,u160,c067,2026-09-19 22:01:11,71
2633,u094,c186,2026-09-07 19:33:41,33
2634,u066,c151,2026-09-26 11:13:52,94
2635,u028,c031,2026-09-04 18:28:40,41
2636,u090,c257,2026-09-02 07:40:53,100
2637,u154,c209,2026-09-17 20:11:45,280
2638,u172,c266,2026-09-23 15:11:11,135
2639,u172,c173,2026-09-09 07:40:04,126
2640,u077,c245,2026-09-30 21:53:43,203
2641,u058,c074,2026-09-24 09:24:49,181
2642,u019,c214,2026-09-16 10:21:39,177
2643,u188,c044,2026-09-20 20:59:54,173
2644,u101,c038,2026-09-03 12:41:38,221
2645,u200,c286,2026-09-11 18:34:07,204
2646,u059,c204,2026-09-16 09:01:43,167
2647,u062,c044,2026-09-04 06:16:41,170
2648,u112,c236,2026-09-04 07:47:15,29
2649,u059,c003,2026-09-07 00:01:00,260
2650,u175,c201,2026-09-29 10:14:39,171
2651,u154,c179,2026-09-04 10:42:23,116
2652,u152,c063,2026-09-21 11:42:51,74
2653,u048,c009,2026-09-14 13:02:57,148
2654,u108,c276,2026-09-23 16:18:59,268
2655,u099,c241,2026-09-13 14:39:06,221
2656,u025,c207,2026-09-25 14:45:34,156
2657,u087,c008,2026-09-17 11:12:57,261
2658,u130,c265,2026-09-05 10:56:35,289
2659,u087,c152,2026-09-02 19:22:36,108
2660,u066,c118,2026-09-20 09:25:15,15
2661,u003,c014,2026-09-08 19:59:12,136
2662,u167,c141,2026-09-29 13:53:25,107
2663,u108,c060,2026-09-29 17:17:03,162
2664,u078,c187,2026-09-17 12:00:32,157
2665,u185,c234,2026-09-12 12:12:46,47
2666,u010,c257,2026-09-16 10:50:32,99
2667,u127,c193,2026-09-01 21:34:09,198
2668,u156,c122,2026-09-21 10:06:51,37
2669,u063,c028,2026-09-13 06:08:58,129
2670,u023,c281,2026-09-08 10:02:56,112
2671,u002,c067,2026-09-19 13:38:52,50
2672,u121,c151,2026-09-24 11:19:47,47
2673,u058,c219,2026-09-06 18:35:27,186
2674,u035,c178,2026-09-02 18:38:33,231
2675,u197,c254,2026-09-03 11:58:46,199
2676,u023,c190,2026-09-01 16:54:09,113
2677,u008,c266,2026-09-18 15:51:28,69
2678,u071,c090,2026-09-16 12:56:27,213
2679,u084,c246,2026-09-12 10:53:26,28
2680,u056,c270,2026-09-19 13:00:08,156
2681,u145,c156,2026-09-09 05:21:45,29
2682,u154,c239,2026-09-24 11:16:17,202
2683,u159,c238,2026-09-28 13:09:50,132
2684,u197,c186,2026-09-05 16:02:15,160
2685,u073,c090,2026-09-16 09:34:28,91
2686,u085,c037,2026-09-01 14:02:36,128
2687,u157,c288,2026-09-16 14:59:06,253
2688,u106,c025,2026-09-10 03:34:07,110
2689,u111,c276,2026-09-04 16:07:32,23
2690,u054,c082,2026-09-02 20:49:45,204
2691,u142,c254,2026-09-04 20:14:58,191
2692,u087,c157,2026-09-27 12:20:59,124
2693,u114,c050,2026-09-01 14:16:31,27
2694,u061,c265,2026-09-25 19:34:07,195
2695,u005,c035,2026-09-03 07:33:26,149
2696,u105,c248,2026-09-30 22:24:53,158
2697,u111,c213,2026-09-12 14:09:45,143
2698,u171,c017,2026-09-01 08:25:46,51
2699,u097,c198,2026-09-04 06:41:10,95
2700,u035,c263,2026-09-19 21:24:47,50
2701,u190,c221,2026-09-12 08:58:19,144
2702,u146,c196,2026-09-09 10:33:20,152
2703,u118,c138,2026-09-07 18:42:47,205
2704,u058,c187,2026-09-19 06:11:18,70
2705,u153,c034,2026-09-15 07:46:54,202
2706,u086,c089,2026-09-09 13:16:01,195
2707,u042,c073,2026-09-23 07:36:55,106
2708,u082,c196,2026-09-06 08:10:14,176
2709,u071,c005,2026-09-11 06:18:55,142
2710,u062,c082,2026-09-09 12:35:48,41
2711,u166,c166,2026-09-02 17:32:20,199
2712,u191,c043,2026-09-10 13:33:28,103
2713,u152,c273,2026-09-17 11:57:59,142
2714,u174,c082,2026-09-30 14:52:55,40
2715,u096,c266,2026-09-15 19:23:19,31
2716,u031,c203,2026-09-09 17:16:16,93
2717,u154,c118,2026-09-26 06:30:05,82
2718,u034,c048,2026-09-09 10:38:53,207
2719,u049,c012,2026-09-08 23:49:11,84
2720,u175,c147,2026-09-24 02:39:44,59
2721,u094,c068,2026-09-30 04:24:15,217
2722,u120,c024,2026-09-07 09:01:33,28
2723,u011,c158,2026-09-26 09:01:47,14
2724,u127,c206,2026-09-11 18:37:33,62
2725,u044,c228,2026-09-14 19:15:45,118
2726,u035,c102,2026-09-03 12:18:53,131
2727,u137,c177,2026-09-01 20:27:09,50
2728,u169,c118,2026-09-20 20:11:35,101
2729,u073,c244,2026-09-25 11:17:08,193
2730,u150,c091,2026-09-03 16:43:04,17
2731,u028,c287,2026-09-23 05:13:49,150
2732,u112,c181,2026-09-26 20:06:59,46
2733,u150,c281,2026-09-24 18:21:31,31
2734,u039,c294,2026-09-02 20:18:38,124
2735,u169,c220,2026-09-23 13:05:59,14
2736,u082,c024,2026-09-13 12:25:34,133
2737,u126,c092,2026-09-07 10:14:07,203
2738,u046,c087,2026-09-08 17:24:58,29
2739,u139,c034,2026-09-05 08:21:34,294
2740,u166,c172,2026-09-03 12:57:28,195
2741,u162,c089,2026-09-09 09:48:10,280
2742,u006,c276,2026-09-27 06:50:23,196
2743,u166,c180,2026-09-07 14:10:11,85
2744,u096,c205,2026-09-17 09:10:04,241
2745,u133,c011,2026-09-30 16:06:52,133
2746,u179,c240,2026-09-18 17:18:19,98
2747,u167,c072,2026-09-14 09:07:41,162
2748,u093,c295,2026-09-14 23:41:48,230
2749,u109,c009,2026-09-14 14:35:37,81
2750,u092,c087,2026-09-23 08:59:06,101
2751,u056,c266,2026-09-26 04:04:19,45
2752,u034,c159,2026-09-14 16:14:28,170
2753,u161,c142,2026-09-12 09:41:38,59
2754,u143,c073,2026-09-23 18:19:58,84
2755,u114,c017,2026-09-07 17:58:32,216
2756,u030,c279,2026-09-08 10:15:38,35
2757,u106,c220,2026-09-15 07:03:22,22
2758,u132,c075,2026-09-01 14:03:02,59
2759,u134,c054,2026-09-22 19:11:01,101
2760,u147,c103,2026-09-20 11:50:42,74
2761,u185,c056,2026-09-21 08:20:28,218
2762,u089,c139,2026-09-12 16:54:04,86
2763,u118,c281,2026-09-28 13:11:14,87
2764,u124,c022,2026-09-06 18:17:32,84
2765,u189,c118,2026-09-13 17:36:23,13
2766,u022,c113,2026-09-28 09:35:56,50
2767,u054,c171,2026-09-10 19:39:28,84
2768,u195,c209,2026-09-13 13:45:02,131
2769,u121,c184,2026-09-17 19:55:42,161
2770,u074,c267,2026-09-05 08:19:41,124
2771,u046,c215,2026-09-16 23:56:05,254
2772,u095,c139,2026-09-14 07:42:39,135
2773,u113,c286,2026-09-24 15:04:13,156
2774,u199,c235,2026-09-19 16:54:22,51
2775,u073,c231,2026-09-15 11:40:10,67
2776,u072,c155,2026-09-18 12:56:48,84
2777,u191,c172,2026-09-13 19:35:32,155
2778,u134,c180,2026-09-17 18:54:00,91
2779,u110,c267,2026-09-11 17:08:11,16
2780,u072,c047,2026-09-24 16:37:15,31
2781,u110,c245,2026-09-27 06:10:11,211
2782,u126,c031,2026-09-02 12:12:57,31
2783,u067,c204,2026-09-09 16:04:50,154
2784,u086,c300,2026-09-13 11:41:25,109
2785,u104,c115,2026-09-26 16:17:11,174
2786,u134,c207,2026-09-05 11:33:55,84
2787,u048,c203,2026-09-13 22:27:22,202
2788,u019,c188,2026-09-04 14:59:10,164
2789,u029,c088,2026-09-29 14:42:33,29
2790,u167,c071,2026-09-02 22:27:07,96
2791,u050,c294,2026-09-28 23:37:00,70
2792,u092,c169,2026-09-16 18:23:41,19
2793,u006,c022,2026-09-29 12:44:26,64
2794,u028,c243,2026-09-19 08:58:45,208
2795,u073,c292,2026-09-13 21:27:34,169
2796,u167,c086,2026-09-13 10:48:31,138
2797,u127,c187,2026-09-19 17:03:14,100
2798,u189,c116,2026-09-28 08:12:29,22
2799,u027,c148,2026-09-24 21:01:03,76
2800,u166,c183,2026-09-08 10:27:15,54
2801,u175,c201,2026-09-28 13:41:34,105
2802,u051,c262,2026-09-15 18:34:49,47
2803,u156,c062,2026-09-03 21:26:47,193
2804,u071,c233,2026-09-07 13:17:48,109
2805,u023,c238,2026-09-16 11:47:44,94
2806,u124,c158,2026-09-29 20:21:02,27
2807,u197,c035,2026-09-05 09:16:19,111
2808,u065,c166,2026-09-29 19:55:27,162
2809,u128,c299,2026-09-10 21:58:09,53
2810,u173,c067,2026-09-08 19:55:22,19
2811,u150,c221,2026-09-23 20:52:22,61
2812,u040,c075,2026-09-14 17:14:39,26
2813,u035,c060,2026-09-02 08:35:01,238
2814,u027,c052,2026-09-21 18:26:05,223
2815,u120,c009,2026-09-12 08:12:59,38
2816,u089,c136,2026-09-04 19:39:19,24
2817,u103,c271,2026-09-14 16:21:15,157
2818,u185,c169,2026-09-06 19:28:54,88
2819,u019,c170,2026-09-11 10:04:37,27
2820,u087,c246,2026-09-23 19:06:08,138
2821,u111,c230,2026-09-04 20:06:58,285
2822,u059,c151,2026-09-08 20:02:19,125
2823,u150,c003,2026-09-17 17:28:15,275
2824,u084,c236,2026-09-25 17:24:53,267
2825,u114,c205,2026-09-22 09:53:08,151
2826,u159,c036,2026-09-29 23:41:45,48
2827,u011,c129,2026-09-20 13:51:21,109
2828,u145,c047,2026-09-07 10:43:09,13
2829,u172,c213,2026-09-16 21:24:42,302
2830,u197,c165,2026-09-14 18:26:17,36
2831,u145,c234,2026-09-09 18:00:08,161
2832,u171,c115,2026-09-04 20:50:36,139
2833,u154,c020,2026-09-13 08:31:56,149
2834,u149,c207,2026-09-10 15:50:00,115
2835,u083,c017,2026-09-09 05:22:27,54
2836,u154,c273,2026-09-02 15:41:27,114
2837,u120,c187,2026-09-02 18:55:45,132
2838,u064,c240,2026-09-18 16:31:04,185
2839,u176,c093,2026-09-13 02:26:14,194
2840,u152,c215,2026-09-22 08:14:03,54
2841,u054,c202,2026-09-05 09:42:56,168
2842,u150,c014,2026-09-08 16:53:59,73
2843,u017,c244,2026-09-16 17:33:21,156
2844,u082,c074,2026-09-02 20:43:35,137
2845,u088,c220,2026-09-09 16:01:01,50
2846,u012,c262,2026-09-23 08:48:47,82
2847,u082,c133,2026-09-19 14:09:47,57
2848,u119,c251,2026-09-21 07:05:19,35
2849,u013,c288,2026-09-10 10:56:33,177
2850,u163,c197,2026-09-10 18:12:05,110
2851,u106,c092,2026-09-19 14:45:52,124
2852,u168,c288,2026-09-08 12:26:09,110
2853,u093,c197,2026-09-08 15:50:08,135
2854,u011,c049,2026-09-06 21:20:14,111
2855,u103,c074,2026-09-16 15:01:14,266
2856,u022,c126,2026-09-25 19:25:42,118
2857,u026,c239,2026-09-27 12:44:13,81
2858,u127,c165,2026-09-18 10:13:24,68
2859,u069,c180,2026-09-21 21:48:51,45
2860,u089,c211,2026-09-29 22:29:43,43
2861,u159,c051,2026-09-18 21:18:02,86
2862,u072,c247,2026-09-15 01:42:44,73
2863,u031,c205,2026-09-09 12:45:02,175
2864,u141,c262,2026-09-20 13:10:30,90
2865,u088,c276,2026-09-11 07:00:24,49
2866,u113,c010,2026-09-18 13:44:59,51
2867,u175,c237,2026-09-18 04:27:07,324
2868,u133,c180,2026-09-22 12:09:31,77
2869,u134,c180,2026-09-29 07:16:40,95
2870,u047,c112,2026-09-30 18:07:01,131
2871,u005,c293,2026-09-28 14:55:13,75
2872,u134,c164,2026-09-04 22:21:10,191
2873,u186,c088,2026-09-13 08:34:10,22
2874,u197,c214,2026-09-01 12:48:59,322
2875,u071,c044,2026-09-07 23:29:16,174
2876,u118,c157,2026-09-07 08:59:39,179
2877,u191,c156,2026-09-19 18:36:13,188
2878,u094,c154,2026-09-21 18:30:02,14
2879,u161,c263,2026-09-10 08:52:37,86
2880,u175,c071,2026-09-08 04:26:59,60
2881,u013,c293,2026-09-19 12:15:37,41
2882,u166,c122,2026-09-30 20:51:31,105
2883,u031,c204,2026-09-10 08:24:24,129
2884,u132,c133,2026-09-14 00:02:10,109
2885,u108,c111,2026-09-14 10:52:55,171
2886,u067,c132,2026-09-08 20:59:32,34
2887,u181,c282,2026-09-04 10:41:37,308
2888,u191,c194,2026-09-12 20:34:53,182
2889,u037,c117,2026-09-25 19:32:18,218
2890,u053,c213,2026-09-01 09:52:12,271
2891,u022,c150,2026-09-13 19:40:02,221
2892,u041,c015,2026-09-06 10:36:00,160
2893,u106,c240,2026-09-11 13:54:17,137
2894,u006,c156,2026-09-22 12:56:00,46
2895,u126,c201,2026-09-30 10:14:59,109
2896,u104,c223,2026-09-11 18:01:18,44
2897,u003,c115,2026-09-23 05:35:11,13
2898,u054,c086,2026-09-06 17:32:33,264
2899,u034,c215,2026-09-03 15:51:22,99
2900,u117,c092,2026-09-10 14:19:50,101
2901,u155,c102,2026-09-13 11:23:06,146
2902,u110,c230,2026-09-19 12:34:37,85
2903,u153,c074,2026-09-17 11:05:15,315
2904,u116,c121,2026-09-22 13:56:43,61
2905,u159,c221,2026-09-20 22:54:33,267
2906,u071,c229,2026-09-05 21:15:42,57
2907,u048,c222,2026-09-08 21:11:30,122
2908,u124,c063,2026-09-29 15:02:57,120
2909,u153,c227,2026-09-27 18:18:12,25
2910,u162,c164,2026-09-19 18:08:06,62
2911,u048,c103,2026-09-25 15:45:44,38
2912,u115,c231,2026-09-05 18:32:23,12
2913,u149,c141,2026-09-15 13:11:28,144
2914,u118,c163,2026-09-02 17:59:25,33
2915,u045,c148,2026-09-05 17:52:40,38
2916,u053,c227,2026-09-14 01:43:08,128
2917,u157,c225,2026-09-16 12:41:25,19
2918,u066,c024,2026-09-25 17:34:33,11
2919,u131,c261,2026-09-15 12:32:42,167
2920,u200,c082,2026-09-26 20:38:55,89
2921,u063,c189,2026-09-06 13:16:41,26
2922,u003,c034,2026-09-26 13:28:40,96
2923,u180,c011,2026-09-12 07:54:31,110
2924,u120,c037,2026-09-07 14:07:41,66
2925,u006,c055,2026-09-24 13:23:05,83
2926,u095,c122,2026-09-07 12:44:58,112
2927,u159,c183,2026-09-09 11:57:59,161
2928,u189,c176,2026-09-12 13:04:31,224
2929,u031,c240,2026-09-12 15:41:27,79
2930,u164,c012,2026-09-16 09:11:49,147
2931,u028,c240,2026-09-10 18:49:21,15
2932,u119,c178,2026-09-04 18:19:02,128
2933,u031,c204,2026-09-13 04:14:07,115
2934,u075,c120,2026-09-11 14:37:13,139
2935,u154,c242,2026-09-19 06:03:14,218
2936,u159,c296,2026-09-13 16:32:28,20
2937,u022,c187,2026-09-19 07:29:18,75
2938,u179,c021,2026-09-28 17:25:02,76
2939,u092,c142,2026-09-27 16:11:00,132
2940,u099,c171,2026-09-06 12:03:22,192
2941,u188,c028,2026-09-17 11:05:09,150
2942,u179,c189,2026-09-25 17:41:21,127
2943,u117,c288,2026-09-26 11:55:15,179
2944,u078,c219,2026-09-10 16:51:48,192
2945,u147,c252,2026-09-22 16:36:00,134
2946,u050,c282,2026-09-30 23:40:05,222
2947,u188,c190,2026-09-28 13:56:03,147
2948,u058,c043,2026-09-07 15:16:32,166
2949,u130,c066,2026-09-24 08:24:50,128
2950,u174,c259,2026-09-06 13:16:39,67
2951,u091,c076,2026-09-10 15:59:38,49
2952,u079,c120,2026-09-28 08:08:13,55
2953,u164,c227,2026-09-07 14:03:03,60
2954,u153,c225,2026-09-19 21:14:34,150
2955,u197,c163,2026-09-19 10:48:37,92
2956,u132,c221,2026-09-15 09:03:52,220
2957,u137,c017,2026-09-20 13:36:39,170
2958,u062,c088,2026-09-12 08:19:22,92
2959,u075,c133,2026-09-22 15:51:30,125
2960,u008,c056,2026-09-20 22:08:17,15
2961,u047,c037,2026-09-04 17:25:26,71
2962,u086,c243,2026-09-12 23:52:22,84
2963,u098,c238,2026-09-04 15:35:46,133
2964,u197,c239,2026-09-20 14:20:24,69
2965,u029,c282,2026-09-23 07:37:16,259
2966,u149,c150,2026-09-23 10:24:09,217
2967,u131,c094,2026-09-23 17:24:41,248
2968,u193,c209,2026-09-27 16:14:31,77
2969,u017,c214,2026-09-30 20:05:10,66
2970,u096,c159,2026-09-12 14:34:23,98
2971,u134,c009,2026-09-16 15:16:25,59
2972,u103,c213,2026-09-20 16:24:01,249
2973,u153,c262,2026-09-29 09:24:54,46
2974,u093,c277,2026-09-10 07:47:44,57
2975,u180,c202,2026-09-26 11:01:00,74
2976,u156,c198,2026-09-27 17:25:23,22
2977,u087,c132,2026-09-03 20:44:31,111
2978,u132,c020,2026-09-12 13:00:59,30
2979,u097,c008,2026-09-30 21:18:12,180
2980,u101,c043,2026-09-19 21:31:35,164
2981,u073,c038,2026-09-30 13:36:49,112
2982,u101,c082,2026-09-27 16:35:02,40
2983,u041,c285,2026-09-03 07:46:34,220
2984,u166,c298,2026-09-16 20:03:36,59
2985,u193,c174,2026-09-29 21:07:07,90
2986,u092,c072,2026-09-25 07:02:34,102
2987,u035,c014,2026-09-07 05:43:36,163
2988,u060,c012,2026-09-07 16:56:52,62
2989,u082,c284,2026-09-15 09:43:49,243
2990,u104,c190,2026-09-02 12:31:37,168
2991,u101,c266,2026-09-01 10:19:26,188
2992,u176,c298,2026-09-10 23:41:43,98
2993,u112,c226,2026-09-12 08:10:01,73
2994,u006,c211,2026-09-13 18:43:10,64
2995,u133,c262,2026-09-20 22:51:24,101
2996,u113,c083,2026-09-20 15:34:42,15
2997,u083,c092,2026-09-05 23:46:20,82
2998,u127,c300,2026-09-12 01:20:05,219
2999,u139,c234,2026-09-11 15:11:25,88
3000,u071,c226,2026-09-12 12:53:22,220
3001,u058,c139,2026-09-23 18:19:43,146
3002,u110,c183,2026-09-17 19:15:36,168
3003,u029,c174,2026-09-24 14:15:06,119
3004,u044,c159,2026-09-12 19:19:36,64
3005,u067,c243,2026-09-18 18:41:40,179
3006,u022,c154,2026-09-14 14:04:17,147
3007,u155,c003,2026-09-28 15:39:31,254
3008,u105,c218,2026-09-22 23:24:10,91
3009,u084,c176,2026-09-12 10:33:29,131
3010,u108,c201,2026-09-29 15:08:26,77
3011,u074,c247,2026-09-19 20:47:19,155
3012,u072,c170,2026-09-16 22:09:12,81
3013,u098,c178,2026-09-01 18:34:14,22
3014,u066,c088,2026-09-09 18:23:07,86
3015,u044,c131,2026-09-08 10:44:47,258
3016,u130,c040,2026-09-27 11:31:46,132
3017,u127,c043,2026-09-05 13:54:52,153
3018,u031,c296,2026-09-08 19:11:42,136
3019,u093,c180,2026-09-05 13:39:56,29
3020,u072,c201,2026-09-08 10:23:06,173
3021,u019,c171,2026-09-23 15:20:25,252
3022,u175,c142,2026-09-16 09:21:39,92
3023,u164,c040,2026-09-22 11:14:59,68
3024,u033,c284,2026-09-03 08:10:55,27
3025,u131,c279,2026-09-27 13:44:38,30
3026,u096,c069,2026-09-29 13:20:37,28
3027,u097,c160,2026-09-26 12:56:14,278
3028,u050,c183,2026-09-14 11:33:35,195
3029,u098,c258,2026-09-25 21:15:58,35
3030,u181,c211,2026-09-27 07:08:08,98
3031,u166,c082,2026-09-13 16:06:41,140
3032,u049,c064,2026-09-26 18:38:52,227
3033,u052,c201,2026-09-07 17:21:13,156
3034,u051,c206,2026-09-23 13:37:12,61
3035,u169,c030,2026-09-19 14:21:22,28
3036,u043,c166,2026-09-21 10:19:43,167
3037,u047,c171,2026-09-01 15:29:59,138
3038,u094,c022,2026-09-07 12:46:38,58
3039,u010,c255,2026-09-20 14:40:41,132
3040,u002,c203,2026-09-30 11:44:12,74
3041,u195,c252,2026-09-29 09:28:26,266
3042,u195,c204,2026-09-13 12:18:55,145
3043,u113,c010,2026-09-28 09:19:42,44
3044,u113,c006,2026-09-07 19:25:08,163
3045,u152,c003,2026-09-14 10:55:17,118
3046,u003,c290,2026-09-06 15:50:31,113
3047,u104,c155,2026-09-01 15:08:29,63
3048,u155,c287,2026-09-05 07:12:19,280
3049,u108,c110,2026-09-08 10:49:45,77
3050,u011,c092,2026-09-18 19:43:22,83
3051,u191,c163,2026-09-18 16:46:16,57
3052,u130,c265,2026-09-29 16:44:39,262
3053,u185,c017,2026-09-12 20:58:51,199
3054,u015,c047,2026-09-25 11:59:53,131
3055,u156,c074,2026-09-01 14:21:32,286
3056,u155,c215,2026-09-15 18:53:23,124
3057,u071,c286,2026-09-23 13:35:56,210
3058,u169,c246,2026-09-19 19:07:04,134
3059,u175,c102,2026-09-14 07:41:47,159
3060,u174,c115,2026-09-01 13:32:34,228
3061,u056,c189,2026-09-30 03:16:30,113
3062,u127,c035,2026-09-28 03:51:05,209
3063,u175,c061,2026-09-07 22:47:58,159
3064,u037,c214,2026-09-14 17:55:20,325
3065,u078,c157,2026-09-17 21:26:07,205
3066,u013,c061,2026-09-12 21:14:32,15
3067,u056,c188,2026-09-06 19:17:44,246
3068,u057,c083,2026-09-01 09:24:24,137
3069,u015,c285,2026-09-26 22:43:09,63
3070,u050,c285,2026-09-29 11:43:44,89
3071,u091,c178,2026-09-27 06:47:14,142
3072,u127,c044,2026-09-05 19:08:47,28
3073,u006,c281,2026-09-30 21:20:50,153
3074,u082,c006,2026-09-11 11:40:10,34
3075,u189,c021,2026-09-03 21:23:42,126
3076,u136,c074,2026-09-14 00:33:06,73
3077,u130,c178,2026-09-13 06:46:56,62
3078,u070,c271,2026-09-17 21:11:23,56
3079,u066,c042,2026-09-07 20:18:07,94
3080,u086,c242,2026-09-01 20:02:53,78
3081,u053,c083,2026-09-10 05:58:08,40
3082,u028,c120,2026-09-27 18:34:31,43
3083,u103,c020,2026-09-08 14:39:58,100
3084,u162,c285,2026-09-23 01:33:00,273
3085,u127,c159,2026-09-13 21:12:23,134
3086,u180,c174,2026-09-29 18:43:10,80
3087,u038,c058,2026-09-13 18:58:19,13
3088,u030,c235,2026-09-06 06:24:21,162
3089,u173,c022,2026-09-13 08:01:07,37
3090,u137,c088,2026-09-18 19:41:04,143
3091,u139,c261,2026-09-09 09:21:29,255
3092,u115,c155,2026-09-12 10:42:52,70
3093,u116,c036,2026-09-12 14:06:08,39
3094,u054,c170,2026-09-26 20:54:24,115
3095,u002,c201,2026-09-27 23:46:57,116
3096,u083,c244,2026-09-12 20:14:14,25
3097,u047,c164,2026-09-05 16:23:50,124
3098,u185,c190,2026-09-13 23:06:27,149
3099,u185,c034,2026-09-10 22:43:49,42
3100,u067,c034,2026-09-03 21:56:22,81
3101,u183,c184,2026-09-22 09:19:01,117
3102,u166,c227,2026-09-23 11:44:18,164
3103,u069,c285,2026-09-15 17:15:17,193
3104,u093,c244,2026-09-08 17:35:37,176
3105,u099,c176,2026-09-15 13:53:54,120
3106,u072,c170,2026-09-09 20:57:38,63
3107,u174,c278,2026-09-16 15:34:03,118
3108,u088,c018,2026-09-20 07:13:53,49
3109,u188,c276,2026-09-05 14:28:55,105
3110,u168,c215,2026-09-27 16:04:42,219
3111,u043,c008,2026-09-26 12:45:52,114
3112,u052,c184,2026-09-20 07:39:25,29
3113,u075,c214,2026-09-21 03:50:29,149
3114,u190,c254,2026-09-28 22:59:42,82
3115,u036,c138,2026-09-20 20:47:52,130
3116,u009,c129,2026-09-26 11:54:39,83
3117,u119,c261,2026-09-18 06:35:34,38
3118,u099,c173,2026-09-23 12:49:50,164
3119,u158,c151,2026-09-10 07:29:52,84
3120,u038,c236,2026-09-20 18:13:51,237
3121,u035,c156,2026-09-29 08:34:51,184
3122,u152,c031,2026-09-18 17:34:01,190
3123,u002,c083,2026-09-20 16:48:51,110
3124,u050,c133,2026-09-29 13:23:23,85
3125,u048,c206,2026-09-02 13:48:29,51
3126,u181,c299,2026-09-26 17:47:37,33
3127,u063,c244,2026-09-04 10:03:00,75
3128,u163,c276,2026-09-28 21:38:39,54
3129,u153,c035,2026-09-30 16:36:14,124
3130,u189,c081,2026-09-06 12:43:27,94
3131,u084,c264,2026-09-20 16:09:57,45
3132,u081,c071,2026-09-07 12:03:43,161
3133,u079,c171,2026-09-02 16:41:17,24
3134,u049,c282,2026-09-12 06:36:24,275
3135,u114,c093,2026-09-20 12:30:46,58
3136,u070,c066,2026-09-21 06:01:36,63
3137,u149,c044,2026-09-18 09:14:47,101
3138,u174,c204,2026-09-02 21:55:35,166
3139,u152,c259,2026-09-09 14:55:06,66
3140,u014,c273,2026-09-26 10:19:19,68
3141,u084,c289,2026-09-11 18:33:26,106
3142,u097,c061,2026-09-04 15:52:39,202
3143,u092,c111,2026-09-13 20:10:49,212
3144,u168,c114,2026-09-27 09:00:43,204
3145,u094,c157,2026-09-29 22:08:42,248
3146,u116,c192,2026-09-11 15:42:41,120
3147,u087,c170,2026-09-09 21:45:30,26
3148,u193,c038,2026-09-27 20:18:45,163
3149,u123,c210,2026-09-09 09:30:45,113
3150,u035,c111,2026-09-01 21:45:20,134
3151,u059,c071,2026-09-12 00:29:47,96
3152,u159,c153,2026-09-27 20:56:50,102
3153,u060,c034,2026-09-21 11:38:35,29
3154,u038,c117,2026-09-12 06:05:04,139
3155,u093,c218,2026-09-05 11:05:42,234
3156,u174,c115,2026-09-05 16:30:39,84
3157,u093,c192,2026-09-04 11:07:33,165
3158,u174,c223,2026-09-22 13:41:58,37
3159,u166,c045,2026-09-20 20:00:10,80
3160,u169,c271,2026-09-29 09:04:31,67
3161,u153,c281,2026-09-10 11:18:52,58
3162,u181,c114,2026-09-23 20:07:11,187
3163,u031,c236,2026-09-30 19:25:52,59
3164,u071,c150,2026-09-10 19:01:20,90
3165,u061,c064,2026-09-12 19:51:17,86
3166,u066,c066,2026-09-24 14:47:04,135
3167,u076,c170,2026-09-09 12:44:07,35
3168,u116,c119,2026-09-27 20:55:42,30
3169,u137,c039,2026-09-04 19:10:35,117
3170,u019,c227,2026-09-09 20:14:53,167
3171,u013,c211,2026-09-25 17:39:42,58
3172,u155,c291,2026-09-06 20:14:05,186
3173,u003,c226,2026-09-01 15:10:56,295
3174,u196,c178,2026-09-20 09:00:25,23
3175,u088,c108,2026-09-13 16:19:11,52
3176,u104,c218,2026-09-20 12:30:18,128
3177,u173,c017,2026-09-07 17:15:15,198
3178,u098,c261,2026-09-13 13:28:10,126
3179,u036,c186,2026-09-04 15:32:11,90
3180,u166,c239,2026-09-15 12:39:15,10
3181,u011,c097,2026-09-27 09:11:24,166
3182,u191,c239,2026-09-09 11:00:26,103
3183,u133,c158,2026-09-19 09:23:48,197
3184,u027,c222,2026-09-23 07:46:46,104
3185,u056,c033,2026-09-07 15:15:59,48
3186,u031,c020,2026-09-18 08:17:28,190
3187,u046,c049,2026-09-09 14:35:22,87
3188,u090,c177,2026-09-11 20:40:54,170
3189,u165,c133,2026-09-19 19:21:55,122
3190,u092,c075,2026-09-08 07:42:54,40
3191,u064,c060,2026-09-25 19:03:37,34
3192,u095,c197,2026-09-29 12:58:31,125
3193,u127,c153,2026-09-18 17:17:42,84
3194,u123,c262,2026-09-24 05:58:12,123
3195,u065,c039,2026-09-25 19:16:42,64
3196,u009,c179,2026-09-24 12:39:22,109
3197,u109,c267,2026-09-09 10:51:48,31
3198,u017,c003,2026-09-13 14:15:46,99
3199,u182,c225,2026-09-24 11:19:54,135
3200,u165,c298,2026-09-23 16:20:21,237
3201,u155,c283,2026-09-17 23:58:11,147
3202,u200,c074,2026-09-23 18:30:31,221
3203,u139,c195,2026-09-08 14:51:18,44
3204,u134,c282,2026-09-13 02:59:28,239
3205,u092,c083,2026-09-21 15:47:12,133
3206,u063,c236,2026-09-19 09:04:30,151
3207,u086,c170,2026-09-03 08:23:19,78
3208,u173,c272,2026-09-08 13:00:52,226
3209,u175,c188,2026-09-18 10:49:08,291
3210,u011,c037,2026-09-15 23:15:45,235
3211,u127,c240,2026-09-15 11:42:21,58
3212,u066,c074,2026-09-12 15:37:44,198
3213,u174,c186,2026-09-12 20:24:33,190
3214,u089,c270,2026-09-05 12:37:12,170
3215,u087,c118,2026-09-30 20:44:12,151
3216,u092,c202,2026-09-05 15:35:43,147
3217,u179,c286,2026-09-06 08:30:10,305
3218,u009,c298,2026-09-09 15:23:01,241
3219,u142,c090,2026-09-03 20:44:00,73
3220,u149,c129,2026-09-02 13:37:08,149
3221,u146,c220,2026-09-04 09:42:40,116
3222,u155,c187,2026-09-27 12:35:54,104
3223,u079,c299,2026-09-01 22:02:50,126
3224,u150,c180,2026-09-29 13:10:01,36
3225,u130,c276,2026-09-28 18:59:56,37
3226,u062,c285,2026-09-10 13:20:49,134
3227,u169,c141,2026-09-05 11:44:00,110
3228,u155,c168,2026-09-21 21:37:27,41
3229,u051,c254,2026-09-30 07:24:23,119
3230,u005,c214,2026-09-17 15:01:05,57
3231,u066,c244,2026-09-07 19:14:05,84
3232,u150,c139,2026-09-20 18:06:50,82
3233,u141,c180,2026-09-09 10:00:46,48
3234,u176,c234,2026-09-16 18:25:56,182
3235,u112,c076,2026-09-17 11:30:26,205
3236,u197,c003,2026-09-12 18:49:24,240
3237,u111,c060,2026-09-30 10:51:22,55
3238,u006,c246,2026-09-08 08:23:44,15
3239,u148,c142,2026-09-08 07:36:24,39
3240,u157,c062,2026-09-13 13:11:38,122
3241,u175,c157,2026-09-03 14:34:37,275
3242,u058,c215,2026-09-28 04:22:53,236
3243,u087,c261,2026-09-08 17:23:10,22
3244,u178,c129,2026-09-29 11:40:29,162
3245,u174,c214,2026-09-09 21:01:21,188
3246,u116,c202,2026-09-03 20:53:12,246
3247,u054,c291,2026-09-05 16:52:01,14
3248,u115,c234,2026-09-29 09:05:49,130
3249,u153,c126,2026-09-09 21:10:31,138
3250,u149,c197,2026-09-11 18:48:43,129
3251,u121,c014,2026-09-21 08:34:50,137
3252,u114,c040,2026-09-19 13:18:40,29
3253,u153,c220,2026-09-16 09:42:03,19
3254,u071,c069,2026-09-08 17:38:05,144
3255,u089,c275,2026-09-10 07:22:28,145
3256,u007,c202,2026-09-26 12:34:58,202
3257,u015,c197,2026-09-14 14:30:03,38
3258,u035,c142,2026-09-25 00:51:52,128
3259,u168,c294,2026-09-05 22:06:19,100
3260,u160,c181,2026-09-12 09:48:09,133
3261,u166,c171,2026-09-06 19:27:33,32
3262,u062,c157,2026-09-14 23:16:33,251
3263,u188,c142,2026-09-17 12:56:18,104
3264,u139,c171,2026-09-04 16:14:16,105
3265,u181,c071,2026-09-11 09:41:38,268
3266,u139,c238,2026-09-05 11:36:28,91
3267,u026,c201,2026-09-25 16:26:51,44
3268,u099,c030,2026-09-28 18:45:09,209
3269,u093,c120,2026-09-16 08:40:52,131
3270,u153,c244,2026-09-15 12:18:40,18
3271,u175,c166,2026-09-22 16:30:51,130
3272,u180,c144,2026-09-11 09:09:56,42
3273,u172,c038,2026-09-09 18:01:16,221
3274,u034,c017,2026-09-19 09:59:34,62
3275,u176,c240,2026-09-16 12:26:32,72
3276,u176,c298,2026-09-28 16:41:00,38
3277,u172,c230,2026-09-08 18:17:01,293
3278,u190,c013,2026-09-14 17:38:51,193
3279,u197,c261,2026-09-22 14:27:08,128
3280,u127,c139,2026-09-06 08:14:44,33
3281,u123,c118,2026-09-10 12:38:33,94
3282,u189,c131,2026-09-02 14:37:15,258
3283,u098,c264,2026-09-29 17:55:38,69
3284,u150,c284,2026-09-12 14:38:44,197
3285,u101,c202,2026-09-15 07:11:28,157
3286,u121,c046,2026-09-04 14:59:54,131
3287,u115,c038,2026-09-03 14:31:47,23
3288,u152,c046,2026-09-27 09:05:16,86
3289,u026,c045,2026-09-28 15:31:44,96
3290,u002,c265,2026-09-20 11:42:41,62
3291,u010,c213,2026-09-20 20:51:23,261
3292,u164,c156,2026-09-06 14:19:51,157
3293,u162,c236,2026-09-26 15:31:40,77
3294,u169,c285,2026-09-18 12:26:45,197
3295,u092,c187,2026-09-15 18:03:34,172
3296,u114,c089,2026-09-23 03:25:32,298
3297,u006,c248,2026-09-16 06:03:33,78
3298,u113,c100,2026-09-15 15:34:07,87
3299,u084,c169,2026-09-24 11:18:31,58
3300,u033,c218,2026-09-01 12:42:56,228
3301,u124,c050,2026-09-05 22:26:34,31
3302,u073,c182,2026-09-19 20:50:34,237
3303,u118,c227,2026-09-21 11:26:10,74
3304,u191,c258,2026-09-24 21:44:53,107
3305,u064,c151,2026-09-07 21:45:46,48
3306,u176,c043,2026-09-03 01:24:30,109
3307,u153,c203,2026-09-30 18:56:46,161
3308,u194,c081,2026-09-16 14:53:42,46
3309,u026,c038,2026-09-03 19:31:44,249
3310,u010,c265,2026-09-15 03:44:16,214
3311,u154,c155,2026-09-22 07:50:18,74
3312,u197,c044,2026-09-14 21:17:58,45
3313,u042,c017,2026-09-01 12:35:03,51
3314,u127,c268,2026-09-05 17:14:05,50
3315,u093,c244,2026-09-16 17:35:27,136
3316,u131,c239,2026-09-29 16:55:18,302
3317,u122,c209,2026-09-13 18:11:50,165
3318,u087,c296,2026-09-28 17:04:29,90
3319,u035,c183,2026-09-02 08:04:25,164
3320,u062,c282,2026-09-30 18:49:50,11
3321,u076,c092,2026-09-18 15:23:04,77
3322,u127,c211,2026-09-15 20:25:03,129
3323,u015,c115,2026-09-22 20:07:08,67
3324,u064,c006,2026-09-27 16:13:40,148
3325,u023,c150,2026-09-19 10:35:25,198
3326,u163,c038,2026-09-23 11:16:59,222
3327,u036,c279,2026-09-28 17:47:32,143
3328,u195,c040,2026-09-12 12:41:30,182
3329,u186,c021,2026-09-08 16:37:00,34
3330,u175,c118,2026-09-10 17:29:25,10
3331,u064,c117,2026-09-21 14:45:48,108
3332,u015,c124,2026-09-29 15:58:06,68
3333,u131,c239,2026-09-27 08:11:31,81
3334,u172,c071,2026-09-23 22:21:52,272
3335,u142,c075,2026-09-09 15:25:33,50
3336,u072,c265,2026-09-05 06:16:50,163
3337,u014,c273,2026-09-07 12:56:38,119
3338,u126,c063,2026-09-08 13:30:20,13
3339,u191,c196,2026-09-29 19:01:51,185
3340,u157,c239,2026-09-21 16:03:42,195
3341,u169,c155,2026-09-09 14:18:35,54
3342,u176,c170,2026-09-28 19:47:14,114
3343,u078,c090,2026-09-14 14:07:08,203
3344,u120,c058,2026-09-08 09:11:25,120
3345,u031,c133,2026-09-10 12:46:58,36
3346,u167,c245,2026-09-16 21:52:30,262
3347,u092,c141,2026-09-16 17:38:57,67
3348,u076,c261,2026-09-19 00:47:33,29
3349,u089,c287,2026-09-24 21:57:13,208
3350,u003,c052,2026-09-12 13:53:31,182
3351,u058,c095,2026-09-30 11:25:33,33
3352,u193,c284,2026-09-13 13:37:10,18
3353,u110,c236,2026-09-22 18:35:18,220
3354,u150,c047,2026-09-27 11:58:09,146
3355,u078,c031,2026-09-18 10:32:50,66
3356,u036,c231,2026-09-20 11:21:21,59
3357,u029,c014,2026-09-05 07:30:54,170
3358,u185,c286,2026-09-29 14:07:51,93
3359,u163,c072,2026-09-11 18:10:11,26
3360,u037,c250,2026-09-28 16:26:37,101
3361,u158,c089,2026-09-07 11:20:59,146
3362,u179,c211,2026-09-23 20:50:21,149
3363,u123,c182,2026-09-11 17:49:27,69
3364,u176,c279,2026-09-22 09:49:15,106
3365,u178,c201,2026-09-29 21:23:02,164
3366,u026,c142,2026-09-27 23:34:18,138
3367,u116,c066,2026-09-12 12:31:04,11
3368,u188,c276,2026-09-10 18:08:26,79
3369,u115,c187,2026-09-14 20:45:59,142
3370,u181,c087,2026-09-07 01:50:57,79
3371,u041,c012,2026-09-30 21:52:06,218
3372,u142,c240,2026-09-27 11:09:25,112
3373,u139,c052,2026-09-09 14:21:25,302
3374,u199,c152,2026-09-06 11:59:11,83
3375,u095,c126,2026-09-23 21:25:01,141
3376,u064,c244,2026-09-08 15:50:55,181
3377,u043,c176,2026-09-03 18:52:41,107
3378,u015,c190,2026-09-27 16:08:50,55
3379,u072,c144,2026-09-21 15:55:10,94
3380,u103,c206,2026-09-08 17:29:15,182
3381,u158,c077,2026-09-04 15:00:58,223
3382,u175,c008,2026-09-03 11:40:32,206
3383,u028,c288,2026-09-23 23:50:47,31
3384,u077,c245,2026-09-18 09:26:39,305
3385,u185,c263,2026-09-06 16:17:30,211
3386,u134,c219,2026-09-22 07:33:57,204
3387,u179,c079,2026-09-10 14:45:11,226
3388,u002,c124,2026-09-30 09:47:21,298
3389,u022,c155,2026-09-01 19:13:16,40
3390,u011,c051,2026-09-18 07:48:22,77
3391,u096,c037,2026-09-04 12:43:01,202
3392,u088,c271,2026-09-18 09:43:25,120
3393,u075,c176,2026-09-14 13:31:23,226
3394,u051,c178,2026-09-02 17:50:16,19
3395,u086,c104,2026-09-13 12:53:02,35
3396,u153,c074,2026-09-03 14:23:20,116
3397,u046,c226,2026-09-15 18:04:27,290
3398,u106,c035,2026-09-13 14:21:35,177
3399,u017,c154,2026-09-24 21:53:09,136
3400,u036,c178,2026-09-30 16:10:34,206
3401,u131,c267,2026-09-14 13:09:26,64
3402,u047,c182,2026-09-25 13:53:57,33
3403,u154,c050,2026-09-23 13:57:43,88
3404,u093,c281,2026-09-29 04:53:59,125
3405,u098,c028,2026-09-14 08:31:26,167
3406,u195,c003,2026-09-01 11:56:08,65
3407,u156,c168,2026-09-11 02:26:02,102
3408,u195,c254,2026-09-15 09:25:24,198
3409,u188,c171,2026-09-26 15:44:04,96
3410,u086,c268,2026-09-20 07:10:15,144
3411,u022,c085,2026-09-05 14:53:26,175
3412,u180,c143,2026-09-22 17:07:18,163
3413,u127,c082,2026-09-29 22:34:48,145
3414,u062,c239,2026-09-09 18:17:11,98
3415,u093,c032,2026-09-26 10:32:17,109
3416,u009,c039,2026-09-03 20:59:49,54
3417,u145,c201,2026-09-06 10:57:14,139
3418,u175,c045,2026-09-28 06:42:55,12
3419,u121,c118,2026-09-05 12:34:12,122
3420,u028,c285,2026-09-26 22:01:22,106
3421,u161,c286,2026-09-07 13:50:21,291
3422,u166,c095,2026-09-14 08:56:19,101
3423,u154,c203,2026-09-05 15:20:27,107
3424,u044,c158,2026-09-15 17:59:38,156
3425,u161,c215,2026-09-05 23:35:25,255
3426,u076,c051,2026-09-12 22:11:34,290
3427,u098,c213,2026-09-18 13:01:13,100
3428,u103,c266,2026-09-08 10:43:33,157
3429,u094,c064,2026-09-19 12:51:41,212
3430,u168,c228,2026-09-14 19:10:43,118
3431,u190,c287,2026-09-05 19:51:26,185
3432,u073,c122,2026-09-20 19:38:22,209
3433,u106,c085,2026-09-09 08:06:32,103
3434,u188,c150,2026-09-08 16:34:30,154
3435,u035,c177,2026-09-10 16:18:39,148
3436,u115,c203,2026-09-17 11:58:30,134
3437,u185,c284,2026-09-27 19:39:26,281
3438,u073,c036,2026-09-21 14:26:47,121
3439,u121,c125,2026-09-28 07:33:41,54
3440,u169,c267,2026-09-23 12:00:42,132
3441,u035,c266,2026-09-11 12:43:05,134
3442,u175,c114,2026-09-11 18:59:22,69
3443,u115,c288,2026-09-06 22:33:35,85
3444,u139,c164,2026-09-01 18:32:59,60
3445,u167,c155,2026-09-18 10:44:46,111
3446,u162,c286,2026-09-30 08:39:36,243
3447,u153,c006,2026-09-16 15:09:52,25
3448,u132,c187,2026-09-29 20:19:19,106
3449,u053,c265,2026-09-04 20:52:57,117
3450,u082,c155,2026-09-20 19:33:28,12
3451,u064,c028,2026-09-01 07:29:17,103
3452,u099,c184,2026-09-28 10:24:33,270
3453,u087,c282,2026-09-05 13:03:54,49
3454,u163,c132,2026-09-29 15:09:38,93
3455,u153,c285,2026-09-15 05:30:44,249
3456,u089,c109,2026-09-15 12:08:19,132
3457,u172,c192,2026-09-15 13:02:02,32
3458,u120,c239,2026-09-13 13:31:30,226
3459,u158,c052,2026-09-06 08:10:22,93
3460,u172,c245,2026-09-11 20:27:55,64
3461,u163,c250,2026-09-15 23:45:19,232
3462,u166,c268,2026-09-30 12:06:02,125
3463,u028,c108,2026-09-18 13:38:56,95
3464,u001,c069,2026-09-21 19:34:06,231
3465,u063,c243,2026-09-10 23:50:27,153
3466,u155,c092,2026-09-29 23:40:16,144
3467,u162,c236,2026-09-25 13:47:28,119
3468,u153,c154,2026-09-12 14:46:03,42
3469,u029,c245,2026-09-28 20:11:41,102
3470,u174,c003,2026-09-16 00:20:27,136
3471,u072,c164,2026-09-25 12:27:58,107
3472,u070,c102,2026-09-24 05:35:50,62
3473,u194,c157,2026-09-29 00:13:55,183
3474,u054,c045,2026-09-24 20:16:22,22
3475,u002,c048,2026-09-18 15:31:30,85
3476,u046,c049,2026-09-27 05:22:38,58
3477,u100,c227,2026-09-10 18:32:18,50
3478,u114,c063,2026-09-21 21:48:28,13
3479,u097,c036,2026-09-24 19:03:47,14
3480,u131,c215,2026-09-13 17:08:31,235
3481,u041,c046,2026-09-23 08:47:24,44
3482,u156,c062,2026-09-29 14:17:16,196
3483,u093,c215,2026-09-12 10:31:04,76
3484,u127,c137,2026-09-28 09:09:50,187
3485,u191,c165,2026-09-29 22:38:16,77
3486,u139,c178,2026-09-13 09:38:37,198
3487,u043,c042,2026-09-20 12:19:24,140
3488,u062,c063,2026-09-16 20:25:05,37
3489,u132,c179,2026-09-16 13:35:59,174
3490,u049,c139,2026-09-03 07:57:03,67
3491,u086,c133,2026-09-09 10:14:44,136
3492,u167,c003,2026-09-29 17:13:29,144
3493,u059,c153,2026-09-11 21:02:57,57
3494,u026,c230,2026-09-30 08:49:51,203
3495,u030,c045,2026-09-08 10:21:38,111
3496,u160,c129,2026-09-11 17:06:03,152
3497,u081,c192,2026-09-17 20:32:07,157
3498,u130,c245,2026-09-02 17:40:28,28
3499,u111,c251,2026-09-22 15:16:46,176
3500,u068,c068,2026-09-07 20:56:47,255
3501,u092,c252,2026-09-13 18:27:34,98
3502,u181,c151,2026-09-07 17:30:45,118
3503,u023,c229,2026-09-29 23:06:30,194
3504,u053,c088,2026-09-25 18:26:09,129
3505,u117,c082,2026-09-05 09:11:52,121
3506,u132,c049,2026-09-28 09:23:25,57
3507,u053,c250,2026-09-18 21:51:43,213
3508,u193,c268,2026-09-04 19:43:54,96
3509,u046,c266,2026-09-21 14:00:26,58
3510,u163,c082,2026-09-10 13:24:09,155
3511,u074,c182,2026-09-07 20:50:41,26
3512,u117,c227,2026-09-23 14:14:34,194
3513,u152,c212,2026-09-23 12:45:50,47
3514,u197,c027,2026-09-14 19:23:00,270
3515,u046,c027,2026-09-08 00:13:48,305
3516,u002,c207,2026-09-15 16:27:42,74
3517,u160,c267,2026-09-13 12:39:12,132
3518,u128,c111,2026-09-14 02:13:43,285
3519,u134,c186,2026-09-20 16:54:24,53
3520,u196,c017,2026-09-02 16:54:23,97
3521,u195,c143,2026-09-30 20:23:46,24
3522,u162,c236,2026-09-15 13:33:51,103
3523,u038,c024,2026-09-19 05:49:50,59
3524,u066,c148,2026-09-26 12:56:50,38
3525,u027,c008,2026-09-12 13:56:24,166
3526,u072,c239,2026-09-06 11:32:33,258
3527,u122,c237,2026-09-11 13:35:03,186
3528,u154,c164,2026-09-29 10:31:08,41
3529,u062,c129,2026-09-24 15:54:00,66
3530,u169,c254,2026-09-14 19:22:47,125
3531,u112,c275,2026-09-02 19:30:27,199
3532,u105,c072,2026-09-11 11:52:23,126
3533,u127,c157,2026-09-19 16:38:48,32
3534,u005,c027,2026-09-05 12:30:14,133
3535,u035,c070,2026-09-30 22:57:44,234
3536,u076,c002,2026-09-02 10:12:35,51
3537,u189,c013,2026-09-29 07:06:27,26
3538,u028,c087,2026-09-13 15:07:36,105
3539,u142,c178,2026-09-29 09:42:04,22
3540,u118,c230,2026-09-14 14:45:00,181
3541,u103,c071,2026-09-28 15:10:42,124
3542,u099,c167,2026-09-08 03:41:23,99
3543,u175,c071,2026-09-03 12:53:09,20
3544,u141,c266,2026-09-12 09:40:42,32
3545,u019,c126,2026-09-22 10:30:31,39
3546,u099,c188,2026-09-23 09:09:07,222
3547,u058,c291,2026-09-06 00:34:21,57
3548,u076,c148,2026-09-29 19:42:22,64
3549,u050,c133,2026-09-20 19:26:10,30
3550,u141,c189,2026-09-27 12:30:30,128
3551,u193,c160,2026-09-09 17:35:45,72
3552,u082,c114,2026-09-25 07:45:19,201
3553,u145,c258,2026-09-18 10:50:31,109
3554,u101,c240,2026-09-05 12:07:52,25
3555,u098,c221,2026-09-05 12:35:33,187
3556,u081,c069,2026-09-15 20:27:25,52
3557,u174,c044,2026-09-24 13:14:25,154
3558,u108,c050,2026-09-14 12:05:33,86
3559,u139,c284,2026-09-29 17:01:36,161
3560,u175,c195,2026-09-25 02:03:00,133
3561,u028,c133,2026-09-21 15:47:21,27
3562,u070,c218,2026-09-25 03:41:06,68
3563,u123,c219,2026-09-23 16:55:35,188
3564,u136,c160,2026-09-25 23:47:01,95
3565,u005,c011,2026-09-17 10:55:43,78
3566,u176,c196,2026-09-06 07:56:24,178
3567,u111,c103,2026-09-02 19:54:52,29
3568,u038,c095,2026-09-22 21:56:49,42
3569,u159,c072,2026-09-23 06:38:07,114
3570,u181,c064,2026-09-16 16:51:30,116
3571,u108,c195,2026-09-09 14:56:38,105
3572,u015,c232,2026-09-21 15:24:17,185
3573,u111,c068,2026-09-12 13:03:39,56
3574,u119,c155,2026-09-03 19:58:27,26
3575,u017,c266,2026-09-27 05:08:18,32
3576,u077,c242,2026-09-03 19:21:28,91
3577,u162,c183,2026-09-09 01:41:33,95
3578,u149,c036,2026-09-25 07:43:54,58
3579,u094,c153,2026-09-22 04:51:24,140
3580,u123,c190,2026-09-18 22:03:59,153
3581,u036,c223,2026-09-08 03:31:53,90
3582,u090,c242,2026-09-16 16:41:42,126
3583,u034,c044,2026-09-20 14:00:44,101
3584,u029,c016,2026-09-19 10:13:43,148
3585,u022,c189,2026-09-20 15:00:36,92
3586,u139,c212,2026-09-19 22:48:47,181
3587,u081,c003,2026-09-01 07:19:25,18
3588,u038,c044,2026-09-03 14:52:15,54
3589,u078,c157,2026-09-25 16:03:00,187
3590,u044,c284,2026-09-08 17:26:26,207
3591,u161,c114,2026-09-05 16:44:58,153
3592,u193,c259,2026-09-04 12:40:50,206
3593,u088,c188,2026-09-18 12:09:23,64
3594,u054,c160,2026-09-16 15:25:04,165
3595,u096,c231,2026-09-28 01:25:24,37
3596,u011,c250,2026-09-27 13:05:41,268
3597,u096,c148,2026-09-20 15:20:33,123
3598,u106,c258,2026-09-06 11:44:36,118
3599,u059,c272,2026-09-18 11:37:23,296
3600,u175,c152,2026-09-17 10:33:06,166
3601,u075,c286,2026-09-27 19:32:35,44
3602,u078,c265,2026-09-24 17:44:26,280
3603,u175,c118,2026-09-17 10:03:21,194
3604,u179,c218,2026-09-23 12:48:06,56
3605,u002,c156,2026-09-24 11:08:39,185
3606,u117,c034,2026-09-16 22:07:11,145
3607,u179,c132,2026-09-20 03:01:42,120
3608,u107,c013,2026-09-10 18:34:54,197
3609,u114,c053,2026-09-24 14:26:06,130
3610,u130,c080,2026-09-06 19:51:53,22
3611,u117,c221,2026-09-01 11:20:11,88
3612,u052,c139,2026-09-07 07:05:10,44
3613,u096,c114,2026-09-29 13:24:37,145
3614,u075,c050,2026-09-16 19:54:14,110
3615,u092,c102,2026-09-08 19:11:37,209
3616,u084,c246,2026-09-20 13:59:41,107
3617,u191,c254,2026-09-26 06:22:09,138
3618,u195,c067,2026-09-28 19:34:28,42
3619,u124,c277,2026-09-26 08:59:05,45
3620,u077,c259,2026-09-17 10:19:12,242
3621,u099,c285,2026-09-22 01:36:40,291
3622,u163,c150,2026-09-27 19:58:47,165
3623,u046,c068,2026-09-03 18:27:07,79
3624,u075,c188,2026-09-19 13:08:58,273
3625,u011,c125,2026-09-20 16:10:35,22
3626,u146,c203,2026-09-21 17:01:41,159
3627,u190,c126,2026-09-28 18:33:53,127
3628,u049,c154,2026-09-19 07:24:33,137
3629,u036,c078,2026-09-01 07:43:54,168
3630,u132,c279,2026-09-22 14:08:09,107
3631,u090,c127,2026-09-04 11:15:07,128
3632,u053,c245,2026-09-22 05:39:22,38
3633,u171,c254,2026-09-12 11:02:49,115
3634,u059,c063,2026-09-20 11:04:30,39
3635,u017,c213,2026-09-15 10:04:13,21
3636,u180,c261,2026-09-13 10:45:23,145
3637,u096,c066,2026-09-06 19:10:45,46
3638,u156,c267,2026-09-16 12:47:51,52
3639,u097,c214,2026-09-16 15:09:06,198
3640,u193,c239,2026-09-26 08:29:25,25
3641,u023,c069,2026-09-06 10:58:31,116
3642,u033,c234,2026-09-20 19:01:11,54
3643,u172,c144,2026-09-20 02:31:37,11
3644,u147,c229,2026-09-02 09:52:12,224
3645,u006,c281,2026-09-10 11:57:37,88
3646,u023,c215,2026-09-25 15:13:29,194
3647,u174,c073,2026-09-12 23:42:50,182
3648,u123,c176,2026-09-22 17:10:12,210
3649,u043,c298,2026-09-13 08:52:36,198
3650,u103,c012,2026-09-23 13:06:51,103
3651,u051,c108,2026-09-04 18:52:28,179
3652,u116,c209,2026-09-14 10:17:12,294
3653,u190,c054,2026-09-19 06:24:23,161
3654,u131,c008,2026-09-18 13:59:48,62
3655,u120,c156,2026-09-28 07:24:39,38
3656,u173,c255,2026-09-30 08:17:20,26
3657,u199,c095,2026-09-16 18:34:14,233
3658,u167,c124,2026-09-11 20:06:10,30
3659,u116,c179,2026-09-11 18:35:06,57
3660,u122,c168,2026-09-03 08:21:06,50
3661,u159,c060,2026-09-18 07:39:57,236
3662,u098,c042,2026-09-20 17:11:20,61
3663,u059,c027,2026-09-24 13:18:58,65
3664,u167,c109,2026-09-21 07:54:18,260
3665,u046,c110,2026-09-28 17:58:52,105
3666,u059,c221,2026-09-27 09:50:32,202
3667,u035,c262,2026-09-09 19:50:21,51
3668,u160,c076,2026-09-19 10:26:15,30
3669,u175,c222,2026-09-22 21:15:01,148
3670,u081,c039,2026-09-13 17:25:55,33
3671,u180,c157,2026-09-16 10:54:14,260
3672,u042,c076,2026-09-27 19:09:20,130
3673,u197,c102,2026-09-16 16:48:47,203
3674,u195,c258,2026-09-24 03:20:24,18
3675,u200,c289,2026-09-07 21:35:20,163
3676,u036,c120,2026-09-13 13:05:39,153
3677,u007,c033,2026-09-18 14:41:34,50
3678,u153,c204,2026-09-24 12:02:27,35
3679,u106,c086,2026-09-19 20:46:24,139
3680,u035,c006,2026-09-24 00:47:43,212
3681,u054,c234,2026-09-16 14:08:29,208
3682,u058,c171,2026-09-11 09:55:58,139
3683,u137,c081,2026-09-19 12:11:55,37
3684,u164,c210,2026-09-13 08:43:59,223
3685,u035,c074,2026-09-10 22:14:57,93
3686,u087,c220,2026-09-16 11:45:24,99
3687,u059,c051,2026-09-16 20:02:00,241
3688,u041,c089,2026-09-14 15:14:13,262
3689,u131,c008,2026-09-19 16:06:54,273
3690,u155,c286,2026-09-14 08:35:52,107
3691,u062,c024,2026-09-27 13:10:30,35
3692,u137,c141,2026-09-20 16:18:41,51
3693,u105,c082,2026-09-22 09:45:28,308
3694,u166,c021,2026-09-11 17:36:54,46
3695,u130,c098,2026-09-04 09:15:37,42
3696,u162,c215,2026-09-26 16:29:15,238
3697,u064,c176,2026-09-28 20:02:21,177
3698,u037,c178,2026-09-04 15:39:32,151
3699,u195,c133,2026-09-21 16:13:49,15
3700,u072,c005,2026-09-18 19:53:44,50
3701,u037,c115,2026-09-02 07:42:17,87
3702,u022,c028,2026-09-28 11:04:50,25
3703,u105,c278,2026-09-02 11:45:45,120
3704,u147,c046,2026-09-26 18:38:41,55
3705,u160,c202,2026-09-16 14:44:36,276
3706,u113,c044,2026-09-02 16:33:51,106
3707,u003,c038,2026-09-29 22:52:55,222
3708,u081,c202,2026-09-07 13:26:56,147
3709,u002,c156,2026-09-30 17:30:34,60
3710,u162,c066,2026-09-22 18:54:55,73
3711,u141,c201,2026-09-13 23:23:56,109
3712,u059,c259,2026-09-15 15:58:52,238
3713,u038,c244,2026-09-04 14:53:19,35
3714,u041,c095,2026-09-18 17:49:34,113
3715,u096,c219,2026-09-24 17:08:51,242
3716,u141,c252,2026-09-18 14:13:11,60
3717,u112,c272,2026-09-29 22:31:56,111
3718,u150,c151,2026-09-07 17:55:12,128
3719,u141,c129,2026-09-01 06:04:47,164
3720,u053,c251,2026-09-20 21:13:54,161
3721,u167,c216,2026-09-07 15:10:19,116
3722,u069,c049,2026-09-01 22:41:08,37
3723,u086,c209,2026-09-27 13:34:15,152
3724,u098,c203,2026-09-27 01:39:16,46
3725,u090,c178,2026-09-02 22:55:39,103
3726,u119,c204,2026-09-18 19:12:42,157
3727,u082,c262,2026-09-15 20:13:40,48
3728,u098,c161,2026-09-24 12:49:29,152
3729,u031,c211,2026-09-22 05:43:09,177
3730,u082,c074,2026-09-07 05:42:57,277
3731,u157,c024,2026-09-17 12:07:36,15
3732,u164,c006,2026-09-16 19:40:20,75
3733,u173,c105,2026-09-21 05:52:58,91
3734,u159,c291,2026-09-20 10:51:22,43
3735,u056,c020,2026-09-11 11:55:58,34
3736,u126,c154,2026-09-22 11:19:54,50
3737,u142,c124,2026-09-18 05:57:45,296
3738,u162,c118,2026-09-30 16:38:08,50
3739,u114,c284,2026-09-29 15:20:38,241
3740,u127,c267,2026-09-15 17:24:04,76
3741,u052,c127,2026-09-27 14:01:34,32
3742,u145,c288,2026-09-13 02:33:53,34
3743,u092,c071,2026-09-09 14:13:15,30
3744,u129,c082,2026-09-18 03:36:59,152
3745,u167,c244,2026-09-30 13:58:32,100
3746,u049,c258,2026-09-14 03:00:02,106
3747,u169,c082,2026-09-19 23:00:03,204
3748,u086,c144,2026-09-30 08:32:34,130
3749,u059,c016,2026-09-11 17:32:27,21
3750,u090,c062,2026-09-10 14:47:56,125
3751,u034,c124,2026-09-09 19:46:20,148
3752,u014,c048,2026-09-23 13:14:07,202
3753,u079,c189,2026-09-27 13:21:09,117
3754,u106,c211,2026-09-25 11:27:38,118
3755,u117,c102,2026-09-30 07:54:43,58
3756,u010,c274,2026-09-24 01:08:33,65
3757,u189,c034,2026-09-21 06:53:36,107
3758,u128,c261,2026-09-25 09:07:26,12
3759,u115,c057,2026-09-04 18:28:28,144
3760,u192,c141,2026-09-10 07:49:28,59
3761,u192,c183,2026-09-19 22:27:30,143
3762,u176,c014,2026-09-09 13:39:52,20
3763,u167,c214,2026-09-05 19:08:56,213
3764,u189,c286,2026-09-01 15:16:12,259
3765,u172,c087,2026-09-25 21:54:48,25
3766,u113,c171,2026-09-04 18:52:36,256
3767,u200,c151,2026-09-07 05:02:22,169
3768,u036,c180,2026-09-09 16:16:57,17
3769,u017,c164,2026-09-05 15:14:56,70
3770,u087,c082,2026-09-16 11:58:49,49
3771,u127,c268,2026-09-26 15:53:49,85
3772,u044,c215,2026-09-19 21:51:10,211
3773,u073,c247,2026-09-17 19:14:24,54
3774,u180,c272,2026-09-04 10:17:21,80
3775,u173,c087,2026-09-11 09:03:37,49
3776,u019,c203,2026-09-19 04:51:13,180
3777,u017,c183,2026-09-05 07:23:28,133
3778,u152,c148,2026-09-20 15:35:37,25
3779,u116,c186,2026-09-03 19:13:23,189
3780,u016,c220,2026-09-01 14:38:22,61
3781,u050,c296,2026-09-05 20:42:34,112
3782,u018,c017,2026-09-30 18:55:11,22
3783,u038,c103,2026-09-12 03:24:52,244
3784,u088,c163,2026-09-10 22:27:58,84
3785,u072,c017,2026-09-24 12:58:05,193
3786,u040,c245,2026-09-01 17:53:15,40
3787,u148,c151,2026-09-11 18:46:43,125
3788,u027,c093,2026-09-23 10:16:45,198
3789,u092,c092,2026-09-16 18:07:21,226
3790,u089,c220,2026-09-05 01:55:35,52
3791,u094,c202,2026-09-21 19:13:32,167
3792,u126,c231,2026-09-05 09:44:25,121
3793,u144,c214,2026-09-15 07:28:41,278
3794,u076,c083,2026-09-08 14:31:43,146
3795,u048,c236,2026-09-28 12:35:38,268
3796,u077,c183,2026-09-01 09:46:02,81
3797,u103,c083,2026-09-11 17:21:28,137
3798,u156,c009,2026-09-04 07:22:33,128
3799,u126,c294,2026-09-10 14:46:14,82
3800,u041,c236,2026-09-27 21:50:27,233
3801,u093,c249,2026-09-24 01:40:10,101
3802,u109,c223,2026-09-03 13:15:01,57
3803,u098,c296,2026-09-15 20:57:37,54
3804,u036,c009,2026-09-04 21:06:24,13
3805,u174,c265,2026-09-07 16:26:48,179
3806,u087,c296,2026-09-22 09:59:32,99
3807,u111,c052,2026-09-04 09:51:50,142
3808,u197,c006,2026-09-16 12:33:49,39
3809,u066,c172,2026-09-09 19:47:37,25
3810,u111,c019,2026-09-15 15:10:35,113
3811,u073,c006,2026-09-03 17:56:16,329
3812,u094,c281,2026-09-12 17:09:24,60
3813,u007,c273,2026-09-10 21:09:13,115
3814,u030,c254,2026-09-01 15:18:13,34
3815,u195,c122,2026-09-03 01:20:10,141
3816,u153,c165,2026-09-22 06:00:23,114
3817,u172,c064,2026-09-28 17:36:21,229
3818,u087,c275,2026-09-29 18:51:33,119
3819,u168,c144,2026-09-24 20:52:16,84
3820,u053,c259,2026-09-03 09:03:23,236
3821,u059,c259,2026-09-17 17:40:34,87
3822,u049,c266,2026-09-08 07:30:13,42
3823,u195,c266,2026-09-30 08:15:39,186
3824,u161,c047,2026-09-10 07:27:33,104
3825,u034,c142,2026-09-06 09:36:21,140
3826,u109,c170,2026-09-08 09:29:46,27
3827,u046,c023,2026-09-03 19:53:51,13
3828,u158,c285,2026-09-15 14:59:07,178
3829,u023,c272,2026-09-21 19:43:17,215
3830,u196,c286,2026-09-04 06:57:57,295
3831,u127,c240,2026-09-28 11:38:24,149
3832,u073,c221,2026-09-05 00:05:43,111
3833,u094,c190,2026-09-01 04:50:53,177
3834,u063,c292,2026-09-19 14:34:48,30
3835,u162,c267,2026-09-29 20:19:11,37
3836,u112,c067,2026-09-09 11:21:47,91
3837,u196,c202,2026-09-03 19:42:23,177
3838,u026,c197,2026-09-16 13:46:57,109
3839,u031,c179,2026-09-12 18:20:21,158
3840,u113,c132,2026-09-07 19:40:34,265
3841,u200,c070,2026-09-03 12:46:54,299
3842,u167,c270,2026-09-19 18:27:16,183
3843,u128,c080,2026-09-06 09:46:16,153
3844,u109,c159,2026-09-13 16:23:39,243
3845,u116,c176,2026-09-03 21:18:01,58
3846,u109,c163,2026-09-06 12:29:21,198
3847,u039,c075,2026-09-30 09:57:19,201
3848,u111,c020,2026-09-24 12:05:32,123
3849,u166,c248,2026-09-17 15:38:40,140
3850,u035,c166,2026-09-14 23:51:25,179
3851,u146,c155,2026-09-06 17:55:47,49
3852,u017,c295,2026-09-02 21:38:12,158
3853,u121,c096,2026-09-21 15:45:17,66
3854,u083,c062,2026-09-17 10:06:16,53
3855,u168,c139,2026-09-29 16:01:21,85
3856,u143,c211,2026-09-24 10:52:43,143
3857,u172,c144,2026-09-29 18:30:26,176
3858,u191,c266,2026-09-19 18:07:22,83
3859,u181,c243,2026-09-04 19:36:19,141
3860,u037,c104,2026-09-02 17:01:22,68
3861,u123,c138,2026-09-16 10:28:36,10
3862,u011,c075,2026-09-27 19:28:55,18
3863,u159,c133,2026-09-28 18:01:32,63
3864,u131,c265,2026-09-22 16:02:16,83
3865,u105,c183,2026-09-04 12:48:58,89
3866,u093,c203,2026-09-23 15:13:15,12
3867,u030,c113,2026-09-23 17:50:30,18
3868,u174,c013,2026-09-23 07:13:18,87
3869,u104,c268,2026-09-17 12:13:41,49
3870,u142,c285,2026-09-03 14:40:29,62
3871,u046,c108,2026-09-27 09:01:50,121
3872,u010,c170,2026-09-30 08:43:48,12
3873,u013,c173,2026-09-13 00:43:21,114
3874,u124,c183,2026-09-17 12:41:46,25
3875,u127,c189,2026-09-20 10:32:43,124
3876,u007,c291,2026-09-25 04:33:36,208
3877,u057,c190,2026-09-21 18:05:08,163
3878,u031,c068,2026-09-27 17:11:48,101
3879,u164,c103,2026-09-12 12:17:04,54
3880,u027,c048,2026-09-13 08:09:07,13
3881,u156,c244,2026-09-17 12:37:52,119
3882,u138,c037,2026-09-06 11:31:44,80
3883,u014,c158,2026-09-16 10:09:40,52
3884,u119,c148,2026-09-13 13:03:51,84
3885,u049,c133,2026-09-17 12:32:49,128
3886,u050,c171,2026-09-27 17:17:00,56
3887,u088,c243,2026-09-13 18:24:43,190
3888,u188,c095,2026-09-03 10:34:59,136
3889,u139,c034,2026-09-19 18:14:45,20
3890,u113,c300,2026-09-17 08:13:22,71
3891,u147,c042,2026-09-19 19:56:50,69
3892,u008,c157,2026-09-06 13:53:07,167
3893,u086,c247,2026-09-22 15:41:47,164
3894,u045,c213,2026-09-08 13:24:50,146
3895,u063,c043,2026-09-08 13:06:37,32
3896,u034,c220,2026-09-02 14:28:28,109
3897,u061,c180,2026-09-07 12:33:37,34
3898,u142,c159,2026-09-17 14:47:18,131
3899,u053,c242,2026-09-18 00:48:20,121
3900,u035,c295,2026-09-25 06:24:40,25
3901,u108,c180,2026-09-24 22:25:14,105
3902,u050,c178,2026-09-01 14:31:42,227
3903,u016,c286,2026-09-18 21:15:52,137
3904,u155,c215,2026-09-28 07:23:45,239
3905,u063,c213,2026-09-02 10:15:18,91
3906,u103,c011,2026-09-25 21:47:16,80
3907,u159,c164,2026-09-08 14:44:41,136
3908,u056,c170,2026-09-09 20:12:04,37
3909,u087,c284,2026-09-24 08:38:52,186
3910,u117,c211,2026-09-08 19:58:23,113
3911,u180,c048,2026-09-29 09:02:10,150
3912,u031,c203,2026-09-21 20:27:17,159
3913,u127,c132,2026-09-15 07:02:43,165
3914,u199,c048,2026-09-01 05:53:00,220
3915,u183,c024,2026-09-14 15:29:17,137
3916,u154,c202,2026-09-22 13:11:06,138
3917,u101,c202,2026-09-04 18:02:48,75
3918,u099,c048,2026-09-06 06:52:13,47
3919,u028,c219,2026-09-23 19:15:04,96
3920,u099,c282,2026-09-11 05:27:49,182
3921,u157,c090,2026-09-01 08:51:42,143
3922,u139,c035,2026-09-20 10:31:07,173
3923,u098,c164,2026-09-12 18:14:30,40
3924,u050,c170,2026-09-19 21:18:03,40
3925,u162,c226,2026-09-28 15:15:18,282
3926,u145,c177,2026-09-12 10:41:10,136
3927,u121,c278,2026-09-01 18:23:49,49
3928,u167,c080,2026-09-27 09:16:24,158
3929,u153,c178,2026-09-05 11:47:42,240
3930,u011,c244,2026-09-08 14:50:17,185
3931,u141,c272,2026-09-29 04:13:44,181
3932,u166,c039,2026-09-24 13:45:19,221
3933,u150,c266,2026-09-10 17:44:51,166
3934,u006,c093,2026-09-11 11:25:18,183
3935,u043,c139,2026-09-14 12:36:19,61
3936,u196,c046,2026-09-17 23:51:52,88
3937,u067,c239,2026-09-25 19:13:36,99
3938,u131,c265,2026-09-21 21:54:53,222
3939,u017,c184,2026-09-15 18:08:24,150
3940,u031,c060,2026-09-15 21:46:00,83
3941,u038,c236,2026-09-04 10:24:48,62
3942,u150,c239,2026-09-12 18:59:08,260
3943,u086,c086,2026-09-30 15:59:23,65
3944,u166,c201,2026-09-19 08:23:39,93
3945,u031,c014,2026-09-23 08:41:02,180
3946,u130,c009,2026-09-18 18:58:43,28
3947,u008,c035,2026-09-19 13:33:48,77
3948,u191,c020,2026-09-28 02:23:32,65
3949,u098,c074,2026-09-14 00:17:22,74
3950,u046,c136,2026-09-14 12:26:15,188
3951,u133,c196,2026-09-21 12:44:21,242
3952,u088,c102,2026-09-27 21:38:05,207
3953,u077,c070,2026-09-20 19:26:34,261
3954,u039,c008,2026-09-18 14:53:38,219
3955,u167,c061,2026-09-17 10:01:44,166
3956,u077,c166,2026-09-18 22:31:52,11
3957,u044,c061,2026-09-23 23:40:35,19
3958,u099,c008,2026-09-12 16:08:28,252
3959,u017,c267,2026-09-26 14:50:59,76
3960,u034,c162,2026-09-12 11:47:27,14
3961,u076,c039,2026-09-15 14:50:36,10
3962,u081,c133,2026-09-24 12:32:11,59
3963,u083,c093,2026-09-28 05:55:50,145
3964,u045,c129,2026-09-24 18:23:44,48
3965,u058,c265,2026-09-23 10:57:33,214
3966,u023,c086,2026-09-11 18:45:50,254
3967,u096,c248,2026-09-24 14:51:03,95
3968,u088,c051,2026-09-22 16:57:33,173
3969,u121,c223,2026-09-27 18:54:07,24
3970,u011,c204,2026-09-30 15:47:29,63
3971,u099,c097,2026-09-19 20:54:41,193
3972,u092,c033,2026-09-05 16:34:49,82
3973,u034,c150,2026-09-02 21:48:38,191
3974,u140,c088,2026-09-03 19:24:02,49
3975,u150,c299,2026-09-19 16:58:06,76
3976,u023,c187,2026-09-02 22:11:24,98
3977,u092,c287,2026-09-22 20:31:41,195
3978,u174,c294,2026-09-24 18:46:18,42
3979,u094,c024,2026-09-28 12:33:34,52
3980,u103,c133,2026-09-09 19:25:02,99
3981,u081,c053,2026-09-15 13:32:56,168
3982,u078,c024,2026-09-24 15:09:02,77
3983,u003,c190,2026-09-03 21:37:21,128
3984,u081,c271,2026-09-07 09:34:36,167
3985,u088,c129,2026-09-19 11:58:00,35
3986,u078,c157,2026-09-13 18:34:46,121
3987,u017,c182,2026-09-01 07:14:12,234
3988,u030,c211,2026-09-16 09:28:06,10
3989,u157,c082,2026-09-13 12:39:20,96
3990,u099,c230,2026-09-16 23:08:17,310
3991,u030,c197,2026-09-07 10:15:14,41
3992,u192,c293,2026-09-08 14:10:05,128
3993,u121,c292,2026-09-11 19:46:43,171
3994,u054,c132,2026-09-05 11:23:12,83
3995,u056,c207,2026-09-01 08:05:26,74
3996,u186,c229,2026-09-23 12:11:03,267
3997,u137,c047,2026-09-11 09:32:58,136
3998,u029,c088,2026-09-10 01:00:25,124
3999,u064,c266,2026-09-11 07:05:03,187
4000,u178,c066,2026-09-25 14:31:39,98
4001,u155,c214,2026-09-12 23:54:02,163
4002,u122,c240,2026-09-24 22:12:23,117
4003,u112,c219,2026-09-27 04:17:11,162
4004,u061,c141,2026-09-19 08:02:10,47
4005,u040,c118,2026-09-15 18:38:39,131
4006,u167,c100,2026-09-07 16:39:54,105
4007,u195,c296,2026-09-15 07:01:42,50
4008,u097,c064,2026-09-14 08:59:36,45
4009,u007,c257,2026-09-28 16:07:34,68
4010,u078,c009,2026-09-19 16:14:14,189
4011,u166,c231,2026-09-02 01:00:13,120
4012,u037,c271,2026-09-18 11:27:48,31
4013,u078,c186,2026-09-10 16:24:57,162
4014,u086,c286,2026-09-28 18:28:20,170
4015,u105,c285,2026-09-04 07:47:10,90
4016,u093,c063,2026-09-13 07:12:56,124
4017,u042,c008,2026-09-09 17:34:42,259
4018,u086,c017,2026-09-11 14:16:30,80
4019,u011,c017,2026-09-01 08:36:32,49
4020,u070,c215,2026-09-28 08:54:08,94
4021,u053,c153,2026-09-15 16:01:49,166
4022,u196,c044,2026-09-10 20:23:21,116
4023,u053,c139,2026-09-12 22:39:56,148
4024,u055,c047,2026-09-03 09:43:18,37
4025,u045,c247,2026-09-04 16:04:03,143
4026,u022,c194,2026-09-21 08:20:15,141
4027,u159,c127,2026-09-21 08:04:05,214
4028,u018,c074,2026-09-29 11:22:09,297
4029,u028,c129,2026-09-25 13:52:40,66
4030,u041,c110,2026-09-25 12:46:13,188
4031,u109,c054,2026-09-08 21:54:36,37
4032,u172,c246,2026-09-03 15:20:01,97
4033,u010,c234,2026-09-15 06:17:24,38
4034,u083,c298,2026-09-19 15:26:23,90
4035,u160,c095,2026-09-18 18:55:31,85
4036,u127,c092,2026-09-17 17:07:16,100
4037,u081,c176,2026-09-09 16:50:12,12
4038,u127,c024,2026-09-28 18:45:36,10
4039,u084,c208,2026-09-06 18:09:33,49
4040,u124,c263,2026-09-28 12:06:09,60
4041,u055,c226,2026-09-28 21:20:36,73
4042,u172,c189,2026-09-11 09:27:14,50
4043,u035,c221,2026-09-29 19:09:08,172
4044,u030,c239,2026-09-12 15:21:59,62
4045,u058,c296,2026-09-11 11:02:34,34
4046,u043,c073,2026-09-19 14:35:40,30
4047,u138,c275,2026-09-21 12:00:44,171
4048,u078,c243,2026-09-18 08:35:40,164
4049,u046,c012,2026-09-12 13:30:22,44
4050,u097,c234,2026-09-30 20:46:53,186
4051,u150,c132,2026-09-09 21:03:47,95
4052,u127,c095,2026-09-08 07:31:41,136
4053,u141,c204,2026-09-03 08:28:56,187
4054,u008,c213,2026-09-14 14:35:12,167
4055,u031,c209,2026-09-28 21:52:44,34
4056,u106,c185,2026-09-08 10:43:36,84
4057,u041,c232,2026-09-15 15:19:09,41
4058,u090,c002,2026-09-03 21:48:33,61
4059,u087,c226,2026-09-19 13:57:36,173
4060,u172,c160,2026-09-06 06:05:08,154
4061,u049,c177,2026-09-11 18:54:07,96
4062,u143,c118,2026-09-17 21:12:33,119
4063,u039,c017,2026-09-14 10:19:12,23
4064,u153,c246,2026-09-30 10:03:00,115
4065,u079,c089,2026-09-25 13:17:03,133
4066,u155,c138,2026-09-24 11:36:20,175
4067,u171,c103,2026-09-13 21:30:35,90
4068,u046,c013,2026-09-30 18:30:06,132
4069,u141,c090,2026-09-06 07:59:13,221
4070,u153,c017,2026-09-28 08:43:25,85
4071,u063,c274,2026-09-14 08:17:53,59
4072,u042,c266,2026-09-14 00:22:11,116
4073,u162,c242,2026-09-04 12:26:57,75
4074,u069,c281,2026-09-28 17:20:17,30
4075,u082,c107,2026-09-05 11:52:26,237
4076,u127,c054,2026-09-05 10:37:40,58
4077,u041,c062,2026-09-12 23:09:28,137
4078,u118,c281,2026-09-20 10:38:41,122
4079,u050,c194,2026-09-12 20:37:34,81
4080,u002,c132,2026-09-04 05:58:09,85
4081,u150,c058,2026-09-20 11:40:08,55
4082,u104,c273,2026-09-17 20:43:31,54
4083,u050,c218,2026-09-18 17:33:04,168
4084,u111,c143,2026-09-30 08:19:44,105
4085,u066,c188,2026-09-06 00:54:09,32
4086,u040,c230,2026-09-21 07:46:02,258
4087,u132,c131,2026-09-07 23:03:43,274
4088,u121,c028,2026-09-09 15:00:33,53
4089,u028,c008,2026-09-21 14:39:33,146
4090,u137,c063,2026-09-03 19:09:26,18
4091,u137,c118,2026-09-02 14:07:00,191
4092,u031,c232,2026-09-19 02:59:22,52
4093,u017,c284,2026-09-29 20:27:15,154
4094,u172,c039,2026-09-20 07:14:07,104
4095,u142,c188,2026-09-18 22:22:27,60
4096,u132,c259,2026-09-14 13:10:24,84
4097,u157,c034,2026-09-10 15:13:11,18
4098,u192,c260,2026-09-11 19:01:09,73
4099,u159,c020,2026-09-23 10:38:22,96
4100,u097,c209,2026-09-25 14:36:17,182
4101,u190,c113,2026-09-18 18:37:10,77
4102,u168,c170,2026-09-20 11:59:12,34
4103,u070,c024,2026-09-17 20:16:12,45
4104,u178,c115,2026-09-18 08:03:19,16
4105,u020,c154,2026-09-29 16:02:10,30
4106,u150,c265,2026-09-14 18:27:39,285
4107,u096,c124,2026-09-01 12:06:32,275
4108,u191,c298,2026-09-11 19:10:49,10
4109,u029,c153,2026-09-20 13:30:20,162
4110,u123,c142,2026-09-14 07:49:32,127
4111,u066,c038,2026-09-02 17:01:31,48
4112,u088,c136,2026-09-04 19:49:04,82
4113,u185,c282,2026-09-10 11:30:05,216
4114,u061,c182,2026-09-26 11:35:15,137
4115,u174,c036,2026-09-30 13:26:33,116
4116,u110,c118,2026-09-21 12:08:15,19
4117,u026,c181,2026-09-22 22:12:02,23
4118,u161,c067,2026-09-23 07:52:45,62
4119,u044,c198,2026-09-13 08:25:06,141
4120,u064,c234,2026-09-21 20:20:20,137
4121,u028,c181,2026-09-03 12:06:07,133
4122,u072,c080,2026-09-04 06:31:48,186
4123,u030,c086,2026-09-04 02:43:02,217
4124,u031,c028,2026-09-09 18:52:24,114
4125,u030,c153,2026-09-19 17:13:20,66
4126,u169,c233,2026-09-01 20:17:35,176
4127,u103,c161,2026-09-16 14:49:24,108
4128,u083,c208,2026-09-07 18:13:44,80
4129,u081,c169,2026-09-27 06:39:42,133
4130,u150,c206,2026-09-19 08:35:07,76
4131,u114,c257,2026-09-25 16:07:15,46
4132,u146,c202,2026-09-11 13:59:43,151
4133,u181,c150,2026-09-14 14:41:19,138
4134,u034,c016,2026-09-08 19:44:57,137
4135,u191,c171,2026-09-23 22:03:57,17
4136,u099,c255,2026-09-10 11:57:57,190
4137,u002,c069,2026-09-27 18:12:33,159
4138,u066,c204,2026-09-16 10:26:52,71
4139,u185,c033,2026-09-27 08:31:38,117
4140,u087,c067,2026-09-25 07:31:37,24
4141,u009,c152,2026-09-18 21:12:24,183
4142,u116,c289,2026-09-21 19:13:13,113
4143,u142,c197,2026-09-30 19:56:25,58
4144,u153,c051,2026-09-19 11:09:17,60
4145,u008,c199,2026-09-18 13:23:14,43
4146,u199,c154,2026-09-09 14:28:30,35
4147,u195,c197,2026-09-24 07:32:41,71
4148,u171,c257,2026-09-17 19:52:10,212
4149,u154,c223,2026-09-05 21:49:52,22
4150,u097,c229,2026-09-28 13:46:19,136
4151,u016,c096,2026-09-10 07:45:06,91
4152,u172,c074,2026-09-21 18:08:13,88
4153,u081,c299,2026-09-20 13:37:48,171
4154,u097,c043,2026-09-23 07:48:50,146
4155,u154,c262,2026-09-25 19:39:29,23
4156,u195,c223,2026-09-08 07:03:30,89
4157,u083,c081,2026-09-10 07:37:35,108
4158,u034,c275,2026-09-27 16:00:43,183
4159,u030,c290,2026-09-29 07:22:41,34
4160,u095,c157,2026-09-24 18:09:20,122
4161,u017,c214,2026-09-06 16:22:42,299
4162,u155,c063,2026-09-13 17:41:57,51
4163,u027,c207,2026-09-14 20:34:59,130
4164,u077,c164,2026-09-19 08:26:18,202
4165,u166,c288,2026-09-22 12:35:32,22
4166,u105,c117,2026-09-22 17:31:34,31
4167,u188,c075,2026-09-21 15:37:30,66
4168,u134,c228,2026-09-09 15:56:48,167
4169,u078,c003,2026-09-15 09:06:26,190
4170,u041,c268,2026-09-26 17:09:28,118
4171,u068,c116,2026-09-12 19:25:13,181
4172,u162,c245,2026-09-14 17:09:52,79
4173,u116,c099,2026-09-25 08:37:40,97
4174,u099,c044,2026-09-17 22:09:22,122
4175,u053,c151,2026-09-10 19:39:14,80
4176,u089,c174,2026-09-19 14:01:34,134
4177,u149,c232,2026-09-11 12:17:52,91
4178,u174,c199,2026-09-03 13:26:53,136
4179,u044,c159,2026-09-11 20:27:26,180
4180,u164,c148,2026-09-25 13:52:19,101
4181,u172,c219,2026-09-09 15:48:37,128
4182,u063,c156,2026-09-05 12:11:15,175
4183,u041,c100,2026-09-28 20:05:11,26
4184,u185,c133,2026-09-02 10:30:01,54
4185,u150,c035,2026-09-06 14:59:30,183
4186,u154,c244,2026-09-18 13:21:34,47
4187,u121,c218,2026-09-08 13:31:39,90
4188,u013,c164,2026-09-28 10:28:25,89
4189,u150,c053,2026-09-02 10:53:02,94
4190,u011,c178,2026-09-27 11:04:59,182
4191,u014,c225,2026-09-07 13:17:49,287
4192,u146,c157,2026-09-05 16:34:54,167
4193,u067,c155,2026-09-03 01:13:55,21
4194,u076,c069,2026-09-07 12:55:48,243
4195,u159,c024,2026-09-15 06:34:08,67
4196,u150,c047,2026-09-19 21:58:11,55
4197,u179,c141,2026-09-10 18:16:19,73
4198,u168,c017,2026-09-18 22:41:58,24
4199,u119,c096,2026-09-16 05:57:14,60
4200,u078,c003,2026-09-27 14:02:03,235
4201,u019,c278,2026-09-17 17:05:39,140
4202,u018,c092,2026-09-15 01:18:38,125
4203,u097,c204,2026-09-17 08:58:54,212
4204,u049,c093,2026-09-17 08:12:57,75
4205,u160,c273,2026-09-21 16:48:29,150
4206,u096,c045,2026-09-28 15:44:51,29
4207,u114,c278,2026-09-20 10:19:07,11
4208,u106,c099,2026-09-07 05:03:47,90
4209,u026,c223,2026-09-22 13:01:08,15
4210,u049,c108,2026-09-17 11:43:12,56
4211,u175,c028,2026-09-07 12:07:16,116
4212,u049,c043,2026-09-24 08:52:31,194
4213,u121,c193,2026-09-10 19:32:05,91
4214,u121,c153,2026-09-24 12:58:27,159
4215,u160,c124,2026-09-13 17:30:38,264
4216,u168,c203,2026-09-06 17:36:24,110
4217,u191,c265,2026-09-07 11:33:56,50
4218,u104,c083,2026-09-04 16:39:14,36
4219,u058,c299,2026-09-23 14:09:14,147
4220,u099,c129,2026-09-29 12:00:50,132
4221,u148,c276,2026-09-20 18:59:51,196
4222,u116,c153,2026-09-19 12:39:10,173
4223,u175,c034,2026-09-23 18:42:21,280
4224,u185,c006,2026-09-01 04:46:20,196
4225,u152,c259,2026-09-23 17:28:31,197
4226,u181,c051,2026-09-24 02:11:57,34
4227,u052,c103,2026-09-23 16:45:42,196
4228,u016,c035,2026-09-19 14:30:30,68
4229,u004,c178,2026-09-02 17:37:17,148
4230,u015,c032,2026-09-02 21:14:52,97
4231,u106,c248,2026-09-24 10:48:18,216
4232,u115,c158,2026-09-25 17:35:50,220
4233,u079,c268,2026-09-26 21:46:32,100
4234,u141,c243,2026-09-29 15:20:02,71
4235,u174,c044,2026-09-16 09:51:21,200
4236,u160,c215,2026-09-09 13:25:27,21
4237,u156,c240,2026-09-06 19:24:03,181
4238,u131,c275,2026-09-03 19:56:04,122
4239,u148,c174,2026-09-19 10:20:58,49
4240,u147,c243,2026-09-14 19:11:59,134
4241,u072,c271,2026-09-19 02:05:32,62
4242,u077,c159,2026-09-26 05:41:18,62
4243,u174,c293,2026-09-30 21:32:04,74
4244,u077,c149,2026-09-06 08:48:46,13
4245,u162,c156,2026-09-26 20:48:48,119
4246,u121,c159,2026-09-07 08:13:48,223
4247,u141,c153,2026-09-14 12:22:35,48
4248,u103,c063,2026-09-08 07:53:25,54
4249,u046,c118,2026-09-09 12:09:04,161
4250,u092,c205,2026-09-14 09:59:50,276
4251,u008,c164,2026-09-23 10:43:43,47
4252,u049,c184,2026-09-15 16:43:54,36
4253,u192,c131,2026-09-16 13:52:57,91
4254,u026,c027,2026-09-04 12:59:09,307
4255,u195,c136,2026-09-27 18:18:25,205
4256,u030,c103,2026-09-07 11:45:48,126
4257,u141,c214,2026-09-18 12:50:44,105
4258,u131,c077,2026-09-03 13:44:04,237
4259,u045,c122,2026-09-14 01:56:16,221
4260,u098,c043,2026-09-12 18:33:31,149
4261,u051,c226,2026-09-20 16:31:33,275
4262,u115,c091,2026-09-15 20:05:46,270
4263,u197,c282,2026-09-28 13:23:38,94
4264,u145,c214,2026-09-01 19:26:51,199
4265,u150,c089,2026-09-11 09:50:48,28
4266,u010,c012,2026-09-02 15:26:21,145
4267,u003,c184,2026-09-07 00:29:39,246
4268,u124,c108,2026-09-24 09:44:04,151
4269,u046,c174,2026-09-12 19:28:50,120
4270,u098,c063,2026-09-23 14:00:54,42
4271,u178,c136,2026-09-23 17:36:20,94
4272,u082,c096,2026-09-18 12:30:03,77
4273,u088,c095,2026-09-19 23:46:24,55
4274,u150,c227,2026-09-09 13:44:24,182
4275,u195,c295,2026-09-05 20:11:47,117
4276,u178,c171,2026-09-23 15:11:17,67
4277,u185,c056,2026-09-15 21:49:23,97
4278,u076,c100,2026-09-11 08:51:53,49
4279,u134,c064,2026-09-26 17:26:16,268
4280,u171,c156,2026-09-25 13:44:40,113
4281,u157,c143,2026-09-02 17:30:29,169
4282,u022,c219,2026-09-22 04:46:26,47
4283,u137,c003,2026-09-21 17:36:55,79
4284,u015,c188,2026-09-03 09:57:15,160
4285,u154,c135,2026-09-03 14:04:24,201
4286,u035,c042,2026-09-25 19:49:38,41
4287,u023,c053,2026-09-02 17:53:00,37
4288,u058,c170,2026-09-08 19:17:25,47
4289,u154,c171,2026-09-06 16:02:59,176
4290,u199,c200,2026-09-29 19:07:33,34
4291,u160,c230,2026-09-01 11:18:43,75
4292,u031,c035,2026-09-07 10:25:18,195
4293,u188,c036,2026-09-24 08:23:17,102
4294,u149,c021,2026-09-02 13:08:28,223
4295,u162,c129,2026-09-22 02:36:45,73
4296,u157,c184,2026-09-09 07:50:48,248
4297,u002,c237,2026-09-29 20:33:55,47
4298,u157,c118,2026-09-07 15:24:32,122
4299,u077,c210,2026-09-29 08:06:18,222
4300,u103,c063,2026-09-18 15:04:45,58
4301,u111,c084,2026-09-27 18:52:34,124
4302,u116,c282,2026-09-19 11:16:38,55
4303,u116,c284,2026-09-10 22:52:13,62
4304,u038,c011,2026-09-09 13:21:16,86
4305,u086,c062,2026-09-07 23:03:48,150
4306,u118,c028,2026-09-13 18:22:41,23
4307,u195,c238,2026-09-08 15:47:26,88
4308,u017,c190,2026-09-30 17:28:20,57
4309,u079,c279,2026-09-26 05:08:37,109
4310,u131,c185,2026-09-05 19:26:04,164
4311,u191,c076,2026-09-27 15:43:01,172
4312,u036,c197,2026-09-12 21:25:56,73
4313,u124,c048,2026-09-03 13:14:03,127
4314,u038,c284,2026-09-27 13:31:18,156
4315,u087,c122,2026-09-14 16:39:07,163
4316,u087,c014,2026-09-25 13:51:13,69
4317,u097,c118,2026-09-11 14:28:11,148
4318,u195,c049,2026-09-16 00:05:18,121
4319,u035,c093,2026-09-07 07:48:04,186
4320,u023,c038,2026-09-23 03:28:52,23
4321,u155,c141,2026-09-19 09:15:30,69
4322,u142,c083,2026-09-02 15:13:42,139
4323,u056,c087,2026-09-08 15:03:07,136
4324,u099,c069,2026-09-30 10:31:49,22
4325,u026,c092,2026-09-24 14:35:25,184
4326,u110,c279,2026-09-06 07:47:29,55
4327,u077,c006,2026-09-03 13:47:35,208
4328,u003,c262,2026-09-19 15:09:53,108
4329,u118,c033,2026-09-01 05:47:21,90
4330,u081,c168,2026-09-03 15:17:47,121
4331,u172,c060,2026-09-21 22:36:16,207
4332,u006,c194,2026-09-10 21:42:30,232
4333,u128,c177,2026-09-14 11:05:53,83
4334,u075,c135,2026-09-15 15:13:30,109
4335,u131,c174,2026-09-23 19:53:53,100
4336,u099,c020,2026-09-29 20:54:06,117
4337,u137,c288,2026-09-05 13:04:41,94
4338,u090,c243,2026-09-22 21:04:25,62
4339,u035,c111,2026-09-20 15:55:08,77
4340,u078,c287,2026-09-09 22:17:00,51
4341,u119,c141,2026-09-09 20:28:46,121
4342,u047,c269,2026-09-03 19:58:07,100
4343,u083,c170,2026-09-23 21:39:06,13
4344,u071,c186,2026-09-04 18:53:29,205
4345,u126,c042,2026-09-10 04:33:39,174
4346,u127,c232,2026-09-27 19:17:03,173
4347,u147,c077,2026-09-03 18:09:22,80
4348,u057,c013,2026-09-13 21:08:17,100
4349,u133,c244,2026-09-26 21:00:06,169
4350,u193,c221,2026-09-21 15:24:48,90
4351,u088,c236,2026-09-25 18:16:42,207
4352,u023,c204,2026-09-17 15:21:48,212
4353,u029,c233,2026-09-11 11:12:20,167
4354,u019,c259,2026-09-02 23:02:09,70
4355,u101,c266,2026-09-10 06:08:33,87
4356,u116,c030,2026-09-01 18:49:23,286
4357,u125,c259,2026-09-26 16:16:26,119
4358,u028,c186,2026-09-08 02:31:58,41
4359,u086,c286,2026-09-14 21:45:12,92
4360,u037,c063,2026-09-29 11:20:06,102
4361,u181,c122,2026-09-22 08:19:54,171
4362,u070,c012,2026-09-27 12:39:15,158
4363,u083,c034,2026-09-17 17:41:19,88
4364,u162,c197,2026-09-03 12:36:33,72
4365,u084,c204,2026-09-30 19:38:16,195
4366,u084,c226,2026-09-12 15:04:42,262
4367,u041,c080,2026-09-14 15:03:54,98
4368,u131,c257,2026-09-01 16:10:14,14
4369,u078,c279,2026-09-02 00:10:18,83
4370,u187,c095,2026-09-20 09:36:15,274
4371,u146,c291,2026-09-02 17:13:29,116
4372,u101,c078,2026-09-17 08:47:07,54
4373,u034,c020,2026-09-26 09:27:30,167
4374,u019,c004,2026-09-16 10:04:09,237
4375,u111,c100,2026-09-07 09:32:09,172
4376,u127,c231,2026-09-15 18:38:27,54
4377,u032,c158,2026-09-18 19:09:52,121
4378,u196,c076,2026-09-18 13:36:18,60
4379,u111,c294,2026-09-18 13:09:40,85
4380,u088,c267,2026-09-24 06:26:39,121
4381,u003,c081,2026-09-30 09:07:44,73
4382,u156,c011,2026-09-02 18:35:58,112
4383,u130,c199,2026-09-04 19:13:38,117
4384,u179,c091,2026-09-18 19:51:45,206
4385,u087,c069,2026-09-11 16:15:07,179
4386,u165,c157,2026-09-04 12:23:41,151
4387,u071,c126,2026-09-27 10:55:26,26
4388,u092,c232,2026-09-01 21:50:38,32
4389,u088,c159,2026-09-08 15:56:16,185
4390,u145,c268,2026-09-27 18:41:42,41
4391,u131,c071,2026-09-06 20:39:53,80
4392,u075,c197,2026-09-10 08:51:05,58
4393,u189,c190,2026-09-14 13:46:23,81
4394,u178,c127,2026-09-02 16:25:56,163
4395,u051,c288,2026-09-03 14:37:02,51
4396,u077,c102,2026-09-28 07:06:54,69
4397,u056,c067,2026-09-14 19:45:10,117
4398,u116,c265,2026-09-14 15:01:27,291
4399,u088,c044,2026-09-18 08:00:33,20
4400,u070,c117,2026-09-09 19:55:03,26
4401,u031,c113,2026-09-12 11:40:28,143
4402,u030,c278,2026-09-05 15:43:46,132
4403,u086,c146,2026-09-07 14:00:48,16
4404,u076,c176,2026-09-04 13:08:43,190
4405,u017,c039,2026-09-15 13:09:04,53
4406,u191,c009,2026-09-27 09:09:24,129
4407,u172,c088,2026-09-24 17:57:19,26
4408,u164,c036,2026-09-30 18:52:39,97
4409,u067,c063,2026-09-28 03:47:24,98
4410,u035,c009,2026-09-17 20:21:01,161
4411,u133,c152,2026-09-16 12:23:23,191
4412,u131,c070,2026-09-13 14:09:13,156
4413,u110,c198,2026-09-16 22:59:08,98
4414,u106,c241,2026-09-20 06:59:44,82
4415,u191,c189,2026-09-26 08:06:02,54
4416,u146,c024,2026-09-20 13:55:10,91
4417,u106,c051,2026-09-10 12:24:40,45
4418,u188,c082,2026-09-28 07:59:25,148
4419,u028,c175,2026-09-08 12:41:51,44
4420,u023,c204,2026-09-19 11:08:46,157
4421,u192,c209,2026-09-17 16:43:31,270
4422,u115,c168,2026-09-23 09:29:31,81
4423,u157,c239,2026-09-29 10:51:14,190
4424,u018,c008,2026-09-26 06:12:17,131
4425,u093,c220,2026-09-22 07:27:40,55
4426,u108,c159,2026-09-28 11:46:05,73
4427,u173,c296,2026-09-11 14:16:31,21
4428,u086,c258,2026-09-08 20:22:27,71
4429,u078,c125,2026-09-07 09:42:09,100
4430,u171,c248,2026-09-26 16:27:50,207
4431,u195,c083,2026-09-27 13:53:51,100
4432,u108,c022,2026-09-02 09:46:46,67
4433,u067,c157,2026-09-05 19:15:38,282
4434,u093,c070,2026-09-27 08:59:31,109
4435,u158,c080,2026-09-10 10:49:00,119
4436,u037,c060,2026-09-16 05:10:47,164
4437,u169,c105,2026-09-09 11:42:37,88
4438,u050,c293,2026-09-14 17:38:18,59
4439,u013,c021,2026-09-06 21:24:27,179
4440,u022,c083,2026-09-23 14:29:23,34
4441,u130,c275,2026-09-06 13:49:12,26
4442,u118,c097,2026-09-09 09:21:24,40
4443,u002,c172,2026-09-11 01:36:22,66
4444,u037,c139,2026-09-14 12:04:35,130
4445,u084,c205,2026-09-28 11:24:48,54
4446,u175,c170,2026-09-28 19:44:13,58
4447,u121,c157,2026-09-22 20:49:41,113
4448,u117,c258,2026-09-15 07:01:20,69
4449,u063,c160,2026-09-19 15:25:26,133
4450,u191,c083,2026-09-03 11:54:52,13
4451,u145,c034,2026-09-23 17:01:15,266
4452,u053,c038,2026-09-06 07:10:01,225
4453,u192,c093,2026-09-28 12:19:39,81
4454,u106,c142,2026-09-23 08:19:08,26
4455,u168,c103,2026-09-13 07:45:32,289
4456,u172,c228,2026-09-25 11:36:13,166
4457,u156,c074,2026-09-18 12:07:29,243
4458,u016,c120,2026-09-13 12:40:20,37
4459,u007,c161,2026-09-15 14:26:21,103
4460,u155,c288,2026-09-13 14:09:49,187
4461,u154,c077,2026-09-02 18:29:47,96
4462,u132,c074,2026-09-01 13:18:38,244
4463,u110,c120,2026-09-03 11:04:42,48
4464,u096,c201,2026-09-04 10:45:06,165
4465,u070,c189,2026-09-06 18:49:43,55
4466,u137,c151,2026-09-30 07:25:03,208
4467,u031,c186,2026-09-17 08:06:06,219
4468,u185,c105,2026-09-18 13:22:18,37
4469,u172,c204,2026-09-21 10:36:15,131
4470,u030,c166,2026-09-18 18:05:32,184
4471,u124,c295,2026-09-24 09:29:56,43
4472,u180,c183,2026-09-02 07:07:05,89
4473,u159,c215,2026-09-22 16:01:59,182
4474,u148,c205,2026-09-17 15:28:53,41
4475,u162,c027,2026-09-27 03:01:59,156
4476,u087,c205,2026-09-17 07:13:05,233
4477,u058,c066,2026-09-27 04:24:24,45
4478,u087,c291,2026-09-15 10:38:31,130
4479,u158,c164,2026-09-17 10:02:59,14
4480,u172,c081,2026-09-10 04:53:41,48
4481,u111,c074,2026-09-04 17:02:01,13
4482,u087,c196,2026-09-16 21:03:53,35
4483,u037,c017,2026-09-13 11:17:56,210
4484,u066,c120,2026-09-03 23:10:54,55
4485,u056,c060,2026-09-30 08:11:08,197
4486,u191,c132,2026-09-04 20:26:24,185
4487,u079,c177,2026-09-15 12:25:29,39
4488,u042,c178,2026-09-18 23:30:27,140
4489,u064,c118,2026-09-18 13:58:52,115
4490,u006,c129,2026-09-23 17:45:18,66
4491,u033,c009,2026-09-30 09:40:28,40
4492,u160,c041,2026-09-18 18:48:38,197
4493,u192,c156,2026-09-15 07:31:31,125
4494,u014,c016,2026-09-05 12:01:27,226
4495,u146,c189,2026-09-11 15:05:06,53
4496,u154,c170,2026-09-20 19:26:03,30
4497,u046,c108,2026-09-18 17:52:20,225
4498,u175,c177,2026-09-16 06:43:26,178
4499,u031,c218,2026-09-07 09:28:41,77
4500,u150,c291,2026-09-16 07:42:45,12
4501,u052,c282,2026-09-14 07:17:07,181
4502,u105,c215,2026-09-15 15:42:56,15
4503,u095,c291,2026-09-03 17:27:33,39
4504,u145,c058,2026-09-27 18:52:08,114
4505,u132,c188,2026-09-19 18:05:16,221
4506,u006,c117,2026-09-26 17:38:47,42
4507,u049,c245,2026-09-25 17:52:48,296
4508,u179,c083,2026-09-01 11:08:48,97
4509,u031,c242,2026-09-21 07:54:15,84
4510,u020,c252,2026-09-30 13:45:59,188
4511,u061,c159,2026-09-25 13:03:58,17
4512,u088,c152,2026-09-21 23:03:16,78
4513,u192,c044,2026-09-23 01:59:24,19
4514,u056,c197,2026-09-27 10:27:55,34
4515,u160,c282,2026-09-27 12:11:40,31
4516,u179,c166,2026-09-09 05:50:02,229
4517,u192,c192,2026-09-29 11:05:10,133
4518,u106,c061,2026-09-16 21:47:35,220
4519,u106,c280,2026-09-12 17:13:34,137
4520,u162,c214,2026-09-06 23:17:12,60
4521,u139,c035,2026-09-24 11:54:44,200
4522,u122,c101,2026-09-04 19:39:13,143
4523,u119,c083,2026-09-30 17:56:52,68
4524,u068,c051,2026-09-15 18:50:46,32
4525,u195,c008,2026-09-19 16:54:17,240
4526,u111,c161,2026-09-27 11:46:39,133
4527,u156,c069,2026-09-21 17:22:52,62
4528,u111,c048,2026-09-12 06:22:20,128
4529,u016,c010,2026-09-16 11:58:17,10
4530,u131,c132,2026-09-17 08:21:44,91
4531,u119,c129,2026-09-09 20:21:13,160
4532,u059,c122,2026-09-14 07:40:51,21
4533,u075,c252,2026-09-04 02:59:46,268
4534,u033,c027,2026-09-08 09:55:58,117
4535,u106,c283,2026-09-04 00:03:30,89
4536,u097,c226,2026-09-13 19:02:17,295
4537,u120,c103,2026-09-21 12:07:23,146
4538,u153,c276,2026-09-03 21:49:23,243
4539,u084,c068,2026-09-01 19:28:18,166
4540,u097,c183,2026-09-01 21:24:21,146
4541,u156,c223,2026-09-12 16:53:45,20
4542,u034,c114,2026-09-05 08:17:21,130
4543,u128,c165,2026-09-03 17:41:17,125
4544,u078,c210,2026-09-23 20:49:06,91
4545,u058,c219,2026-09-02 16:11:45,159
4546,u156,c287,2026-09-03 18:51:16,90
4547,u103,c122,2026-09-25 22:19:27,199
4548,u167,c229,2026-09-10 13:27:40,176
4549,u150,c156,2026-09-23 21:09:12,130
4550,u176,c147,2026-09-26 09:02:45,200
4551,u097,c262,2026-09-03 12:59:12,18
4552,u150,c150,2026-09-03 09:32:26,142
4553,u172,c033,2026-09-16 12:22:57,112
4554,u171,c279,2026-09-29 14:25:48,83
4555,u024,c276,2026-09-20 15:12:19,44
4556,u175,c166,2026-09-18 20:03:53,44
4557,u146,c296,2026-09-13 21:55:46,42
4558,u134,c035,2026-09-27 20:31:23,135
4559,u077,c097,2026-09-24 05:36:59,176
4560,u074,c116,2026-09-08 15:48:46,123
4561,u128,c170,2026-09-21 12:50:34,110
4562,u188,c111,2026-09-29 15:35:42,91
4563,u169,c164,2026-09-05 16:54:42,29
4564,u053,c222,2026-09-23 19:50:41,69
4565,u169,c254,2026-09-15 15:59:17,191
4566,u111,c046,2026-09-07 09:54:11,88
4567,u030,c288,2026-09-10 17:40:04,226
4568,u109,c066,2026-09-29 00:04:09,21
4569,u141,c225,2026-09-26 23:46:35,44
4570,u189,c207,2026-09-24 21:03:24,84
4571,u111,c165,2026-09-04 21:23:24,129
4572,u131,c154,2026-09-03 08:38:52,59
4573,u115,c273,2026-09-23 11:20:45,73
4574,u045,c176,2026-09-10 16:25:03,162
4575,u016,c186,2026-09-14 16:42:07,139
4576,u066,c230,2026-09-15 07:09:25,11
4577,u144,c248,2026-09-21 16:09:55,54
4578,u050,c129,2026-09-21 09:31:38,99
4579,u121,c299,2026-09-07 13:57:55,171
4580,u056,c211,2026-09-22 18:41:55,186
4581,u047,c158,2026-09-02 04:17:20,256
4582,u038,c117,2026-09-07 20:34:49,213
4583,u082,c251,2026-09-28 09:57:23,65
4584,u041,c158,2026-09-21 06:52:09,138
4585,u077,c230,2026-09-14 08:39:00,263
4586,u116,c063,2026-09-28 21:24:35,48
4587,u106,c179,2026-09-01 12:11:53,212
4588,u139,c092,2026-09-10 15:07:18,79
4589,u070,c075,2026-09-20 00:37:46,122
4590,u123,c243,2026-09-06 08:16:54,198
4591,u094,c095,2026-09-11 21:48:32,277
4592,u121,c246,2026-09-15 09:34:12,38
4593,u035,c299,2026-09-28 06:59:08,40
4594,u148,c085,2026-09-04 03:46:35,124
4595,u060,c156,2026-09-05 13:29:22,75
4596,u066,c122,2026-09-16 15:05:34,21
4597,u172,c211,2026-09-18 09:46:06,144
4598,u024,c282,2026-09-13 10:05:22,165
4599,u031,c153,2026-09-30 12:38:01,112
4600,u174,c008,2026-09-23 11:21:55,190
4601,u019,c267,2026-09-15 10:04:05,25
4602,u050,c261,2026-09-16 08:36:15,70
4603,u139,c236,2026-09-05 16:09:56,267
4604,u133,c008,2026-09-07 17:01:55,132
4605,u038,c269,2026-09-14 10:16:02,49
4606,u019,c266,2026-09-01 20:11:46,185
4607,u167,c284,2026-09-22 09:31:22,40
4608,u133,c239,2026-09-20 20:30:55,34
4609,u090,c176,2026-09-25 09:41:12,48
4610,u105,c266,2026-09-11 19:51:33,133
4611,u002,c095,2026-09-03 17:20:57,137
4612,u090,c052,2026-09-15 14:57:45,99
4613,u038,c075,2026-09-21 19:13:41,21
4614,u064,c155,2026-09-22 08:48:40,44
4615,u114,c157,2026-09-11 22:28:23,106
4616,u156,c153,2026-09-15 21:38:19,104
4617,u179,c172,2026-09-17 14:33:11,111
4618,u117,c177,2026-09-17 14:05:31,105
4619,u128,c188,2026-09-04 11:19:13,296
4620,u031,c086,2026-09-28 17:27:22,160
4621,u029,c102,2026-09-28 13:05:12,210
4622,u094,c097,2026-09-11 17:36:45,184
4623,u083,c114,2026-09-10 21:02:29,32
4624,u072,c017,2026-09-22 07:29:30,139
4625,u183,c244,2026-09-12 23:58:51,186
4626,u160,c066,2026-09-11 09:21:44,39
4627,u121,c259,2026-09-30 14:32:16,86
4628,u122,c173,2026-09-27 13:30:53,185
4629,u185,c113,2026-09-07 18:52:56,10
4630,u052,c118,2026-09-10 05:08:25,130
4631,u049,c085,2026-09-05 17:50:30,154
4632,u170,c288,2026-09-16 11:24:16,258
4633,u125,c156,2026-09-30 09:24:03,65
4634,u186,c229,2026-09-22 21:05:16,188
4635,u191,c221,2026-09-09 04:50:09,148
4636,u031,c298,2026-09-22 07:56:23,308
4637,u108,c212,2026-09-03 21:35:29,168
4638,u168,c151,2026-09-09 16:12:52,197
4639,u182,c223,2026-09-16 22:02:14,89
4640,u072,c247,2026-09-22 19:56:52,60
4641,u104,c291,2026-09-21 19:01:05,62
4642,u160,c272,2026-09-19 23:57:12,178
4643,u180,c218,2026-09-12 15:07:03,112
4644,u118,c183,2026-09-28 12:41:23,217
4645,u194,c214,2026-09-24 17:46:31,179
4646,u070,c113,2026-09-22 10:00:40,142
4647,u054,c142,2026-09-19 10:10:35,23
4648,u099,c215,2026-09-15 18:31:34,62
4649,u160,c172,2026-09-03 21:15:31,152
4650,u087,c054,2026-09-24 19:36:35,83
4651,u145,c020,2026-09-30 08:36:37,91
4652,u165,c038,2026-09-30 09:50:32,200
4653,u016,c232,2026-09-10 05:46:10,181
4654,u162,c149,2026-09-03 13:54:07,139
4655,u096,c003,2026-09-05 13:25:48,148
4656,u173,c054,2026-09-02 18:39:22,87
4657,u089,c062,2026-09-08 20:56:13,159
4658,u120,c027,2026-09-19 08:09:17,302
4659,u030,c298,2026-09-30 07:20:20,17
4660,u095,c230,2026-09-27 08:46:45,83
4661,u106,c139,2026-09-14 07:04:55,104
4662,u122,c271,2026-09-21 18:53:51,137
4663,u010,c043,2026-09-06 13:16:36,58
4664,u058,c066,2026-09-13 13:18:24,44
4665,u199,c154,2026-09-03 08:45:41,55
4666,u172,c035,2026-09-11 15:08:58,86
4667,u145,c248,2026-09-10 14:04:11,296
4668,u022,c235,2026-09-11 14:14:35,122
4669,u160,c190,2026-09-28 19:42:04,158
4670,u070,c174,2026-09-24 12:36:38,134
4671,u063,c126,2026-09-10 09:41:53,124
4672,u054,c211,2026-09-05 09:38:13,173
4673,u103,c122,2026-09-24 12:51:03,172
4674,u051,c020,2026-09-12 15:11:00,67
4675,u162,c149,2026-09-19 10:54:12,42
4676,u001,c062,2026-09-03 15:19:16,201
4677,u043,c269,2026-09-01 16:27:17,115
4678,u065,c133,2026-09-17 16:58:27,109
4679,u137,c243,2026-09-10 17:42:00,208
4680,u120,c183,2026-09-03 12:25:21,119
4681,u036,c197,2026-09-14 22:11:55,62
4682,u047,c110,2026-09-19 20:38:14,57
4683,u167,c260,2026-09-02 20:29:47,184
4684,u192,c097,2026-09-11 09:27:31,109
4685,u120,c155,2026-09-06 20:11:21,25
4686,u004,c204,2026-09-28 18:57:16,222
4687,u016,c192,2026-09-07 13:11:11,19
4688,u152,c008,2026-09-27 18:31:40,116
4689,u146,c213,2026-09-12 08:33:17,65
4690,u044,c154,2026-09-14 13:29:36,96
4691,u131,c076,2026-09-16 09:43:22,41
4692,u142,c066,2026-09-10 17:40:09,65
4693,u073,c020,2026-09-21 20:37:44,52
4694,u123,c044,2026-09-24 09:36:33,13
4695,u094,c071,2026-09-08 10:45:08,165
4696,u067,c044,2026-09-05 07:27:35,169
4697,u145,c125,2026-09-02 20:23:50,20
4698,u026,c114,2026-09-24 07:35:07,40
4699,u047,c074,2026-09-08 18:42:58,127
4700,u028,c177,2026-09-12 19:36:09,105
4701,u141,c180,2026-09-16 18:52:46,148
4702,u091,c081,2026-09-11 22:01:19,58
4703,u041,c090,2026-09-24 17:35:39,112
4704,u035,c137,2026-09-02 14:36:11,36
4705,u099,c201,2026-09-11 07:54:57,120
4706,u081,c244,2026-09-02 19:16:11,136
4707,u030,c083,2026-09-09 12:14:29,19
4708,u093,c120,2026-09-27 10:39:19,77
4709,u115,c024,2026-09-11 13:40:36,13
4710,u098,c215,2026-09-23 17:39:35,95
4711,u088,c273,2026-09-16 17:15:19,98
4712,u144,c009,2026-09-29 20:44:39,149
4713,u050,c088,2026-09-25 12:45:42,91
4714,u152,c166,2026-09-07 18:26:10,101
4715,u018,c214,2026-09-08 17:17:31,120
4716,u171,c282,2026-09-11 13:37:45,84
4717,u134,c189,2026-09-17 07:39:11,91
4718,u105,c182,2026-09-24 13:17:34,170
4719,u155,c038,2026-09-11 13:30:06,145
4720,u175,c066,2026-09-15 11:29:06,109
4721,u148,c138,2026-09-19 09:00:59,93
4722,u112,c236,2026-09-22 12:46:26,214
4723,u199,c177,2026-09-09 18:59:40,128
4724,u071,c229,2026-09-19 11:58:44,136
4725,u062,c288,2026-09-01 21:49:50,79
4726,u162,c267,2026-09-10 16:23:32,11
4727,u118,c255,2026-09-25 20:02:22,191
4728,u011,c087,2026-09-10 09:31:29,109
4729,u188,c019,2026-09-05 17:45:50,37
4730,u078,c144,2026-09-30 06:30:56,19
4731,u019,c282,2026-09-20 14:35:04,290
4732,u016,c246,2026-09-19 14:11:48,86
4733,u143,c114,2026-09-21 09:42:35,118
4734,u031,c233,2026-09-14 13:19:49,103
4735,u159,c071,2026-09-25 16:56:35,271
4736,u031,c050,2026-09-18 12:35:44,97
4737,u013,c184,2026-09-02 13:11:40,178
4738,u128,c262,2026-09-19 07:37:23,93
4739,u026,c259,2026-09-11 11:28:17,81
4740,u187,c009,2026-09-27 09:34:36,84
4741,u044,c284,2026-09-03 10:41:18,249
4742,u053,c250,2026-09-11 12:04:01,287
4743,u101,c014,2026-09-30 10:37:07,124
4744,u093,c170,2026-09-25 14:08:31,66
4745,u109,c063,2026-09-17 15:13:41,71
4746,u167,c118,2026-09-01 21:26:54,182
4747,u017,c049,2026-09-17 07:40:54,65
4748,u134,c100,2026-09-13 14:33:00,117
4749,u076,c170,2026-09-01 12:00:03,68
4750,u180,c030,2026-09-16 00:30:00,244
4751,u075,c071,2026-09-17 21:42:47,88
4752,u164,c062,2026-09-25 10:27:50,103
4753,u115,c083,2026-09-24 18:34:46,98
4754,u022,c069,2026-09-08 14:47:46,164
4755,u029,c195,2026-09-24 17:49:27,31
4756,u071,c203,2026-09-19 08:07:20,113
4757,u001,c036,2026-09-15 17:39:52,73
4758,u189,c151,2026-09-20 10:06:56,60
4759,u094,c192,2026-09-17 21:09:14,30
4760,u176,c170,2026-09-16 08:06:27,82
4761,u108,c262,2026-09-16 07:09:35,35
4762,u172,c118,2026-09-07 06:05:45,162
4763,u011,c051,2026-09-09 00:35:10,90
4764,u147,c159,2026-09-10 17:32:21,265
4765,u069,c186,2026-09-19 17:37:08,118
4766,u007,c189,2026-09-20 20:38:33,65
4767,u156,c016,2026-09-20 08:44:43,137
4768,u173,c225,2026-09-27 10:36:20,61
4769,u079,c216,2026-09-16 18:39:46,36
4770,u026,c284,2026-09-06 15:55:43,101
4771,u195,c020,2026-09-21 15:09:31,86
4772,u075,c178,2026-09-23 19:53:24,213
4773,u047,c223,2026-09-05 12:25:40,112
4774,u063,c183,2026-09-06 21:46:16,162
4775,u191,c279,2026-09-12 07:08:27,135
4776,u054,c014,2026-09-17 05:48:31,182
4777,u046,c194,2026-09-08 16:41:24,121
4778,u120,c183,2026-09-07 17:12:46,211
4779,u058,c069,2026-09-07 13:23:53,36
4780,u123,c226,2026-09-26 10:37:47,97
4781,u072,c229,2026-09-03 23:41:19,128
4782,u116,c114,2026-09-24 18:23:51,30
4783,u049,c236,2026-09-16 08:02:37,171
4784,u153,c205,2026-09-03 14:40:48,142
4785,u064,c070,2026-09-22 17:58:16,27
4786,u096,c214,2026-09-03 06:50:09,268
4787,u048,c230,2026-09-03 13:39:06,197
4788,u058,c049,2026-09-23 14:07:55,42
4789,u127,c179,2026-09-25 07:53:11,135
4790,u063,c156,2026-09-25 17:37:33,63
4791,u087,c059,2026-09-01 11:30:51,68
4792,u157,c179,2026-09-04 13:11:48,228
4793,u089,c265,2026-09-23 17:57:14,25
4794,u053,c202,2026-09-18 07:36:08,11
4795,u086,c168,2026-09-25 10:08:13,71
4796,u028,c177,2026-09-29 22:39:00,85
4797,u155,c192,2026-09-18 06:16:46,160
4798,u059,c295,2026-09-10 15:14:37,58
4799,u048,c090,2026-09-05 04:05:45,39
4800,u190,c157,2026-09-08 17:27:40,42
4801,u034,c158,2026-09-07 08:14:11,66
4802,u117,c020,2026-09-07 17:49:57,12
4803,u090,c222,2026-09-21 10:28:07,16
4804,u026,c187,2026-09-02 07:57:57,107
4805,u124,c195,2026-09-27 15:01:20,90
4806,u122,c011,2026-09-16 19:13:42,67
4807,u078,c096,2026-09-14 16:12:28,54
4808,u101,c273,2026-09-22 15:31:29,80
4809,u099,c074,2026-09-10 12:14:13,153
4810,u195,c083,2026-09-20 16:08:05,102
4811,u139,c187,2026-09-30 19:46:27,175
4812,u061,c279,2026-09-08 22:20:58,98
4813,u042,c211,2026-09-08 12:10:09,87
4814,u166,c170,2026-09-21 08:46:11,99
4815,u045,c148,2026-09-10 18:53:17,23
4816,u185,c043,2026-09-26 12:01:06,209
4817,u072,c108,2026-09-10 19:44:00,103
4818,u095,c115,2026-09-05 19:45:59,214
4819,u174,c197,2026-09-12 15:11:24,110
4820,u071,c159,2026-09-22 10:09:07,61
4821,u070,c234,2026-09-16 22:09:14,187
4822,u117,c075,2026-09-09 16:15:52,204
4823,u155,c034,2026-09-25 06:45:42,166
4824,u017,c259,2026-09-01 18:28:25,132
4825,u006,c278,2026-09-22 07:25:56,109
4826,u058,c014,2026-09-12 05:34:16,181
4827,u162,c210,2026-09-24 08:20:24,242
4828,u133,c113,2026-09-22 11:34:10,174
4829,u116,c113,2026-09-30 23:07:21,101
4830,u072,c188,2026-09-20 14:34:30,59
4831,u139,c250,2026-09-08 20:13:32,256
4832,u044,c225,2026-09-03 14:30:07,64
4833,u029,c267,2026-09-21 10:27:33,80
4834,u086,c258,2026-09-09 19:20:46,12
4835,u179,c084,2026-09-07 01:55:33,202
4836,u191,c288,2026-09-11 07:54:03,180
4837,u118,c049,2026-09-07 19:22:25,79
4838,u131,c225,2026-09-22 07:56:38,296
4839,u114,c090,2026-09-22 13:57:14,221
4840,u070,c037,2026-09-28 11:29:04,121
4841,u097,c001,2026-09-14 21:15:34,158
4842,u153,c103,2026-09-19 11:40:57,40
4843,u139,c111,2026-09-11 08:23:16,269
4844,u116,c097,2026-09-16 20:46:51,123
4845,u077,c088,2026-09-14 18:53:47,111
4846,u052,c129,2026-09-08 11:23:03,152
4847,u116,c274,2026-09-14 19:56:17,75
4848,u126,c063,2026-09-01 13:08:11,48
4849,u149,c250,2026-09-05 21:42:19,249
4850,u044,c215,2026-09-18 14:21:47,256
4851,u097,c286,2026-09-23 21:19:33,134
4852,u173,c243,2026-09-02 12:44:03,145
4853,u041,c156,2026-09-09 15:36:05,40
4854,u159,c016,2026-09-21 07:47:20,99
4855,u037,c086,2026-09-20 20:35:07,44
4856,u180,c001,2026-09-05 02:15:16,134
4857,u185,c240,2026-09-26 08:35:07,136
4858,u164,c214,2026-09-17 13:56:28,307
4859,u179,c132,2026-09-14 11:06:38,132
4860,u191,c091,2026-09-30 12:31:53,104
4861,u047,c087,2026-09-30 19:03:22,137
4862,u013,c066,2026-09-26 17:56:09,15
4863,u031,c286,2026-09-09 11:04:31,259
4864,u011,c178,2026-09-08 19:06:15,236
4865,u056,c184,2026-09-24 18:15:32,225
4866,u082,c252,2026-09-03 07:15:07,131
4867,u104,c031,2026-09-03 14:42:26,71
4868,u038,c125,2026-09-30 15:02:14,115
4869,u071,c028,2026-09-27 23:34:41,173
4870,u109,c093,2026-09-22 18:15:44,95
4871,u023,c178,2026-09-25 05:46:14,112
4872,u113,c273,2026-09-25 09:29:26,66
4873,u052,c097,2026-09-14 09:53:19,60
4874,u017,c179,2026-09-01 04:43:22,33
4875,u029,c097,2026-09-28 08:32:28,73
4876,u109,c220,2026-09-29 04:12:21,24
4877,u123,c038,2026-09-25 06:45:09,133
4878,u119,c243,2026-09-19 18:16:08,19
4879,u155,c272,2026-09-14 04:37:32,186
4880,u154,c148,2026-09-22 19:08:31,18
4881,u077,c159,2026-09-11 13:49:18,157
4882,u066,c213,2026-09-25 09:24:20,254
4883,u031,c206,2026-09-07 15:38:54,150
4884,u180,c189,2026-09-03 21:46:35,35
4885,u058,c171,2026-09-10 21:49:31,126
4886,u189,c199,2026-09-19 11:50:22,20
4887,u101,c220,2026-09-04 16:46:26,81
4888,u059,c183,2026-09-13 06:50:53,208
4889,u034,c240,2026-09-10 20:50:11,128
4890,u142,c220,2026-09-01 21:53:46,75
4891,u109,c101,2026-09-07 10:58:34,144
4892,u173,c003,2026-09-23 18:59:54,111
4893,u007,c207,2026-09-22 13:20:59,78
4894,u094,c265,2026-09-04 17:46:33,158
4895,u185,c177,2026-09-28 15:49:27,54
4896,u139,c236,2026-09-17 18:46:26,255
4897,u180,c184,2026-09-23 18:00:09,146
4898,u172,c192,2026-09-22 14:55:16,159
4899,u089,c269,2026-09-07 16:44:22,89
4900,u088,c072,2026-09-11 19:49:05,12
4901,u122,c113,2026-09-10 17:22:24,60
4902,u059,c234,2026-09-21 13:37:39,35
4903,u145,c062,2026-09-20 15:00:34,185
4904,u193,c083,2026-09-21 06:46:09,61
4905,u042,c014,2026-09-16 20:33:02,95
4906,u007,c218,2026-09-07 05:05:39,83
4907,u186,c157,2026-09-16 13:44:42,302
4908,u026,c137,2026-09-13 18:27:23,76
4909,u058,c202,2026-09-05 09:31:32,237
4910,u124,c173,2026-09-04 18:00:56,176
4911,u139,c024,2026-09-26 20:11:30,26
4912,u095,c236,2026-09-29 18:44:14,128
4913,u121,c115,2026-09-12 10:52:33,98
4914,u160,c102,2026-09-21 00:18:48,145
4915,u154,c089,2026-09-07 07:06:56,160
4916,u195,c133,2026-09-06 16:43:09,63
4917,u160,c178,2026-09-08 02:56:41,190
4918,u079,c063,2026-09-28 18:04:49,80
4919,u050,c097,2026-09-23 16:11:29,17
4920,u159,c080,2026-09-14 09:29:59,54
4921,u004,c158,2026-09-08 09:19:49,34
4922,u115,c243,2026-09-07 01:09:55,43
4923,u191,c192,2026-09-26 15:13:53,10
4924,u029,c169,2026-09-11 07:45:41,209
4925,u063,c021,2026-09-16 06:04:50,109
4926,u066,c282,2026-09-08 23:33:35,180
4927,u028,c284,2026-09-29 22:17:22,198
4928,u123,c095,2026-09-06 23:58:16,161
4929,u082,c066,2026-09-22 16:54:29,53
4930,u200,c037,2026-09-10 18:12:52,79
4931,u185,c247,2026-09-03 17:50:00,34
4932,u121,c179,2026-09-28 19:51:40,60
4933,u115,c038,2026-09-25 12:01:02,17
4934,u145,c164,2026-09-29 19:49:04,74
4935,u013,c209,2026-09-08 19:05:43,197
4936,u088,c035,2026-09-16 10:03:16,198
4937,u130,c171,2026-09-17 11:50:29,264
4938,u022,c045,2026-09-10 23:49:03,85
4939,u023,c058,2026-09-24 10:21:48,41
4940,u134,c176,2026-09-19 20:20:32,214
4941,u089,c279,2026-09-14 15:42:22,62
4942,u094,c179,2026-09-12 08:16:28,141
4943,u025,c158,2026-09-05 15:53:22,30
4944,u187,c273,2026-09-10 19:39:47,67
4945,u034,c186,2026-09-06 11:02:51,227
4946,u116,c012,2026-09-18 03:05:07,187
4947,u031,c141,2026-09-26 13:07:07,78
4948,u171,c160,2026-09-28 15:43:41,255
4949,u022,c064,2026-09-19 09:36:54,211
4950,u117,c142,2026-09-15 06:04:27,13
4951,u158,c063,2026-09-21 09:49:24,14
4952,u092,c049,2026-09-24 09:13:48,40
4953,u138,c098,2026-09-20 14:37:01,22
4954,u105,c012,2026-09-08 22:53:06,174
4955,u072,c300,2026-09-19 10:15:34,152
4956,u117,c008,2026-09-12 23:01:46,182
4957,u019,c202,2026-09-14 21:50:19,137
4958,u039,c189,2026-09-25 23:56:16,123
4959,u004,c159,2026-09-12 06:25:12,284
4960,u041,c282,2026-09-02 17:31:34,270
4961,u167,c167,2026-09-12 14:16:16,274
4962,u034,c177,2026-09-17 15:20:09,175
4963,u081,c166,2026-09-30 07:24:18,25
4964,u124,c183,2026-09-02 11:50:33,172
4965,u062,c288,2026-09-20 08:48:05,269
4966,u078,c244,2026-09-07 10:56:48,75
4967,u139,c257,2026-09-16 16:02:36,194
4968,u033,c043,2026-09-05 11:01:11,52
4969,u158,c095,2026-09-24 07:30:39,188
4970,u053,c200,2026-09-30 10:44:07,149
4971,u049,c240,2026-09-15 03:47:32,88
4972,u050,c017,2026-09-09 14:22:22,164
4973,u152,c245,2026-09-06 17:24:25,227
4974,u003,c189,2026-09-04 19:58:36,30
4975,u082,c021,2026-09-07 20:10:52,197
4976,u103,c070,2026-09-13 13:08:47,89
4977,u103,c058,2026-09-01 04:10:28,64
4978,u029,c200,2026-09-03 14:57:09,114
4979,u088,c281,2026-09-07 20:40:18,11
4980,u101,c267,2026-09-22 16:20:31,98
4981,u157,c288,2026-09-24 21:02:37,306
4982,u121,c185,2026-09-30 11:13:58,185
4983,u181,c097,2026-09-29 19:39:43,77
4984,u156,c171,2026-09-26 18:53:28,178
4985,u139,c049,2026-09-16 07:03:34,46
4986,u150,c229,2026-09-28 17:31:49,80
4987,u139,c246,2026-09-08 15:31:42,69
4988,u088,c250,2026-09-03 17:44:23,284
4989,u159,c024,2026-09-09 13:26:50,78
4990,u076,c187,2026-09-28 19:06:14,62
4991,u119,c120,2026-09-08 15:46:14,108
4992,u090,c276,2026-09-25 06:43:21,247
4993,u076,c160,2026-09-09 07:08:09,91
4994,u178,c129,2026-09-27 19:29:42,13
4995,u050,c156,2026-09-02 18:13:27,112
4996,u116,c134,2026-09-22 00:58:02,21
4997,u139,c072,2026-09-09 10:32:10,173
4998,u116,c049,2026-09-13 09:38:06,38
4999,u083,c281,2026-09-02 20:28:45,85
5000,u150,c230,2026-09-15 22:52:18,322
