pago_id,viaje_id,metodo,monto,pagado_en
1,1,efectivo,100.72,2026-09-13 00:13:42
2,2,tarjeta,43.25,2026-09-09 16:59:16
3,3,tarjeta,98.54,2026-09-04 23:41:07
4,4,efectivo,38.21,2026-09-15 22:09:03
5,5,efectivo,71.58,2026-09-19 13:11:29
6,6,efectivo,114.76,2026-09-28 18:20:38
7,7,tarjeta,77.5,2026-09-18 10:59:19
8,8,efectivo,58.97,2026-09-04 09:33:40
9,9,tarjeta,116.6,2026-09-27 17:04:36
10,10,billetera,40.7,2026-09-29 10:39:37
11,11,billetera,92.84,2026-09-10 18:08:28
12,12,tarjeta,22.75,2026-09-10 12:37:58
13,13,efectivo,43.18,2026-09-22 21:30:25
14,14,tarjeta,81.23,2026-09-19 09:44:24
15,15,billetera,77.83,2026-09-05 21:47:35
16,16,billetera,37.77,2026-09-26 21:44:14
17,17,efectivo,39.92,2026-09-24 21:34:38
18,18,tarjeta,47.97,2026-09-13 11:09:25
19,19,billetera,75.25,2026-09-26 19:19:40
20,20,tarjeta,58.38,2026-09-22 10:25:46
21,21,efectivo,58.52,2026-09-28 13:10:21
22,22,tarjeta,67.93,2026-09-01 13:35:12
23,23,tarjeta,35.93,2026-09-05 17:58:56
24,24,tarjeta,15.48,2026-09-10 09:28:03
25,25,efectivo,54.81,2026-09-15 17:45:00
26,26,efectivo,121.48,2026-09-21 17:00:21
27,27,billetera,97.43,2026-09-03 11:41:07
28,28,tarjeta,27.9,2026-09-17 09:49:17
29,29,billetera,28.86,2026-09-10 09:20:47
30,30,efectivo,29.68,2026-09-15 12:10:33
31,31,tarjeta,94.4,2026-09-05 21:53:47
32,32,tarjeta,88.81,2026-09-21 08:36:32
33,33,tarjeta,91.33,2026-09-03 19:14:42
34,34,tarjeta,34.56,2026-09-03 18:11:57
35,35,efectivo,88.69,2026-09-21 22:55:25
36,36,billetera,49.44,2026-09-25 13:19:50
37,37,billetera,108.19,2026-09-13 11:02:55
38,38,efectivo,27.01,2026-09-19 15:32:03
39,39,efectivo,72.56,2026-09-22 17:15:05
40,40,tarjeta,52.33,2026-09-05 13:18:32
41,41,billetera,97.22,2026-09-14 20:23:40
42,42,efectivo,98.65,2026-09-13 08:08:23
43,43,billetera,34.85,2026-09-01 01:43:19
44,44,efectivo,38.41,2026-09-04 18:55:12
45,45,efectivo,107.99,2026-09-15 18:39:35
46,46,billetera,81.89,2026-09-08 22:34:52
47,47,efectivo,53.18,2026-09-22 20:24:41
48,48,efectivo,87.27,2026-09-09 18:46:40
49,49,efectivo,82.2,2026-09-23 17:47:35
50,50,billetera,31.7,2026-09-20 13:17:18
51,51,efectivo,71.14,2026-09-24 21:03:17
52,52,billetera,61.75,2026-09-09 18:53:06
53,53,efectivo,80.78,2026-09-17 10:35:09
54,54,tarjeta,112.2,2026-09-25 15:42:39
55,55,billetera,102.42,2026-09-05 20:20:40
56,56,tarjeta,58.98,2026-09-25 18:46:10
57,57,billetera,61.36,2026-09-07 20:05:21
58,58,billetera,94.47,2026-09-02 21:11:38
59,59,efectivo,32.22,2026-09-17 20:23:29
60,60,tarjeta,91.43,2026-09-10 20:39:36
61,61,tarjeta,28.71,2026-09-04 17:37:55
62,62,billetera,19.14,2026-09-16 16:25:21
63,63,tarjeta,51.88,2026-09-21 18:19:01
64,64,efectivo,83.23,2026-09-02 19:18:04
65,65,billetera,73.49,2026-09-13 16:47:54
66,66,billetera,59.09,2026-09-29 21:16:40
67,67,billetera,69.35,2026-09-19 14:05:48
68,68,tarjeta,32.38,2026-09-27 10:02:52
69,69,billetera,104.77,2026-09-19 19:44:29
70,70,billetera,59.16,2026-09-16 23:36:37
71,71,efectivo,82.34,2026-09-12 18:57:11
72,72,tarjeta,110.84,2026-09-26 04:03:29
73,73,efectivo,42.69,2026-09-04 11:32:11
74,74,billetera,71.34,2026-09-16 20:48:34
75,75,tarjeta,20.37,2026-09-24 05:36:26
76,76,efectivo,30.67,2026-09-24 21:01:09
77,77,billetera,50.75,2026-09-04 12:00:13
78,78,efectivo,90.05,2026-09-21 21:53:36
79,79,billetera,23.39,2026-09-19 05:35:57
80,80,tarjeta,34.19,2026-09-01 07:05:58
81,81,billetera,80.42,2026-09-06 21:09:58
82,82,billetera,43.61,2026-09-28 11:07:19
83,83,efectivo,93.31,2026-09-03 14:35:16
84,84,tarjeta,82.27,2026-09-12 06:55:52
85,85,tarjeta,72.96,2026-09-08 21:24:09
86,86,efectivo,84.96,2026-09-22 11:15:30
87,87,tarjeta,51.5,2026-09-15 12:33:33
88,88,billetera,71.75,2026-09-13 21:07:58
89,89,efectivo,81.26,2026-09-24 20:02:38
90,90,billetera,66.32,2026-09-10 00:42:53
91,91,billetera,73.06,2026-09-05 18:42:50
92,92,tarjeta,32.39,2026-09-30 17:19:32
93,93,tarjeta,67.48,2026-09-17 00:52:14
94,94,efectivo,90.69,2026-09-05 03:27:34
95,95,billetera,119.04,2026-09-11 08:32:13
96,96,billetera,72.7,2026-09-24 19:50:50
97,97,efectivo,36.72,2026-09-14 20:03:23
98,98,billetera,56.71,2026-09-11 22:46:02
99,99,tarjeta,88.42,2026-09-02 03:39:19
100,100,billetera,90.46,2026-09-25 19:18:07
101,101,billetera,67.29,2026-09-01 08:51:27
102,102,billetera,91.93,2026-09-10 22:41:22
103,103,efectivo,41.9,2026-09-27 18:12:16
104,104,efectivo,58.62,2026-09-08 11:26:56
105,105,billetera,37.94,2026-09-16 16:19:25
106,106,tarjeta,60.03,2026-09-22 00:11:07
107,107,tarjeta,47.88,2026-09-13 07:14:29
108,108,billetera,22.64,2026-09-13 19:08:34
109,109,billetera,118.09,2026-09-05 05:22:38
110,110,tarjeta,96.45,2026-09-04 19:24:45
111,111,tarjeta,67.02,2026-09-26 03:37:36
112,112,billetera,38.73,2026-09-06 18:46:11
113,113,efectivo,62.31,2026-09-07 08:55:22
114,114,tarjeta,22.03,2026-09-10 21:18:30
115,115,tarjeta,101.39,2026-09-03 06:30:50
116,116,efectivo,83.36,2026-09-09 01:16:27
117,117,tarjeta,31.32,2026-09-23 15:42:37
118,118,efectivo,100.72,2026-09-13 18:03:21
119,119,billetera,45.02,2026-09-13 05:48:59
120,120,billetera,95.29,2026-09-17 11:09:26
121,121,tarjeta,71.47,2026-09-14 11:32:52
122,122,billetera,59.3,2026-09-10 12:55:33
123,123,efectivo,64.77,2026-09-29 18:23:22
124,124,tarjeta,76.96,2026-09-21 09:32:54
125,125,efectivo,22.86,2026-09-06 07:28:12
126,126,efectivo,82.03,2026-09-20 08:43:43
127,127,tarjeta,77.67,2026-09-17 09:35:39
128,128,tarjeta,53.24,2026-09-22 08:22:51
129,129,billetera,71.11,2026-09-24 19:42:15
130,130,billetera,16.8,2026-09-21 19:42:34
131,131,tarjeta,108.98,2026-09-19 14:05:53
132,132,billetera,98.71,2026-09-08 21:35:48
133,133,efectivo,26.89,2026-09-30 20:03:56
134,134,billetera,84.48,2026-09-21 12:14:04
135,135,billetera,32.69,2026-09-09 16:20:08
136,136,tarjeta,91.4,2026-09-06 12:54:44
137,137,billetera,82.77,2026-09-05 10:48:31
138,138,efectivo,95.81,2026-09-03 10:44:15
139,139,tarjeta,57.33,2026-09-05 14:23:02
140,140,tarjeta,36.03,2026-09-16 15:45:07
141,141,tarjeta,97.67,2026-09-21 03:01:30
142,142,efectivo,31.19,2026-09-09 16:03:43
143,143,billetera,36.07,2026-09-04 16:29:31
144,144,billetera,25.35,2026-09-03 17:45:08
145,145,billetera,79.06,2026-09-15 09:19:49
146,146,efectivo,115.08,2026-09-15 12:48:48
147,147,billetera,60.99,2026-09-02 14:13:04
148,148,billetera,104.29,2026-09-15 12:50:41
149,149,billetera,57.74,2026-09-02 16:03:19
150,150,billetera,69.54,2026-09-07 18:37:13
151,151,efectivo,29.92,2026-09-02 08:54:27
152,152,tarjeta,117.5,2026-09-18 02:08:19
153,153,efectivo,87.23,2026-09-26 08:39:39
154,154,tarjeta,98.25,2026-09-17 21:46:51
155,155,tarjeta,29.54,2026-09-10 00:15:20
156,156,efectivo,15.86,2026-09-24 19:14:14
157,157,efectivo,49.83,2026-09-26 19:21:13
158,158,efectivo,68.25,2026-09-19 11:46:41
159,159,efectivo,67.14,2026-09-24 18:36:51
160,160,tarjeta,90.87,2026-09-11 10:44:41
161,161,tarjeta,46.31,2026-09-19 21:19:57
162,162,billetera,98.45,2026-09-10 21:10:54
163,163,efectivo,106.73,2026-09-27 11:28:47
164,164,tarjeta,32.34,2026-09-24 09:46:04
165,165,tarjeta,54.16,2026-09-07 09:44:51
166,166,tarjeta,45.43,2026-09-03 13:44:16
167,167,billetera,28.36,2026-09-06 20:31:59
168,168,billetera,14.96,2026-09-02 13:49:09
169,169,billetera,25.64,2026-09-25 05:46:28
170,170,tarjeta,51.86,2026-09-16 15:44:06
171,171,tarjeta,93.47,2026-09-26 11:26:07
172,172,billetera,21.5,2026-09-25 09:40:53
173,173,efectivo,78.14,2026-09-09 10:05:14
174,174,tarjeta,92.4,2026-09-06 10:52:30
175,175,billetera,30.69,2026-09-22 09:50:15
176,176,tarjeta,41.57,2026-09-26 14:56:05
177,177,billetera,75.59,2026-09-23 03:21:03
178,178,tarjeta,62.29,2026-09-05 13:34:10
179,179,efectivo,66.19,2026-09-04 15:36:33
180,180,tarjeta,91.57,2026-09-17 02:02:47
181,181,tarjeta,37.78,2026-09-04 09:40:38
182,182,tarjeta,61.63,2026-09-17 04:06:09
183,183,tarjeta,26.12,2026-09-24 07:30:30
184,184,efectivo,44.94,2026-09-05 21:27:38
185,185,tarjeta,39.39,2026-09-03 11:01:52
186,186,efectivo,84.62,2026-09-03 09:56:19
187,187,tarjeta,53.68,2026-09-07 09:05:17
188,188,tarjeta,104.34,2026-09-23 17:53:22
189,189,efectivo,50.49,2026-09-09 10:26:32
190,190,tarjeta,94.33,2026-09-14 00:21:18
191,191,efectivo,40.7,2026-09-04 14:41:30
192,192,efectivo,28.07,2026-09-25 11:36:08
193,193,efectivo,123.85,2026-09-25 15:56:57
194,194,efectivo,92.4,2026-09-21 01:07:51
195,195,billetera,89.51,2026-09-06 15:54:04
196,196,efectivo,46.05,2026-09-29 20:52:28
197,197,efectivo,94.63,2026-09-17 16:24:56
198,198,efectivo,62.6,2026-09-18 20:42:44
199,199,billetera,114.52,2026-09-02 19:14:18
200,200,billetera,112.61,2026-09-24 10:14:08
201,201,billetera,25.23,2026-09-27 04:28:13
202,202,tarjeta,18.32,2026-09-29 12:29:36
203,203,efectivo,49.87,2026-09-23 12:34:28
204,204,billetera,68.92,2026-09-11 08:57:49
205,205,billetera,52.7,2026-09-01 11:47:05
206,206,billetera,71.5,2026-09-12 13:47:23
207,207,billetera,96.03,2026-09-09 19:43:25
208,208,tarjeta,107.84,2026-09-06 12:23:55
209,209,tarjeta,19.17,2026-09-18 06:09:47
210,210,billetera,59.51,2026-09-14 21:17:15
211,211,tarjeta,15.88,2026-09-05 08:06:10
212,212,billetera,38.09,2026-09-16 22:44:16
213,213,billetera,86.34,2026-09-03 20:03:21
214,214,efectivo,92.06,2026-09-12 23:03:30
215,215,efectivo,85.07,2026-09-17 14:07:36
216,216,billetera,33.91,2026-09-01 12:30:26
217,217,tarjeta,53.19,2026-09-05 19:25:31
218,218,billetera,40.61,2026-09-22 16:14:10
219,219,efectivo,77.97,2026-09-29 11:47:09
220,220,billetera,35.16,2026-09-07 08:32:47
221,221,tarjeta,21.65,2026-09-11 09:50:46
222,222,tarjeta,89.87,2026-09-02 13:13:32
223,223,billetera,65.77,2026-09-18 13:27:00
224,224,efectivo,17.86,2026-09-14 19:45:17
225,225,tarjeta,37.2,2026-09-02 20:07:07
226,226,billetera,15.81,2026-09-10 15:13:27
227,227,tarjeta,38.32,2026-09-06 18:05:57
228,228,tarjeta,74.5,2026-09-05 15:23:44
229,229,billetera,27.17,2026-09-06 07:13:57
230,230,billetera,94.89,2026-09-02 07:54:29
231,231,billetera,67.43,2026-09-08 22:13:56
232,232,tarjeta,67.33,2026-09-04 13:50:00
233,233,billetera,16.99,2026-09-18 12:33:34
234,234,efectivo,59.33,2026-09-06 12:11:34
235,235,billetera,95.1,2026-09-28 20:12:55
236,236,tarjeta,54.2,2026-09-06 13:12:29
237,237,tarjeta,34.95,2026-09-24 21:42:11
238,238,tarjeta,51.19,2026-09-07 23:16:33
239,239,billetera,114.96,2026-09-13 07:34:59
240,240,billetera,72.86,2026-09-06 10:13:24
241,241,efectivo,44.08,2026-09-17 10:59:48
242,242,efectivo,83.27,2026-09-05 10:05:40
243,243,billetera,67.02,2026-09-14 03:12:01
244,244,efectivo,70.53,2026-09-28 22:46:41
245,245,efectivo,24.55,2026-09-17 19:23:44
246,246,efectivo,22.31,2026-09-12 09:28:41
247,247,billetera,48.28,2026-09-11 18:19:18
248,248,efectivo,80.87,2026-09-30 20:49:01
249,249,tarjeta,88.2,2026-09-02 08:07:48
250,250,efectivo,27.45,2026-09-11 12:31:04
251,251,efectivo,23.09,2026-09-11 17:37:47
252,252,efectivo,61.28,2026-09-30 09:06:09
253,253,efectivo,79.4,2026-09-09 23:07:07
254,254,billetera,74.76,2026-09-28 13:26:08
255,255,billetera,78.29,2026-09-11 19:38:26
256,256,efectivo,51.28,2026-09-06 11:01:37
257,257,efectivo,86.6,2026-09-13 14:57:45
258,258,efectivo,100.96,2026-09-11 10:34:05
259,259,billetera,94.41,2026-09-23 18:20:09
260,260,efectivo,88.54,2026-09-10 13:15:37
261,261,tarjeta,92.88,2026-09-10 18:41:10
262,262,efectivo,67.86,2026-09-02 19:18:22
263,263,billetera,97.52,2026-09-21 03:51:59
264,264,efectivo,108.19,2026-09-14 21:16:41
265,265,efectivo,50.27,2026-09-10 14:40:53
266,266,tarjeta,82.4,2026-09-13 06:40:18
267,267,billetera,83.51,2026-09-28 19:21:35
268,268,efectivo,42.47,2026-09-25 16:21:49
269,269,tarjeta,116.27,2026-09-09 11:04:07
270,270,billetera,43.45,2026-09-30 10:51:21
271,271,tarjeta,88.71,2026-09-20 12:34:32
272,272,tarjeta,29.37,2026-09-17 11:58:05
273,273,tarjeta,13.78,2026-09-11 17:42:32
274,274,tarjeta,19.74,2026-09-09 22:01:35
275,275,billetera,105.01,2026-09-22 22:06:49
276,276,efectivo,124.19,2026-09-15 23:17:01
277,277,tarjeta,70.29,2026-09-01 11:13:57
278,278,billetera,115.58,2026-09-16 21:01:02
279,279,tarjeta,88.01,2026-09-28 18:39:41
280,280,efectivo,75.49,2026-09-05 16:42:01
281,281,tarjeta,21.03,2026-09-02 15:05:56
282,282,efectivo,82.85,2026-09-09 21:38:57
283,283,tarjeta,32.46,2026-09-29 21:18:14
284,284,efectivo,58.87,2026-09-11 19:39:36
285,285,efectivo,52.16,2026-09-23 05:59:56
286,286,billetera,76.5,2026-09-19 18:22:52
287,287,billetera,86.24,2026-09-11 07:29:27
288,288,tarjeta,25.57,2026-09-23 17:51:05
289,289,billetera,97.59,2026-09-27 12:06:58
290,290,efectivo,98.56,2026-09-29 14:31:11
291,291,tarjeta,29.75,2026-09-24 02:29:27
292,292,billetera,68.04,2026-09-19 15:09:35
293,293,efectivo,47.64,2026-09-06 15:07:10
294,294,billetera,111.01,2026-09-28 14:03:07
295,295,tarjeta,71.48,2026-09-27 23:42:26
296,296,tarjeta,33.8,2026-09-29 16:31:53
297,297,billetera,72.02,2026-09-08 16:23:20
298,298,tarjeta,31.15,2026-09-13 15:55:34
299,299,billetera,50.37,2026-09-01 20:45:43
300,300,efectivo,70.99,2026-09-20 11:37:50
301,301,billetera,91.62,2026-09-30 17:00:28
302,302,tarjeta,87.66,2026-09-16 10:20:18
303,303,tarjeta,34.45,2026-09-29 07:21:07
304,304,billetera,71.38,2026-09-22 09:58:37
305,305,efectivo,100.82,2026-09-04 10:26:04
306,306,tarjeta,95.53,2026-09-10 09:53:02
307,307,efectivo,71.21,2026-09-14 16:31:27
308,308,tarjeta,80.85,2026-09-27 08:43:08
309,309,efectivo,23.72,2026-09-22 10:02:15
310,310,billetera,88.23,2026-09-23 16:58:29
311,311,tarjeta,20.39,2026-09-12 19:53:59
312,312,tarjeta,58.54,2026-09-05 20:32:13
313,313,billetera,45.81,2026-09-08 18:50:19
314,314,billetera,20.72,2026-09-23 12:18:34
315,315,billetera,16.45,2026-09-29 16:40:39
316,316,efectivo,19.99,2026-09-11 06:52:07
317,317,efectivo,107.03,2026-09-19 09:25:39
318,318,efectivo,26.7,2026-09-27 18:42:05
319,319,billetera,32.95,2026-09-20 10:21:04
320,320,tarjeta,105.72,2026-09-08 16:00:29
321,321,efectivo,91.33,2026-09-27 13:09:15
322,322,efectivo,60.52,2026-09-11 09:22:27
323,323,efectivo,28.1,2026-09-16 22:25:48
324,324,efectivo,77.48,2026-09-25 09:12:01
325,325,efectivo,46.22,2026-09-12 13:44:02
326,326,billetera,41.95,2026-09-19 09:19:08
327,327,efectivo,88.67,2026-09-01 13:12:14
328,328,billetera,64.18,2026-09-10 09:55:27
329,329,billetera,63.03,2026-09-19 13:26:17
330,330,efectivo,46.06,2026-09-03 09:08:06
331,331,efectivo,79.98,2026-09-30 03:57:52
332,332,billetera,42.59,2026-09-27 14:49:50
333,333,billetera,78.64,2026-09-04 12:18:22
334,334,efectivo,20.05,2026-09-22 19:40:32
335,335,billetera,40.21,2026-09-22 11:07:09
336,336,efectivo,71.14,2026-09-29 16:44:58
337,337,tarjeta,18.78,2026-09-16 13:37:43
338,338,billetera,125.67,2026-09-02 00:02:37
339,339,billetera,86.27,2026-09-17 06:45:12
340,340,billetera,89.59,2026-09-01 06:30:15
341,341,billetera,81.4,2026-09-30 06:30:23
342,342,tarjeta,98.67,2026-09-28 21:45:29
343,343,efectivo,58.97,2026-09-12 21:14:37
344,344,efectivo,55.27,2026-09-03 12:56:37
345,345,billetera,88.67,2026-09-21 10:30:30
346,346,efectivo,26.87,2026-09-25 15:25:58
347,347,efectivo,29.02,2026-09-24 06:51:39
348,348,tarjeta,58.0,2026-09-18 10:57:09
349,349,tarjeta,116.39,2026-09-30 02:36:35
350,350,billetera,64.84,2026-09-06 13:19:31
351,351,efectivo,24.04,2026-09-10 11:08:34
352,352,billetera,68.83,2026-09-20 14:29:50
353,353,billetera,91.31,2026-09-16 09:26:44
354,354,efectivo,63.72,2026-09-13 10:03:39
355,355,tarjeta,37.92,2026-09-07 14:25:53
356,356,billetera,36.33,2026-09-11 12:41:30
357,357,efectivo,85.1,2026-09-28 21:11:45
358,358,efectivo,74.12,2026-09-12 19:03:21
359,359,tarjeta,24.84,2026-09-06 18:39:16
360,360,tarjeta,90.4,2026-09-25 11:00:51
361,361,efectivo,93.94,2026-09-21 17:44:03
362,362,billetera,35.44,2026-09-09 17:40:21
363,363,billetera,39.41,2026-09-26 19:06:13
364,364,efectivo,14.79,2026-09-15 09:54:05
365,365,tarjeta,43.01,2026-09-05 12:46:36
366,366,efectivo,103.16,2026-09-15 17:56:27
367,367,tarjeta,114.13,2026-09-21 08:29:11
368,368,efectivo,14.9,2026-09-28 07:28:31
369,369,billetera,122.9,2026-09-17 19:23:41
370,370,billetera,39.24,2026-09-27 07:45:42
371,371,billetera,91.49,2026-09-04 00:30:06
372,372,efectivo,65.51,2026-09-29 18:48:02
373,373,tarjeta,56.04,2026-09-03 19:33:45
374,374,tarjeta,54.18,2026-09-10 19:38:12
375,375,efectivo,82.25,2026-09-26 12:11:43
376,376,tarjeta,128.17,2026-09-19 14:19:15
377,377,efectivo,107.39,2026-09-27 23:03:49
378,378,efectivo,75.54,2026-09-03 21:08:41
379,379,efectivo,16.42,2026-09-22 05:55:53
380,380,billetera,62.04,2026-09-15 22:19:19
381,381,efectivo,73.8,2026-09-12 09:22:18
382,382,billetera,54.53,2026-09-11 17:32:27
383,383,billetera,57.98,2026-09-01 15:07:47
384,384,tarjeta,115.05,2026-09-14 08:52:53
385,385,billetera,68.93,2026-09-26 10:44:05
386,386,efectivo,23.09,2026-09-04 13:03:33
387,387,efectivo,77.26,2026-09-04 13:59:41
388,388,tarjeta,113.16,2026-09-25 09:45:30
389,389,tarjeta,76.16,2026-09-14 18:22:06
390,390,tarjeta,97.21,2026-09-23 16:01:26
391,391,tarjeta,82.17,2026-09-19 15:35:34
392,392,billetera,60.89,2026-09-30 16:56:53
393,393,tarjeta,69.53,2026-09-05 12:52:33
394,394,tarjeta,99.85,2026-09-14 17:52:12
395,395,efectivo,40.27,2026-09-28 10:34:02
396,396,tarjeta,28.38,2026-09-18 18:37:29
397,397,tarjeta,76.73,2026-09-09 07:47:48
398,398,tarjeta,27.44,2026-09-20 17:41:11
399,399,tarjeta,23.45,2026-09-29 16:12:55
400,400,billetera,124.46,2026-09-09 21:04:24
401,401,efectivo,36.89,2026-09-15 03:28:46
402,402,tarjeta,44.09,2026-09-29 14:02:36
403,403,billetera,38.3,2026-09-02 11:18:50
404,404,efectivo,94.61,2026-09-13 16:20:41
405,405,tarjeta,50.9,2026-09-21 15:45:41
406,406,efectivo,110.86,2026-09-11 20:04:24
407,407,tarjeta,96.77,2026-09-24 14:24:05
408,408,efectivo,30.26,2026-09-19 14:48:07
409,409,efectivo,92.72,2026-09-06 13:33:41
410,410,tarjeta,23.55,2026-09-16 20:38:21
411,411,efectivo,38.0,2026-09-14 21:03:59
412,412,billetera,107.19,2026-09-14 15:59:14
413,413,billetera,75.69,2026-09-18 17:59:17
414,414,billetera,118.2,2026-09-13 12:22:23
415,415,tarjeta,64.31,2026-09-29 11:05:40
416,416,efectivo,27.66,2026-09-18 17:36:46
417,417,billetera,60.07,2026-09-07 19:28:56
418,418,efectivo,51.06,2026-09-29 16:03:03
419,419,tarjeta,71.02,2026-09-30 21:12:25
420,420,billetera,64.18,2026-09-17 13:02:21
421,421,tarjeta,67.69,2026-09-07 08:28:16
422,422,tarjeta,61.97,2026-09-17 19:49:21
423,423,tarjeta,83.55,2026-09-17 14:22:37
424,424,tarjeta,73.36,2026-09-24 06:00:39
425,425,efectivo,68.28,2026-09-21 16:54:38
426,426,efectivo,54.85,2026-09-30 17:19:53
427,427,efectivo,30.28,2026-09-26 10:33:29
428,428,tarjeta,51.74,2026-09-29 07:43:01
429,429,efectivo,25.31,2026-09-17 16:17:03
430,430,billetera,57.15,2026-09-29 19:12:02
431,431,billetera,61.24,2026-09-22 01:30:27
432,432,tarjeta,62.59,2026-09-03 21:13:55
433,433,tarjeta,46.38,2026-09-05 01:59:05
434,434,billetera,73.63,2026-09-02 11:10:40
435,435,billetera,91.53,2026-09-02 07:21:50
436,436,tarjeta,103.68,2026-09-17 11:46:13
437,437,tarjeta,104.56,2026-09-07 20:16:55
438,438,tarjeta,56.84,2026-09-23 21:39:06
439,439,tarjeta,21.92,2026-09-13 11:38:27
440,440,tarjeta,84.66,2026-09-21 20:28:21
441,441,billetera,51.28,2026-09-07 23:43:34
442,442,efectivo,37.22,2026-09-27 18:58:41
443,443,billetera,29.88,2026-09-14 19:59:51
444,444,tarjeta,17.46,2026-09-15 17:43:41
445,445,tarjeta,53.12,2026-09-09 20:46:01
446,446,efectivo,23.27,2026-09-14 13:54:18
447,447,efectivo,21.91,2026-09-03 21:44:59
448,448,efectivo,67.45,2026-09-05 18:45:01
449,449,billetera,50.64,2026-09-30 17:59:16
450,450,efectivo,77.03,2026-09-14 15:08:54
451,451,tarjeta,128.37,2026-09-22 10:58:37
452,452,billetera,111.52,2026-09-13 12:15:54
453,453,tarjeta,31.89,2026-09-03 10:10:58
454,454,tarjeta,107.47,2026-09-13 12:37:41
455,455,billetera,74.48,2026-09-17 07:11:32
456,456,efectivo,124.84,2026-09-09 15:12:48
457,457,efectivo,56.26,2026-09-12 16:37:57
458,458,billetera,59.13,2026-09-30 13:24:38
459,459,tarjeta,70.18,2026-09-06 15:28:29
460,460,tarjeta,71.29,2026-09-08 19:45:47
461,461,tarjeta,42.49,2026-09-13 00:55:38
462,462,billetera,69.35,2026-09-12 08:25:39
463,463,efectivo,96.51,2026-09-20 08:56:56
464,464,tarjeta,27.25,2026-09-30 12:56:15
465,465,efectivo,106.52,2026-09-06 14:20:27
466,466,billetera,91.14,2026-09-24 13:22:59
467,467,billetera,98.59,2026-09-23 21:55:23
468,468,tarjeta,56.31,2026-09-28 11:49:16
469,469,billetera,56.25,2026-09-30 18:55:55
470,470,billetera,16.98,2026-09-22 21:57:38
471,471,tarjeta,84.55,2026-09-19 01:55:49
472,472,billetera,37.97,2026-09-25 19:40:03
473,473,tarjeta,48.12,2026-09-09 17:41:41
474,474,efectivo,100.02,2026-09-06 07:35:52
475,475,efectivo,106.8,2026-09-15 09:30:58
476,476,tarjeta,39.28,2026-09-25 20:16:01
477,477,efectivo,61.92,2026-09-25 19:53:10
478,478,billetera,95.2,2026-09-03 18:50:25
479,479,efectivo,41.48,2026-09-06 17:44:28
480,480,billetera,55.57,2026-09-07 08:52:52
481,481,efectivo,24.63,2026-09-18 14:36:54
482,482,tarjeta,102.11,2026-09-17 11:27:04
483,483,tarjeta,90.66,2026-09-07 18:49:11
484,484,tarjeta,64.2,2026-09-11 12:47:16
485,485,tarjeta,28.8,2026-09-21 08:08:20
486,486,billetera,95.48,2026-09-23 11:01:56
487,487,efectivo,75.34,2026-09-21 22:24:34
488,488,tarjeta,48.76,2026-09-01 14:36:17
489,489,billetera,104.87,2026-09-06 13:35:57
490,490,tarjeta,53.92,2026-09-25 08:13:43
491,491,billetera,117.56,2026-09-27 16:28:21
492,492,tarjeta,110.93,2026-09-09 11:36:16
493,493,billetera,23.13,2026-09-01 07:47:30
494,494,efectivo,94.42,2026-09-10 20:28:24
495,495,tarjeta,54.17,2026-09-08 13:47:20
496,496,billetera,67.84,2026-09-15 21:45:57
497,497,efectivo,97.96,2026-09-18 11:12:05
498,498,efectivo,93.94,2026-09-11 09:32:15
499,499,efectivo,28.19,2026-09-29 13:56:20
500,500,tarjeta,106.95,2026-09-16 10:36:59
501,501,billetera,66.07,2026-09-30 18:47:15
502,502,tarjeta,56.09,2026-09-03 12:56:38
503,503,tarjeta,92.01,2026-09-10 20:20:30
504,504,tarjeta,26.56,2026-09-13 12:34:42
505,505,billetera,101.87,2026-09-01 13:16:11
506,506,billetera,77.42,2026-09-10 22:00:33
507,507,efectivo,74.03,2026-09-11 21:34:44
508,508,efectivo,29.12,2026-09-14 10:14:48
509,509,billetera,67.52,2026-09-01 14:31:40
510,510,efectivo,98.74,2026-09-08 23:57:06
511,511,billetera,47.82,2026-09-23 02:42:00
512,512,billetera,76.76,2026-09-27 16:54:53
513,513,efectivo,101.24,2026-09-30 19:07:58
514,514,billetera,63.9,2026-09-16 15:37:53
515,515,billetera,90.93,2026-09-08 19:01:57
516,516,billetera,62.18,2026-09-29 22:23:27
517,517,billetera,25.49,2026-09-25 00:59:25
518,518,efectivo,60.66,2026-09-30 16:00:02
519,519,efectivo,40.71,2026-09-17 18:57:50
520,520,billetera,17.22,2026-09-20 16:47:54
521,521,efectivo,58.46,2026-09-28 17:37:17
522,522,billetera,52.21,2026-09-14 11:29:07
523,523,tarjeta,54.77,2026-09-29 19:58:28
524,524,efectivo,97.01,2026-09-22 13:14:12
525,525,efectivo,102.77,2026-09-18 17:25:15
526,526,billetera,17.93,2026-09-15 11:22:06
527,527,efectivo,105.32,2026-09-10 13:02:11
528,528,tarjeta,112.02,2026-09-01 13:18:56
529,529,tarjeta,34.25,2026-09-11 16:05:23
530,530,tarjeta,106.93,2026-09-01 11:49:40
531,531,tarjeta,123.94,2026-09-18 15:56:08
532,532,efectivo,40.89,2026-09-27 06:52:59
533,533,tarjeta,98.65,2026-09-27 03:11:46
534,534,billetera,18.32,2026-09-09 12:44:32
535,535,billetera,95.95,2026-09-05 09:04:12
536,536,efectivo,28.81,2026-09-19 19:01:41
537,537,billetera,69.78,2026-09-11 08:06:12
538,538,tarjeta,37.53,2026-09-25 09:34:13
539,539,efectivo,71.58,2026-09-20 12:39:54
540,540,tarjeta,79.63,2026-09-08 18:04:48
541,541,billetera,49.2,2026-09-24 08:37:39
542,542,billetera,41.65,2026-09-27 20:43:48
543,543,tarjeta,49.2,2026-09-02 11:28:09
544,544,efectivo,56.35,2026-09-27 19:46:50
545,545,efectivo,107.24,2026-09-24 13:29:32
546,546,tarjeta,84.32,2026-09-13 21:58:11
547,547,billetera,84.49,2026-09-30 02:28:29
548,548,billetera,35.53,2026-09-13 11:29:12
549,549,tarjeta,71.98,2026-09-06 17:58:58
550,550,tarjeta,68.19,2026-09-06 23:56:10
551,551,efectivo,91.59,2026-09-10 20:57:51
552,552,tarjeta,31.92,2026-09-25 08:32:04
553,553,tarjeta,40.47,2026-09-06 22:45:23
554,554,billetera,46.81,2026-09-06 19:19:30
555,555,efectivo,22.75,2026-09-19 16:35:01
556,556,efectivo,95.67,2026-09-14 19:39:40
557,557,tarjeta,41.45,2026-09-08 14:39:18
558,558,tarjeta,24.04,2026-09-27 18:14:58
559,559,tarjeta,51.65,2026-09-30 21:38:55
560,560,tarjeta,72.06,2026-09-14 07:41:59
561,561,tarjeta,93.65,2026-09-24 10:31:10
562,562,billetera,96.77,2026-09-28 07:04:28
563,563,tarjeta,71.83,2026-09-23 21:16:55
564,564,billetera,58.26,2026-09-25 13:54:23
565,565,efectivo,66.84,2026-09-14 00:32:03
566,566,billetera,36.47,2026-09-01 18:24:12
567,567,efectivo,101.27,2026-09-14 13:01:17
568,568,billetera,49.67,2026-09-07 14:20:39
569,569,tarjeta,47.51,2026-09-08 16:49:50
570,570,efectivo,41.73,2026-09-18 19:05:32
571,571,efectivo,83.73,2026-09-02 21:41:35
572,572,tarjeta,66.46,2026-09-25 19:01:44
573,573,tarjeta,111.5,2026-09-21 13:48:54
574,574,tarjeta,69.66,2026-09-22 21:11:28
575,575,tarjeta,93.41,2026-09-04 18:29:25
576,576,tarjeta,71.63,2026-09-25 12:12:31
577,577,billetera,97.42,2026-09-20 22:36:20
578,578,efectivo,44.3,2026-09-16 11:12:13
579,579,billetera,69.17,2026-09-27 11:51:38
580,580,tarjeta,22.0,2026-09-04 15:11:57
581,581,tarjeta,65.31,2026-09-02 14:45:38
582,582,billetera,95.2,2026-09-07 20:23:48
583,583,efectivo,72.46,2026-09-09 20:06:20
584,584,efectivo,80.32,2026-09-14 07:45:08
585,585,tarjeta,51.23,2026-09-18 18:13:57
586,586,efectivo,24.44,2026-09-30 11:30:24
587,587,billetera,27.46,2026-09-09 20:30:59
588,588,efectivo,69.71,2026-09-04 12:31:42
589,589,tarjeta,44.0,2026-09-18 18:33:54
590,590,efectivo,95.89,2026-09-10 23:09:18
591,591,billetera,90.77,2026-09-25 15:44:28
592,592,billetera,14.42,2026-09-17 20:17:33
593,593,tarjeta,35.24,2026-09-22 11:30:52
594,594,efectivo,38.13,2026-09-01 16:11:52
595,595,tarjeta,55.75,2026-09-15 17:26:23
596,596,billetera,62.28,2026-09-06 07:12:17
597,597,billetera,83.18,2026-09-10 17:13:21
598,598,billetera,53.1,2026-09-20 07:38:42
599,599,tarjeta,107.28,2026-09-27 10:54:26
600,600,efectivo,65.33,2026-09-08 11:48:52
601,601,billetera,111.07,2026-09-19 01:11:04
602,602,billetera,17.89,2026-09-29 12:26:22
603,603,billetera,52.4,2026-09-16 06:14:51
604,604,efectivo,75.71,2026-09-03 14:31:57
605,605,billetera,64.69,2026-09-15 10:14:08
606,606,tarjeta,108.92,2026-09-11 08:49:53
607,607,tarjeta,87.08,2026-09-21 15:25:50
608,608,billetera,15.44,2026-09-17 20:09:17
609,609,efectivo,42.87,2026-09-14 20:37:35
610,610,tarjeta,15.73,2026-09-08 07:42:16
611,611,tarjeta,19.83,2026-09-05 21:26:07
612,612,tarjeta,29.99,2026-09-03 16:26:36
613,613,tarjeta,38.0,2026-09-13 14:03:08
614,614,tarjeta,45.21,2026-09-08 10:40:25
615,615,efectivo,26.92,2026-09-21 10:17:36
616,616,tarjeta,106.91,2026-09-08 16:22:52
617,617,billetera,77.27,2026-09-03 23:04:03
618,618,efectivo,29.49,2026-09-18 06:31:15
619,619,tarjeta,55.0,2026-09-30 07:30:50
620,620,efectivo,46.11,2026-09-24 17:50:48
621,621,tarjeta,70.1,2026-09-15 23:56:37
622,622,billetera,76.08,2026-09-06 20:34:59
623,623,efectivo,109.02,2026-09-15 11:55:56
624,624,tarjeta,45.48,2026-09-07 11:57:59
625,625,efectivo,55.68,2026-09-30 19:53:47
626,626,efectivo,44.6,2026-09-13 06:12:13
627,627,tarjeta,97.83,2026-09-08 10:39:25
628,628,billetera,88.27,2026-09-25 19:02:29
629,629,efectivo,15.66,2026-09-04 18:25:25
630,630,efectivo,92.98,2026-09-06 09:13:37
631,631,billetera,92.37,2026-09-17 21:30:59
632,632,tarjeta,26.82,2026-09-22 14:28:42
633,633,billetera,101.33,2026-09-03 15:29:09
634,634,tarjeta,30.45,2026-09-28 14:41:45
635,635,billetera,85.08,2026-09-21 09:13:29
636,636,billetera,116.43,2026-09-06 00:30:56
637,637,efectivo,81.8,2026-09-19 05:45:27
638,638,tarjeta,16.61,2026-09-28 19:00:14
639,639,efectivo,55.04,2026-09-20 11:06:46
640,640,efectivo,36.02,2026-09-22 01:25:15
641,641,billetera,76.07,2026-09-07 19:35:07
642,642,efectivo,21.24,2026-09-01 21:43:34
643,643,efectivo,83.51,2026-09-14 07:40:52
644,644,tarjeta,14.9,2026-09-08 21:54:17
645,645,efectivo,86.16,2026-09-30 23:44:16
646,646,tarjeta,35.96,2026-09-12 18:18:02
647,647,tarjeta,94.12,2026-09-13 18:21:57
648,648,efectivo,43.67,2026-09-01 11:53:45
649,649,efectivo,15.54,2026-09-11 23:37:10
650,650,efectivo,76.51,2026-09-28 22:31:35
651,651,billetera,69.58,2026-09-07 14:56:56
652,652,billetera,82.37,2026-09-26 23:16:14
653,653,billetera,31.83,2026-09-07 23:51:47
654,654,tarjeta,107.8,2026-09-17 14:12:05
655,655,efectivo,93.21,2026-09-25 19:20:46
656,656,tarjeta,15.42,2026-09-06 16:57:34
657,657,billetera,52.19,2026-09-21 21:05:11
658,658,tarjeta,121.62,2026-09-18 08:08:05
659,659,billetera,100.81,2026-09-09 15:16:14
660,660,tarjeta,39.95,2026-09-08 17:18:48
661,661,billetera,100.01,2026-09-14 16:59:19
662,662,tarjeta,79.49,2026-09-22 19:57:50
663,663,tarjeta,89.96,2026-09-09 20:48:58
664,664,tarjeta,69.67,2026-09-21 18:32:50
665,665,billetera,84.75,2026-09-19 12:19:37
666,666,billetera,21.01,2026-09-12 17:40:53
667,667,efectivo,20.19,2026-09-18 14:23:58
668,668,efectivo,49.39,2026-09-18 21:10:02
669,669,tarjeta,81.48,2026-09-11 18:44:54
670,670,billetera,64.14,2026-09-07 18:01:05
671,671,efectivo,30.05,2026-09-23 15:05:58
672,672,billetera,58.9,2026-09-08 18:44:14
673,673,tarjeta,65.54,2026-09-02 06:31:16
674,674,efectivo,15.27,2026-09-29 21:04:21
675,675,billetera,28.77,2026-09-06 16:32:29
676,676,efectivo,99.36,2026-09-20 21:53:23
677,677,efectivo,58.22,2026-09-20 07:11:17
678,678,tarjeta,92.61,2026-09-30 20:54:22
679,679,billetera,54.63,2026-09-10 05:41:39
680,680,efectivo,94.65,2026-09-07 23:06:40
681,681,tarjeta,75.75,2026-09-07 01:30:48
682,682,tarjeta,87.71,2026-09-30 18:55:43
683,683,tarjeta,30.47,2026-09-08 01:39:50
684,684,billetera,92.93,2026-09-06 05:17:29
685,685,tarjeta,103.53,2026-09-10 15:52:28
686,686,efectivo,16.26,2026-09-09 13:28:58
687,687,efectivo,65.22,2026-09-14 14:46:59
688,688,billetera,53.37,2026-09-28 13:47:18
689,689,tarjeta,84.84,2026-09-02 17:40:06
690,690,tarjeta,54.09,2026-09-05 00:47:30
691,691,billetera,16.33,2026-09-06 21:03:53
692,692,tarjeta,18.96,2026-09-20 19:41:32
693,693,efectivo,97.88,2026-09-19 20:44:05
694,694,efectivo,77.56,2026-09-07 11:47:39
695,695,billetera,28.48,2026-09-09 17:28:39
696,696,billetera,96.14,2026-09-20 13:02:29
697,697,tarjeta,104.59,2026-09-10 18:52:43
698,698,tarjeta,80.68,2026-09-29 10:55:12
699,699,efectivo,79.04,2026-09-06 12:38:52
700,700,efectivo,101.56,2026-09-11 11:59:45
701,701,billetera,29.37,2026-09-06 11:39:54
702,702,billetera,53.02,2026-09-07 18:55:45
703,703,billetera,55.18,2026-09-21 14:40:25
704,704,tarjeta,94.66,2026-09-09 14:42:26
705,705,efectivo,103.42,2026-09-17 22:04:04
706,706,efectivo,79.91,2026-09-10 18:40:43
707,707,billetera,77.41,2026-09-24 17:46:44
708,708,billetera,22.48,2026-09-22 15:04:43
709,709,efectivo,120.42,2026-09-03 22:10:53
710,710,tarjeta,75.88,2026-09-15 13:53:01
711,711,efectivo,54.98,2026-09-04 14:21:18
712,712,billetera,48.75,2026-09-19 00:02:33
713,713,tarjeta,111.54,2026-09-02 15:41:23
714,714,billetera,21.46,2026-09-19 08:29:24
715,715,efectivo,77.34,2026-09-29 11:39:16
716,716,billetera,29.13,2026-09-29 09:00:16
717,717,efectivo,64.56,2026-09-07 08:30:50
718,718,tarjeta,92.98,2026-09-24 19:45:20
719,719,efectivo,65.46,2026-09-21 18:27:58
720,720,tarjeta,99.34,2026-09-29 14:22:20
721,721,billetera,74.7,2026-09-28 23:48:51
722,722,billetera,25.82,2026-09-11 09:17:26
723,723,efectivo,41.49,2026-09-21 19:09:18
724,724,tarjeta,18.39,2026-09-04 16:17:24
725,725,efectivo,115.3,2026-09-24 23:12:45
726,726,efectivo,107.3,2026-09-10 16:50:39
727,727,billetera,78.18,2026-09-02 16:44:41
728,728,billetera,112.7,2026-09-19 16:59:58
729,729,tarjeta,15.7,2026-09-07 10:27:54
730,730,efectivo,102.99,2026-09-08 11:38:06
731,731,efectivo,118.25,2026-09-30 15:16:30
732,732,efectivo,56.3,2026-09-29 19:39:39
733,733,efectivo,129.92,2026-09-02 17:47:32
734,734,efectivo,52.79,2026-09-16 05:31:34
735,735,tarjeta,109.96,2026-09-15 10:40:45
736,736,efectivo,57.55,2026-09-17 19:12:56
737,737,billetera,89.96,2026-09-21 18:13:29
738,738,billetera,98.46,2026-09-24 13:21:28
739,739,billetera,34.71,2026-09-05 21:20:47
740,740,tarjeta,101.65,2026-09-22 10:31:19
741,741,tarjeta,85.45,2026-09-06 08:25:42
742,742,billetera,90.43,2026-09-10 12:29:43
743,743,tarjeta,54.29,2026-09-27 08:10:15
744,744,tarjeta,23.37,2026-09-11 07:32:24
745,745,efectivo,87.65,2026-09-07 20:37:39
746,746,efectivo,100.81,2026-09-27 14:12:55
747,747,tarjeta,105.07,2026-09-13 19:51:55
748,748,tarjeta,103.82,2026-09-29 09:31:55
749,749,billetera,38.45,2026-09-02 12:56:29
750,750,billetera,54.66,2026-09-26 16:02:37
751,751,tarjeta,57.79,2026-09-23 10:40:25
752,752,efectivo,47.74,2026-09-25 09:07:09
753,753,efectivo,41.92,2026-09-07 09:06:41
754,754,tarjeta,42.09,2026-09-03 20:23:49
755,755,billetera,103.93,2026-09-22 16:42:09
756,756,efectivo,70.45,2026-09-09 15:25:49
757,757,tarjeta,39.41,2026-09-20 13:41:04
758,758,billetera,83.79,2026-09-19 11:46:26
759,759,tarjeta,33.94,2026-09-29 08:41:33
760,760,tarjeta,18.37,2026-09-07 20:19:05
761,761,tarjeta,33.5,2026-09-03 06:47:22
762,762,billetera,61.16,2026-09-29 08:06:35
763,763,billetera,66.37,2026-09-11 11:51:04
764,764,tarjeta,92.79,2026-09-09 13:33:51
765,765,tarjeta,107.73,2026-09-03 20:03:26
766,766,billetera,32.71,2026-09-26 17:50:35
767,767,tarjeta,71.45,2026-09-21 18:04:13
768,768,billetera,93.39,2026-09-25 18:40:56
769,769,tarjeta,70.09,2026-09-18 14:15:35
770,770,billetera,32.32,2026-09-15 06:13:00
771,771,tarjeta,67.81,2026-09-11 21:13:45
772,772,tarjeta,99.61,2026-09-22 09:16:09
773,773,billetera,66.33,2026-09-14 18:02:10
774,774,billetera,96.41,2026-09-30 18:52:53
775,775,tarjeta,73.85,2026-09-10 01:15:42
776,776,efectivo,72.69,2026-09-08 06:54:57
777,777,tarjeta,55.95,2026-09-05 13:04:33
778,778,tarjeta,35.81,2026-09-20 18:16:16
779,779,tarjeta,95.02,2026-09-29 08:20:11
780,780,billetera,103.32,2026-09-07 07:16:26
781,781,tarjeta,72.67,2026-09-17 12:23:40
782,782,tarjeta,34.79,2026-09-13 10:46:31
783,783,efectivo,90.62,2026-09-29 14:17:43
784,784,billetera,78.27,2026-09-16 12:51:10
785,785,billetera,104.11,2026-09-17 15:51:04
786,786,efectivo,52.66,2026-09-02 13:48:21
787,787,billetera,57.51,2026-09-01 18:38:52
788,788,tarjeta,34.49,2026-09-20 11:30:34
789,789,efectivo,62.93,2026-09-08 11:13:21
790,790,billetera,17.95,2026-09-03 16:21:56
791,791,billetera,87.95,2026-09-06 21:07:02
792,792,billetera,57.8,2026-09-21 16:32:08
793,793,tarjeta,83.24,2026-09-30 09:52:38
794,794,tarjeta,89.85,2026-09-29 14:26:33
795,795,efectivo,64.35,2026-09-28 12:35:56
796,796,billetera,97.98,2026-09-03 11:56:00
797,797,efectivo,82.85,2026-09-02 10:41:21
798,798,billetera,100.05,2026-09-03 21:33:42
799,799,billetera,81.79,2026-09-26 10:53:29
800,800,efectivo,35.86,2026-09-29 09:24:11
801,801,tarjeta,107.5,2026-09-08 13:22:39
802,802,tarjeta,92.25,2026-09-28 08:47:26
803,803,billetera,104.21,2026-09-11 08:46:09
804,804,billetera,52.33,2026-09-29 05:43:01
805,805,billetera,70.68,2026-09-28 18:02:31
806,806,efectivo,94.35,2026-09-25 10:07:57
807,807,billetera,44.39,2026-09-17 12:24:50
808,808,tarjeta,72.01,2026-09-16 13:56:53
809,809,billetera,86.56,2026-09-18 17:25:36
810,810,efectivo,38.8,2026-09-30 13:42:17
811,811,billetera,45.04,2026-09-06 20:05:16
812,812,tarjeta,46.27,2026-09-09 09:05:19
813,813,billetera,79.37,2026-09-08 13:18:09
814,814,billetera,85.42,2026-09-17 08:19:22
815,815,billetera,29.23,2026-09-05 14:55:27
816,816,billetera,93.88,2026-09-19 21:35:18
817,817,efectivo,91.68,2026-09-03 09:29:18
818,818,efectivo,120.09,2026-09-04 21:24:12
819,819,billetera,98.81,2026-09-11 08:37:31
820,820,efectivo,76.88,2026-09-30 12:43:51
821,821,billetera,26.92,2026-09-25 15:06:10
822,822,efectivo,66.08,2026-09-25 19:40:34
823,823,efectivo,103.38,2026-09-28 21:28:02
824,824,tarjeta,91.44,2026-09-23 01:59:25
825,825,tarjeta,95.47,2026-09-24 19:04:35
826,826,tarjeta,88.25,2026-09-06 19:07:29
827,827,tarjeta,28.95,2026-09-12 07:49:18
828,828,tarjeta,58.86,2026-09-26 22:03:14
829,829,efectivo,81.73,2026-09-29 16:55:58
830,830,billetera,47.78,2026-09-28 20:17:59
831,831,tarjeta,117.95,2026-09-29 16:01:47
832,832,billetera,87.26,2026-09-20 21:27:07
833,833,tarjeta,90.03,2026-09-06 06:24:33
834,834,efectivo,33.49,2026-09-13 21:05:44
835,835,tarjeta,90.87,2026-09-05 14:48:24
836,836,efectivo,18.0,2026-09-27 08:34:17
837,837,efectivo,21.61,2026-09-13 13:26:59
838,838,tarjeta,82.16,2026-09-02 17:37:49
839,839,efectivo,66.09,2026-09-25 08:52:39
840,840,efectivo,85.34,2026-09-18 17:55:50
841,841,efectivo,36.83,2026-09-14 20:53:30
842,842,tarjeta,75.32,2026-09-13 17:17:53
843,843,billetera,21.57,2026-09-29 13:53:11
844,844,efectivo,15.57,2026-09-04 17:49:32
845,845,tarjeta,37.24,2026-09-08 16:38:04
846,846,efectivo,95.53,2026-09-04 14:37:04
847,847,tarjeta,48.06,2026-09-01 10:03:30
848,848,tarjeta,86.22,2026-09-07 10:37:15
849,849,billetera,21.84,2026-09-22 10:52:56
850,850,efectivo,93.94,2026-09-24 06:20:40
851,851,efectivo,31.28,2026-09-03 01:26:03
852,852,billetera,61.97,2026-09-26 13:46:16
853,853,efectivo,73.84,2026-09-16 08:52:53
854,854,efectivo,63.37,2026-09-10 08:12:12
855,855,billetera,64.72,2026-09-01 18:57:54
856,856,efectivo,39.23,2026-09-08 21:01:43
857,857,tarjeta,69.15,2026-09-28 23:11:49
858,858,billetera,59.35,2026-09-25 19:26:44
859,859,tarjeta,90.48,2026-09-26 20:27:36
860,860,tarjeta,18.43,2026-09-08 11:12:40
861,861,billetera,85.42,2026-09-22 09:16:36
862,862,tarjeta,83.85,2026-09-02 14:41:49
863,863,tarjeta,73.01,2026-09-13 08:04:24
864,864,efectivo,70.25,2026-09-12 10:12:23
865,865,billetera,52.84,2026-09-21 09:58:36
866,866,billetera,73.25,2026-09-22 17:38:03
867,867,tarjeta,61.11,2026-09-30 16:58:52
868,868,tarjeta,23.22,2026-09-02 13:47:49
869,869,tarjeta,115.3,2026-09-30 16:36:22
870,870,efectivo,32.59,2026-09-03 16:04:02
871,871,efectivo,58.76,2026-09-26 14:54:55
872,872,efectivo,28.79,2026-09-25 15:34:50
873,873,efectivo,91.76,2026-09-14 15:50:09
874,874,billetera,67.75,2026-09-18 06:54:46
875,875,efectivo,36.63,2026-09-11 13:19:14
876,876,tarjeta,118.83,2026-09-18 13:11:58
877,877,tarjeta,50.52,2026-09-14 00:00:42
878,878,billetera,80.19,2026-09-26 13:18:21
879,879,billetera,15.39,2026-09-13 18:40:45
880,880,billetera,69.61,2026-09-20 13:43:19
881,881,efectivo,16.4,2026-09-07 18:14:23
882,882,tarjeta,72.77,2026-09-18 00:31:42
883,883,tarjeta,16.47,2026-09-16 09:11:08
884,884,billetera,37.21,2026-09-22 16:08:20
885,885,billetera,91.31,2026-09-02 19:28:41
886,886,billetera,21.53,2026-09-03 20:13:59
887,887,tarjeta,69.0,2026-09-25 09:27:32
888,888,billetera,59.68,2026-09-18 21:19:04
889,889,billetera,29.31,2026-09-10 18:46:00
890,890,tarjeta,21.37,2026-09-06 09:15:04
891,891,efectivo,91.05,2026-09-24 18:43:59
892,892,tarjeta,22.33,2026-09-02 13:37:35
893,893,efectivo,97.7,2026-09-10 21:34:59
894,894,efectivo,51.09,2026-09-07 00:09:50
895,895,efectivo,61.4,2026-09-03 20:09:11
896,896,efectivo,42.78,2026-09-26 22:20:31
897,897,tarjeta,34.49,2026-09-29 10:38:46
898,898,tarjeta,28.28,2026-09-05 10:58:42
899,899,billetera,87.58,2026-09-12 18:40:05
900,900,tarjeta,24.6,2026-09-27 09:56:45
901,901,tarjeta,24.82,2026-09-15 08:52:52
902,902,efectivo,33.69,2026-09-04 18:22:05
903,903,billetera,95.03,2026-09-23 18:40:11
904,904,efectivo,102.13,2026-09-27 14:18:26
905,905,efectivo,36.05,2026-09-04 17:37:06
906,906,efectivo,21.47,2026-09-13 05:43:09
907,907,efectivo,79.57,2026-09-26 12:54:09
908,908,efectivo,79.31,2026-09-21 12:30:13
909,909,billetera,50.48,2026-09-12 01:16:15
910,910,efectivo,95.21,2026-09-20 10:27:15
911,911,tarjeta,33.54,2026-09-22 00:55:02
912,912,efectivo,21.95,2026-09-23 06:07:09
913,913,billetera,26.83,2026-09-17 08:20:15
914,914,billetera,45.73,2026-09-03 09:50:33
915,915,efectivo,35.83,2026-09-13 13:59:57
916,916,tarjeta,78.31,2026-09-27 20:30:55
917,917,efectivo,39.37,2026-09-15 20:25:19
918,918,efectivo,59.07,2026-09-17 20:06:56
919,919,tarjeta,51.93,2026-09-09 19:14:19
920,920,tarjeta,74.38,2026-09-09 12:53:38
921,921,efectivo,49.77,2026-09-17 22:19:54
922,922,efectivo,81.8,2026-09-03 20:44:18
923,923,efectivo,39.91,2026-09-05 05:59:21
924,924,efectivo,73.11,2026-09-26 19:06:06
925,925,billetera,22.45,2026-09-24 12:36:53
926,926,efectivo,43.29,2026-09-28 09:00:48
927,927,efectivo,73.34,2026-09-15 00:42:23
928,928,tarjeta,73.86,2026-09-10 19:26:22
929,929,tarjeta,77.02,2026-09-18 09:29:20
930,930,billetera,97.85,2026-09-23 08:33:57
931,931,tarjeta,41.0,2026-09-10 10:45:32
932,932,tarjeta,63.27,2026-09-16 16:54:33
933,933,tarjeta,74.4,2026-09-03 17:31:04
934,934,efectivo,86.87,2026-09-23 14:48:55
935,935,billetera,67.91,2026-09-27 09:21:57
936,936,efectivo,56.34,2026-09-29 00:42:30
937,937,billetera,20.29,2026-09-25 13:06:46
938,938,billetera,67.61,2026-09-24 09:10:07
939,939,efectivo,39.28,2026-09-09 18:44:17
940,940,efectivo,66.49,2026-09-01 18:23:06
941,941,efectivo,76.42,2026-09-20 11:00:20
942,942,efectivo,102.52,2026-09-16 20:52:36
943,943,tarjeta,29.94,2026-09-07 10:30:39
944,944,tarjeta,91.94,2026-09-14 18:36:50
945,945,efectivo,97.03,2026-09-30 12:59:39
946,946,efectivo,60.66,2026-09-05 09:49:43
947,947,efectivo,111.48,2026-09-15 08:01:00
948,948,tarjeta,66.72,2026-09-28 14:42:37
949,949,tarjeta,110.41,2026-09-30 00:46:37
950,950,tarjeta,105.94,2026-09-26 23:31:46
951,951,efectivo,31.0,2026-09-07 23:48:18
952,952,efectivo,100.58,2026-09-11 09:55:57
953,953,billetera,41.23,2026-09-14 19:32:58
954,954,tarjeta,39.98,2026-09-07 04:56:15
955,955,billetera,22.39,2026-09-22 13:01:35
956,956,tarjeta,132.33,2026-09-07 07:17:29
957,957,billetera,77.42,2026-09-09 17:25:00
958,958,billetera,80.33,2026-09-04 16:57:31
959,959,efectivo,47.87,2026-09-12 20:49:44
960,960,billetera,40.48,2026-09-16 22:22:24
961,961,efectivo,65.78,2026-09-16 10:19:30
962,962,billetera,60.03,2026-09-28 23:04:36
963,963,efectivo,45.2,2026-09-24 20:56:00
964,964,tarjeta,68.4,2026-09-29 13:07:34
965,965,billetera,103.62,2026-09-16 12:32:21
966,966,tarjeta,97.67,2026-09-16 13:41:53
967,967,efectivo,21.89,2026-09-19 04:15:51
968,968,tarjeta,26.18,2026-09-22 16:08:12
969,969,efectivo,42.55,2026-09-23 21:26:31
970,970,billetera,125.74,2026-09-09 18:45:41
971,971,tarjeta,91.44,2026-09-28 06:37:25
972,972,efectivo,50.68,2026-09-01 01:02:46
973,973,tarjeta,78.67,2026-09-05 13:35:54
974,974,tarjeta,17.97,2026-09-25 21:16:57
975,975,tarjeta,36.2,2026-09-01 11:51:18
976,976,tarjeta,43.89,2026-09-07 22:41:32
977,977,tarjeta,113.54,2026-09-24 16:24:33
978,978,tarjeta,114.68,2026-09-16 22:42:04
979,979,efectivo,36.39,2026-09-02 06:36:21
980,980,billetera,50.81,2026-09-11 21:45:03
981,981,billetera,32.86,2026-09-28 11:13:20
982,982,billetera,85.56,2026-09-24 19:14:42
983,983,billetera,19.44,2026-09-03 10:31:50
984,984,tarjeta,60.03,2026-09-10 15:31:22
985,985,efectivo,21.18,2026-09-02 21:49:13
986,986,tarjeta,16.99,2026-09-10 12:51:18
987,987,billetera,44.36,2026-09-17 11:38:31
988,988,tarjeta,71.98,2026-09-02 20:18:33
989,989,billetera,128.15,2026-09-29 21:53:12
990,990,billetera,17.67,2026-09-15 19:03:38
991,991,billetera,32.03,2026-09-17 13:39:12
992,992,billetera,80.88,2026-09-01 13:02:48
993,993,tarjeta,102.97,2026-09-03 12:20:57
994,994,tarjeta,70.43,2026-09-27 09:26:07
995,995,efectivo,34.15,2026-09-28 07:50:36
996,996,efectivo,78.73,2026-09-18 08:00:03
997,997,efectivo,94.62,2026-09-03 18:33:04
998,998,tarjeta,88.64,2026-09-09 18:00:21
999,999,tarjeta,99.47,2026-09-07 22:03:53
1000,1000,efectivo,36.36,2026-09-16 14:58:15
1001,1001,billetera,37.23,2026-09-18 13:03:55
1002,1002,tarjeta,65.88,2026-09-08 20:21:31
1003,1003,tarjeta,91.42,2026-09-27 12:47:13
1004,1004,efectivo,101.37,2026-09-13 10:03:01
1005,1005,efectivo,17.69,2026-09-25 08:49:33
1006,1006,billetera,49.06,2026-09-27 20:38:57
1007,1007,tarjeta,100.37,2026-09-21 07:32:07
1008,1008,billetera,38.8,2026-09-17 11:58:19
1009,1009,tarjeta,84.65,2026-09-01 15:20:33
1010,1010,efectivo,106.23,2026-09-02 17:20:21
1011,1011,billetera,31.51,2026-09-24 15:15:17
1012,1012,efectivo,56.25,2026-09-23 10:29:01
1013,1013,tarjeta,72.97,2026-09-07 07:42:04
1014,1014,efectivo,22.76,2026-09-28 11:51:45
1015,1015,billetera,15.28,2026-09-29 05:01:55
1016,1016,billetera,71.04,2026-09-02 09:33:11
1017,1017,tarjeta,69.19,2026-09-11 13:48:04
1018,1018,tarjeta,17.56,2026-09-12 06:22:42
1019,1019,tarjeta,68.6,2026-09-29 11:51:53
1020,1020,tarjeta,20.39,2026-09-20 18:10:35
1021,1021,billetera,73.67,2026-09-10 05:22:45
1022,1022,efectivo,81.35,2026-09-22 15:12:51
1023,1023,billetera,122.26,2026-09-16 18:40:17
1024,1024,tarjeta,20.51,2026-09-04 17:40:04
1025,1025,tarjeta,40.59,2026-09-30 19:11:43
1026,1026,billetera,70.61,2026-09-08 21:52:14
1027,1027,efectivo,96.03,2026-09-08 10:46:11
1028,1028,efectivo,64.78,2026-09-19 13:31:46
1029,1029,efectivo,71.78,2026-09-11 19:22:39
1030,1030,billetera,75.16,2026-09-11 11:38:47
1031,1031,efectivo,14.14,2026-09-04 21:59:09
1032,1032,efectivo,74.06,2026-09-03 10:36:51
1033,1033,billetera,123.26,2026-09-09 21:24:22
1034,1034,tarjeta,20.1,2026-09-22 11:20:25
1035,1035,tarjeta,103.73,2026-09-27 11:34:50
1036,1036,efectivo,48.34,2026-09-29 23:13:39
1037,1037,tarjeta,107.56,2026-09-06 19:08:35
1038,1038,billetera,104.02,2026-09-14 00:41:00
1039,1039,efectivo,105.5,2026-09-28 10:48:21
1040,1040,tarjeta,82.04,2026-09-19 20:32:25
1041,1041,billetera,32.02,2026-09-29 15:49:49
1042,1042,billetera,23.69,2026-09-11 13:06:13
1043,1043,tarjeta,32.36,2026-09-04 08:04:07
1044,1044,tarjeta,56.6,2026-09-08 11:39:01
1045,1045,billetera,121.7,2026-09-27 20:57:09
1046,1046,efectivo,41.8,2026-09-10 09:21:59
1047,1047,billetera,34.22,2026-09-01 14:22:37
1048,1048,tarjeta,110.4,2026-09-19 09:33:55
1049,1049,billetera,26.73,2026-09-04 22:22:37
1050,1050,tarjeta,93.75,2026-09-24 22:10:04
1051,1051,tarjeta,95.3,2026-09-24 10:22:12
1052,1052,efectivo,121.16,2026-09-07 13:43:43
1053,1053,billetera,76.43,2026-09-02 13:44:54
1054,1054,efectivo,88.95,2026-09-04 18:40:27
1055,1055,tarjeta,30.57,2026-09-30 21:26:37
1056,1056,billetera,98.36,2026-09-28 17:11:50
1057,1057,tarjeta,30.52,2026-09-29 07:05:42
1058,1058,billetera,83.81,2026-09-07 10:09:11
1059,1059,efectivo,16.02,2026-09-07 09:50:12
1060,1060,tarjeta,74.38,2026-09-01 14:01:05
1061,1061,billetera,106.75,2026-09-04 13:16:04
1062,1062,billetera,22.72,2026-09-16 07:43:27
1063,1063,billetera,88.7,2026-09-17 08:47:45
1064,1064,tarjeta,99.09,2026-09-11 16:35:18
1065,1065,billetera,110.07,2026-09-30 19:55:49
1066,1066,efectivo,61.07,2026-09-23 07:36:57
1067,1067,billetera,38.65,2026-09-17 22:50:55
1068,1068,efectivo,40.3,2026-09-28 16:21:48
1069,1069,efectivo,54.46,2026-09-20 17:09:18
1070,1070,efectivo,28.39,2026-09-23 03:53:49
1071,1071,billetera,18.27,2026-09-12 07:00:56
1072,1072,billetera,115.04,2026-09-14 20:11:31
1073,1073,efectivo,60.55,2026-09-27 20:06:48
1074,1074,billetera,113.76,2026-09-17 15:24:52
1075,1075,billetera,34.3,2026-09-23 21:55:39
1076,1076,tarjeta,16.49,2026-09-05 08:35:34
1077,1077,efectivo,116.25,2026-09-27 16:00:46
1078,1078,tarjeta,92.98,2026-09-15 08:23:57
1079,1079,billetera,107.71,2026-09-08 12:20:53
1080,1080,tarjeta,83.34,2026-09-08 08:29:07
1081,1081,efectivo,86.16,2026-09-16 10:56:22
1082,1082,billetera,85.53,2026-09-20 20:39:56
1083,1083,billetera,64.49,2026-09-19 00:10:42
1084,1084,billetera,63.51,2026-09-27 05:50:00
1085,1085,billetera,52.34,2026-09-10 11:33:36
1086,1086,efectivo,23.96,2026-09-14 00:15:15
1087,1087,tarjeta,34.58,2026-09-23 13:19:52
1088,1088,billetera,92.1,2026-09-06 08:35:11
1089,1089,efectivo,66.08,2026-09-04 20:08:33
1090,1090,billetera,45.02,2026-09-07 08:13:04
1091,1091,efectivo,63.16,2026-09-16 17:24:54
1092,1092,efectivo,80.9,2026-09-30 17:45:18
1093,1093,efectivo,117.85,2026-09-04 13:35:29
1094,1094,tarjeta,63.42,2026-09-12 09:39:31
1095,1095,tarjeta,91.62,2026-09-22 18:55:41
1096,1096,billetera,93.64,2026-09-16 03:59:59
1097,1097,tarjeta,16.51,2026-09-28 17:56:29
1098,1098,billetera,87.54,2026-09-13 15:15:06
1099,1099,tarjeta,24.68,2026-09-17 14:22:38
1100,1100,efectivo,75.79,2026-09-16 09:52:28
1101,1101,efectivo,43.58,2026-09-13 15:54:37
1102,1102,tarjeta,85.57,2026-09-13 11:34:25
1103,1103,tarjeta,33.31,2026-09-24 20:00:31
1104,1104,efectivo,71.41,2026-09-21 18:27:22
1105,1105,efectivo,43.01,2026-09-21 07:50:22
1106,1106,tarjeta,73.79,2026-09-27 18:47:39
1107,1107,tarjeta,43.2,2026-09-14 14:37:46
1108,1108,efectivo,39.08,2026-09-22 18:55:16
1109,1109,tarjeta,25.53,2026-09-16 14:16:28
1110,1110,tarjeta,90.42,2026-09-07 15:35:22
1111,1111,efectivo,127.34,2026-09-07 08:21:03
1112,1112,efectivo,23.35,2026-09-03 08:19:55
1113,1113,billetera,108.44,2026-09-12 10:08:42
1114,1114,tarjeta,95.52,2026-09-14 10:04:16
1115,1115,tarjeta,71.67,2026-09-07 19:28:36
1116,1116,efectivo,111.41,2026-09-02 10:17:18
1117,1117,efectivo,53.15,2026-09-11 09:28:32
1118,1118,efectivo,110.77,2026-09-22 21:44:38
1119,1119,billetera,31.37,2026-09-03 07:10:30
1120,1120,billetera,107.05,2026-09-01 17:24:13
1121,1121,billetera,23.43,2026-09-24 17:30:25
1122,1122,efectivo,79.14,2026-09-06 11:12:48
1123,1123,efectivo,26.51,2026-09-06 05:57:35
1124,1124,tarjeta,62.64,2026-09-05 11:31:43
1125,1125,billetera,14.8,2026-09-12 08:04:16
1126,1126,efectivo,104.79,2026-09-25 02:32:34
1127,1127,tarjeta,88.43,2026-09-10 17:09:35
1128,1128,efectivo,83.32,2026-09-05 15:34:40
1129,1129,efectivo,97.43,2026-09-15 06:25:41
1130,1130,tarjeta,67.75,2026-09-08 09:01:12
1131,1131,efectivo,37.79,2026-09-09 15:10:12
1132,1132,tarjeta,16.69,2026-09-15 20:01:37
1133,1133,tarjeta,18.58,2026-09-12 10:02:07
1134,1134,efectivo,47.62,2026-09-10 10:19:13
1135,1135,efectivo,44.54,2026-09-01 20:27:44
1136,1136,billetera,76.81,2026-09-09 18:17:45
1137,1137,efectivo,58.89,2026-09-22 23:51:43
1138,1138,efectivo,99.65,2026-09-16 03:25:45
1139,1139,billetera,20.47,2026-09-07 11:14:26
1140,1140,efectivo,77.53,2026-09-12 13:36:19
1141,1141,tarjeta,32.46,2026-09-16 14:10:22
1142,1142,billetera,99.76,2026-09-02 12:55:14
1143,1143,billetera,55.89,2026-09-28 19:33:54
1144,1144,tarjeta,97.05,2026-09-18 16:02:31
1145,1145,tarjeta,112.3,2026-09-24 02:38:11
1146,1146,billetera,81.15,2026-09-07 11:49:04
1147,1147,efectivo,90.14,2026-09-28 04:54:09
1148,1148,tarjeta,47.56,2026-09-03 09:16:30
1149,1149,billetera,46.44,2026-09-18 21:51:53
1150,1150,billetera,93.32,2026-09-12 15:03:27
1151,1151,efectivo,101.02,2026-09-23 13:29:12
1152,1152,tarjeta,101.44,2026-09-18 04:04:03
1153,1153,tarjeta,58.04,2026-09-30 21:34:16
1154,1154,efectivo,23.56,2026-09-02 19:53:13
1155,1155,efectivo,82.82,2026-09-08 15:51:22
1156,1156,billetera,86.97,2026-09-15 19:26:50
1157,1157,efectivo,15.07,2026-09-09 17:54:51
1158,1158,tarjeta,106.2,2026-09-02 08:46:22
1159,1159,tarjeta,83.3,2026-09-15 13:53:48
1160,1160,tarjeta,79.88,2026-09-02 10:47:06
1161,1161,tarjeta,19.36,2026-09-05 12:58:43
1162,1162,tarjeta,101.98,2026-09-17 15:33:27
1163,1163,tarjeta,22.06,2026-09-17 21:05:25
1164,1164,billetera,75.17,2026-09-17 15:22:29
1165,1165,tarjeta,31.79,2026-09-17 13:57:00
1166,1166,tarjeta,25.59,2026-09-04 13:25:26
1167,1167,efectivo,41.06,2026-09-07 19:48:03
1168,1168,tarjeta,91.66,2026-09-22 11:58:01
1169,1169,billetera,21.17,2026-09-23 18:07:56
1170,1170,billetera,64.4,2026-09-11 17:31:38
1171,1171,billetera,99.93,2026-09-25 19:16:52
1172,1172,efectivo,55.63,2026-09-01 12:02:53
1173,1173,billetera,113.85,2026-09-08 17:13:58
1174,1174,billetera,118.18,2026-09-07 19:11:51
1175,1175,tarjeta,61.37,2026-09-26 14:45:13
1176,1176,efectivo,58.61,2026-09-17 14:02:10
1177,1177,billetera,112.39,2026-09-17 10:54:04
1178,1178,tarjeta,40.71,2026-09-04 13:47:48
1179,1179,billetera,41.49,2026-09-13 21:51:44
1180,1180,tarjeta,89.02,2026-09-12 11:44:31
1181,1181,billetera,26.72,2026-09-20 11:35:38
1182,1182,efectivo,57.65,2026-09-18 18:48:08
1183,1183,efectivo,46.81,2026-09-13 11:25:54
1184,1184,billetera,16.95,2026-09-11 09:09:04
1185,1185,efectivo,44.72,2026-09-07 05:27:58
1186,1186,billetera,31.28,2026-09-28 00:59:13
1187,1187,efectivo,72.67,2026-09-26 12:05:48
1188,1188,tarjeta,69.98,2026-09-27 13:34:52
1189,1189,efectivo,86.16,2026-09-15 11:54:15
1190,1190,tarjeta,91.7,2026-09-06 21:49:37
1191,1191,efectivo,45.27,2026-09-29 20:18:09
1192,1192,billetera,81.26,2026-09-25 19:56:30
1193,1193,tarjeta,76.25,2026-09-12 09:24:32
1194,1194,efectivo,46.74,2026-09-17 00:06:35
1195,1195,efectivo,64.8,2026-09-04 20:59:43
1196,1196,billetera,75.24,2026-09-02 18:34:38
1197,1197,tarjeta,76.36,2026-09-17 14:47:01
1198,1198,tarjeta,36.02,2026-09-11 16:47:28
1199,1199,billetera,92.7,2026-09-11 12:30:46
1200,1200,billetera,57.08,2026-09-22 19:54:58
1201,1201,efectivo,27.6,2026-09-28 19:40:34
1202,1202,tarjeta,72.89,2026-09-13 13:45:35
1203,1203,billetera,83.29,2026-09-07 19:26:30
1204,1204,billetera,22.0,2026-09-22 21:26:45
1205,1205,efectivo,73.2,2026-09-03 06:49:38
1206,1206,tarjeta,50.33,2026-09-06 20:51:25
1207,1207,billetera,73.86,2026-09-22 19:48:18
1208,1208,tarjeta,22.99,2026-09-05 16:50:20
1209,1209,tarjeta,76.02,2026-09-01 19:20:06
1210,1210,billetera,50.4,2026-09-23 17:25:12
1211,1211,billetera,15.1,2026-09-07 23:08:06
1212,1212,efectivo,77.77,2026-09-15 18:54:52
1213,1213,billetera,61.3,2026-09-06 21:16:12
1214,1214,efectivo,22.31,2026-09-12 06:12:01
1215,1215,billetera,66.35,2026-09-02 17:59:08
1216,1216,efectivo,53.34,2026-09-19 22:39:59
1217,1217,efectivo,96.68,2026-09-13 07:08:37
1218,1218,efectivo,44.23,2026-09-02 14:23:09
1219,1219,billetera,109.01,2026-09-29 14:23:19
1220,1220,tarjeta,82.03,2026-09-25 18:15:45
1221,1221,tarjeta,18.36,2026-09-16 09:33:55
1222,1222,billetera,38.18,2026-09-14 18:08:28
1223,1223,tarjeta,94.39,2026-09-10 17:54:09
1224,1224,efectivo,25.38,2026-09-07 18:34:12
1225,1225,efectivo,97.79,2026-09-30 06:34:28
1226,1226,efectivo,56.84,2026-09-24 08:40:33
1227,1227,tarjeta,27.0,2026-09-17 09:50:26
1228,1228,billetera,27.58,2026-09-06 08:35:38
1229,1229,efectivo,31.49,2026-09-19 10:44:15
1230,1230,tarjeta,14.9,2026-09-19 13:14:34
1231,1231,billetera,85.68,2026-09-29 11:54:29
1232,1232,tarjeta,29.27,2026-09-30 12:49:14
1233,1233,billetera,81.29,2026-09-09 14:43:13
1234,1234,efectivo,60.86,2026-09-14 10:57:47
1235,1235,tarjeta,68.62,2026-09-01 08:54:49
1236,1236,efectivo,49.44,2026-09-18 19:19:32
1237,1237,billetera,85.13,2026-09-02 14:57:29
1238,1238,efectivo,29.87,2026-09-07 07:18:14
1239,1239,efectivo,39.95,2026-09-06 12:42:15
1240,1240,billetera,78.64,2026-09-24 13:12:48
1241,1241,tarjeta,52.01,2026-09-04 09:20:02
1242,1242,tarjeta,40.9,2026-09-11 14:23:39
1243,1243,tarjeta,99.62,2026-09-04 19:51:22
1244,1244,billetera,86.82,2026-09-02 10:49:42
1245,1245,billetera,74.0,2026-09-25 12:01:27
1246,1246,efectivo,44.58,2026-09-29 19:39:29
1247,1247,tarjeta,31.18,2026-09-14 23:57:46
1248,1248,tarjeta,67.3,2026-09-22 19:30:00
1249,1249,billetera,73.7,2026-09-08 10:41:16
1250,1250,tarjeta,74.39,2026-09-19 19:54:37
1251,1251,tarjeta,102.28,2026-09-25 22:37:06
1252,1252,tarjeta,17.69,2026-09-11 07:02:49
1253,1253,billetera,34.83,2026-09-13 08:05:05
1254,1254,efectivo,104.79,2026-09-21 21:25:02
1255,1255,tarjeta,90.07,2026-09-29 20:19:04
1256,1256,billetera,84.5,2026-09-07 10:31:31
1257,1257,efectivo,108.9,2026-09-23 18:35:51
1258,1258,billetera,32.15,2026-09-01 10:48:23
1259,1259,billetera,107.83,2026-09-03 14:37:47
1260,1260,tarjeta,76.05,2026-09-05 11:51:34
1261,1261,efectivo,94.89,2026-09-12 14:03:08
1262,1262,efectivo,86.3,2026-09-15 16:19:07
1263,1263,tarjeta,20.07,2026-09-14 20:42:33
1264,1264,efectivo,29.86,2026-09-19 17:04:01
1265,1265,efectivo,41.2,2026-09-01 12:43:02
1266,1266,billetera,35.72,2026-09-28 13:44:36
1267,1267,billetera,62.34,2026-09-24 18:10:00
1268,1268,billetera,50.6,2026-09-18 23:36:40
1269,1269,tarjeta,48.73,2026-09-29 19:46:48
1270,1270,tarjeta,72.42,2026-09-18 12:54:22
1271,1271,tarjeta,53.88,2026-09-26 20:06:03
1272,1272,tarjeta,57.22,2026-09-25 06:49:30
1273,1273,tarjeta,73.94,2026-09-09 16:52:11
1274,1274,efectivo,21.13,2026-09-05 12:42:55
1275,1275,billetera,14.69,2026-09-05 20:01:51
1276,1276,tarjeta,82.57,2026-09-23 15:10:46
1277,1277,tarjeta,31.33,2026-09-12 19:29:45
1278,1278,efectivo,37.77,2026-09-07 15:40:01
1279,1279,billetera,22.4,2026-09-05 17:17:27
1280,1280,tarjeta,65.56,2026-09-30 14:47:04
1281,1281,tarjeta,26.89,2026-09-07 11:18:04
1282,1282,efectivo,131.24,2026-09-19 15:35:09
1283,1283,billetera,82.27,2026-09-20 08:11:50
1284,1284,billetera,42.96,2026-09-12 19:55:04
1285,1285,billetera,54.23,2026-09-01 19:55:13
1286,1286,billetera,93.37,2026-09-05 13:52:31
1287,1287,efectivo,32.73,2026-09-14 10:49:04
1288,1288,tarjeta,79.43,2026-09-16 22:27:52
1289,1289,efectivo,34.72,2026-09-08 10:49:18
1290,1290,billetera,40.2,2026-09-16 12:41:13
1291,1291,tarjeta,14.32,2026-09-19 01:37:07
1292,1292,tarjeta,50.54,2026-09-25 12:40:43
1293,1293,tarjeta,95.0,2026-09-12 19:34:12
1294,1294,tarjeta,114.53,2026-09-10 17:34:20
1295,1295,billetera,82.88,2026-09-04 11:08:10
1296,1296,tarjeta,51.05,2026-09-27 08:39:51
1297,1297,efectivo,57.3,2026-09-14 20:02:33
1298,1298,efectivo,19.93,2026-09-01 07:29:00
1299,1299,efectivo,23.36,2026-09-01 11:05:37
1300,1300,tarjeta,43.76,2026-09-07 06:51:34
1301,1301,billetera,93.5,2026-09-08 19:36:21
1302,1302,efectivo,69.27,2026-09-16 12:32:44
1303,1303,efectivo,104.51,2026-09-23 00:11:39
1304,1304,tarjeta,89.88,2026-09-29 20:43:31
1305,1305,billetera,55.47,2026-09-09 20:45:14
1306,1306,tarjeta,44.44,2026-09-25 03:42:58
1307,1307,efectivo,73.35,2026-09-07 10:03:31
1308,1308,billetera,52.59,2026-09-30 20:48:20
1309,1309,efectivo,98.31,2026-09-27 20:53:06
1310,1310,efectivo,60.95,2026-09-23 11:06:17
1311,1311,billetera,121.32,2026-09-10 20:02:58
1312,1312,tarjeta,53.9,2026-09-16 08:24:27
1313,1313,billetera,42.68,2026-09-17 12:49:16
1314,1314,tarjeta,55.68,2026-09-10 16:42:54
1315,1315,tarjeta,59.64,2026-09-30 07:32:17
1316,1316,tarjeta,87.52,2026-09-22 23:26:18
1317,1317,efectivo,98.36,2026-09-16 17:54:30
1318,1318,tarjeta,17.15,2026-09-03 19:58:51
1319,1319,tarjeta,68.38,2026-09-14 15:25:51
1320,1320,efectivo,104.12,2026-09-08 08:47:16
1321,1321,efectivo,94.03,2026-09-25 22:20:00
1322,1322,billetera,78.62,2026-09-11 16:27:22
1323,1323,billetera,40.94,2026-09-29 10:26:41
1324,1324,billetera,103.19,2026-09-27 18:36:22
1325,1325,efectivo,35.85,2026-09-18 22:07:10
1326,1326,billetera,59.6,2026-09-28 12:31:20
1327,1327,tarjeta,95.52,2026-09-02 16:08:38
1328,1328,billetera,43.52,2026-09-02 19:40:33
1329,1329,tarjeta,48.06,2026-09-15 21:01:56
1330,1330,billetera,17.54,2026-09-19 19:20:51
1331,1331,billetera,47.01,2026-09-26 18:30:03
1332,1332,tarjeta,83.0,2026-09-24 10:29:05
1333,1333,efectivo,17.56,2026-09-13 13:26:02
1334,1334,billetera,102.28,2026-09-04 12:16:22
1335,1335,efectivo,92.41,2026-09-28 16:23:53
1336,1336,efectivo,68.04,2026-09-03 08:40:26
1337,1337,billetera,110.96,2026-09-05 21:08:10
1338,1338,efectivo,55.49,2026-09-17 13:47:26
1339,1339,billetera,100.93,2026-09-09 11:59:13
1340,1340,billetera,14.42,2026-09-19 11:20:25
1341,1341,efectivo,45.48,2026-09-12 20:19:22
1342,1342,efectivo,104.93,2026-09-12 11:01:06
1343,1343,tarjeta,91.28,2026-09-18 19:36:07
1344,1344,efectivo,15.5,2026-09-07 19:04:17
1345,1345,efectivo,107.6,2026-09-04 21:30:45
1346,1346,billetera,37.93,2026-09-15 12:46:46
1347,1347,billetera,15.67,2026-09-30 22:56:58
1348,1348,efectivo,76.58,2026-09-09 16:15:08
1349,1349,tarjeta,85.13,2026-09-18 17:51:56
1350,1350,billetera,61.66,2026-09-24 20:00:18
1351,1351,tarjeta,72.94,2026-09-09 10:07:31
1352,1352,efectivo,103.64,2026-09-13 13:38:04
1353,1353,billetera,93.36,2026-09-04 12:47:47
1354,1354,billetera,36.08,2026-09-04 18:54:47
1355,1355,efectivo,69.29,2026-09-12 15:22:18
1356,1356,efectivo,32.5,2026-09-13 12:57:34
1357,1357,tarjeta,34.67,2026-09-21 17:44:24
1358,1358,billetera,98.71,2026-09-23 09:10:20
1359,1359,billetera,110.23,2026-09-23 02:06:52
1360,1360,tarjeta,81.71,2026-09-25 09:14:27
1361,1361,tarjeta,99.47,2026-09-29 19:42:46
1362,1362,tarjeta,41.5,2026-09-07 16:14:53
1363,1363,billetera,103.56,2026-09-25 17:28:57
1364,1364,tarjeta,19.41,2026-09-01 06:11:53
1365,1365,billetera,43.22,2026-09-12 19:08:18
1366,1366,efectivo,48.3,2026-09-21 21:35:16
1367,1367,efectivo,66.85,2026-09-29 16:42:41
1368,1368,billetera,94.79,2026-09-17 16:38:03
1369,1369,efectivo,81.8,2026-09-29 09:10:35
1370,1370,efectivo,21.21,2026-09-24 17:03:57
1371,1371,billetera,31.98,2026-09-22 15:19:28
1372,1372,tarjeta,64.22,2026-09-17 13:35:53
1373,1373,tarjeta,57.74,2026-09-20 17:03:45
1374,1374,efectivo,90.85,2026-09-22 14:43:18
1375,1375,tarjeta,39.74,2026-09-25 03:16:31
1376,1376,billetera,94.34,2026-09-11 13:13:22
1377,1377,efectivo,72.77,2026-09-10 13:54:53
1378,1378,tarjeta,98.24,2026-09-14 18:59:58
1379,1379,efectivo,70.2,2026-09-16 13:37:37
1380,1380,billetera,50.88,2026-09-15 20:45:22
1381,1381,billetera,13.82,2026-09-09 17:38:38
1382,1382,billetera,91.73,2026-09-09 22:17:55
1383,1383,efectivo,35.91,2026-09-11 00:15:23
1384,1384,efectivo,43.1,2026-09-21 22:48:57
1385,1385,tarjeta,68.98,2026-09-01 20:47:02
1386,1386,tarjeta,73.37,2026-09-30 11:05:07
1387,1387,billetera,104.28,2026-09-12 19:21:19
1388,1388,tarjeta,69.89,2026-09-21 17:19:25
1389,1389,billetera,96.55,2026-09-01 13:24:42
1390,1390,efectivo,93.55,2026-09-06 09:26:12
1391,1391,billetera,63.18,2026-09-17 20:36:27
1392,1392,billetera,101.06,2026-09-29 15:14:46
1393,1393,billetera,24.88,2026-09-14 12:19:49
1394,1394,tarjeta,115.33,2026-09-17 16:26:41
1395,1395,efectivo,98.65,2026-09-29 15:02:29
1396,1396,billetera,17.94,2026-09-20 07:50:11
1397,1397,efectivo,64.07,2026-09-13 21:01:55
1398,1398,efectivo,24.81,2026-09-15 17:07:38
1399,1399,tarjeta,91.05,2026-09-16 16:33:58
1400,1400,billetera,89.04,2026-09-25 22:30:46
1401,1401,billetera,73.74,2026-09-09 14:45:53
1402,1402,efectivo,64.78,2026-09-15 23:50:59
1403,1403,tarjeta,118.05,2026-09-21 04:51:59
1404,1404,billetera,34.25,2026-09-26 22:49:41
1405,1405,billetera,31.31,2026-09-25 14:20:14
1406,1406,efectivo,69.22,2026-09-20 10:42:37
1407,1407,efectivo,48.79,2026-09-28 15:25:50
1408,1408,tarjeta,16.03,2026-09-23 16:18:39
1409,1409,efectivo,80.03,2026-09-27 16:04:47
1410,1410,efectivo,34.52,2026-09-16 10:05:34
1411,1411,tarjeta,19.42,2026-09-13 13:51:22
1412,1412,efectivo,65.88,2026-09-30 10:24:15
1413,1413,tarjeta,28.34,2026-09-08 11:49:15
1414,1414,billetera,126.24,2026-09-25 03:07:18
1415,1415,efectivo,26.55,2026-09-15 16:43:14
1416,1416,efectivo,89.31,2026-09-17 15:21:42
1417,1417,tarjeta,28.53,2026-09-19 06:45:50
1418,1418,efectivo,41.62,2026-09-01 08:27:11
1419,1419,efectivo,123.38,2026-09-08 16:17:14
1420,1420,billetera,105.51,2026-09-20 20:42:18
1421,1421,tarjeta,79.27,2026-09-09 16:20:50
1422,1422,billetera,95.12,2026-09-26 19:05:19
1423,1423,tarjeta,101.59,2026-09-03 14:54:30
1424,1424,billetera,75.2,2026-09-29 12:45:06
1425,1425,efectivo,56.14,2026-09-12 19:50:43
1426,1426,billetera,74.01,2026-09-15 12:18:02
1427,1427,billetera,24.65,2026-09-11 18:37:07
1428,1428,billetera,72.31,2026-09-13 10:18:58
1429,1429,efectivo,92.13,2026-09-30 18:13:18
1430,1430,efectivo,70.35,2026-09-23 10:33:14
1431,1431,efectivo,114.55,2026-09-26 13:58:38
1432,1432,tarjeta,35.88,2026-09-18 16:31:12
1433,1433,tarjeta,106.49,2026-09-19 20:49:35
1434,1434,tarjeta,80.54,2026-09-25 14:59:20
1435,1435,efectivo,25.97,2026-09-07 14:56:36
1436,1436,tarjeta,84.08,2026-09-29 19:34:27
1437,1437,billetera,71.84,2026-09-24 17:38:58
1438,1438,billetera,33.6,2026-09-29 23:20:52
1439,1439,efectivo,96.44,2026-09-15 08:24:57
1440,1440,tarjeta,38.07,2026-09-06 20:58:21
1441,1441,billetera,30.2,2026-09-14 20:23:03
1442,1442,billetera,83.68,2026-09-27 11:57:08
1443,1443,efectivo,71.21,2026-09-09 23:32:48
1444,1444,tarjeta,22.68,2026-09-18 08:02:49
1445,1445,billetera,98.04,2026-09-20 05:24:08
1446,1446,billetera,68.35,2026-09-27 13:54:23
1447,1447,efectivo,34.04,2026-09-25 17:01:49
1448,1448,billetera,62.64,2026-09-10 00:00:42
1449,1449,tarjeta,56.12,2026-09-10 15:52:26
1450,1450,billetera,17.4,2026-09-02 08:22:27
1451,1451,billetera,58.05,2026-09-26 10:59:33
1452,1452,tarjeta,120.99,2026-09-01 15:13:00
1453,1453,billetera,66.97,2026-09-07 17:52:50
1454,1454,billetera,44.84,2026-09-18 17:39:09
1455,1455,billetera,36.84,2026-09-14 07:48:19
1456,1456,tarjeta,31.24,2026-09-24 03:13:48
1457,1457,tarjeta,26.34,2026-09-08 07:37:28
1458,1458,efectivo,88.15,2026-09-25 13:19:30
1459,1459,tarjeta,49.06,2026-09-13 14:24:59
1460,1460,efectivo,71.06,2026-09-06 20:43:04
1461,1461,efectivo,102.85,2026-09-20 22:12:27
1462,1462,efectivo,21.42,2026-09-02 20:30:32
1463,1463,tarjeta,44.22,2026-09-12 08:47:12
1464,1464,efectivo,85.23,2026-09-07 11:49:48
1465,1465,tarjeta,51.38,2026-09-19 20:29:45
1466,1466,billetera,51.93,2026-09-26 20:04:58
1467,1467,tarjeta,95.19,2026-09-12 13:31:40
1468,1468,efectivo,61.93,2026-09-01 13:43:24
1469,1469,billetera,75.43,2026-09-14 21:21:02
1470,1470,billetera,84.31,2026-09-17 14:29:13
1471,1471,tarjeta,77.17,2026-09-15 14:58:03
1472,1472,tarjeta,103.09,2026-09-07 19:42:03
1473,1473,billetera,29.05,2026-09-22 10:36:02
1474,1474,tarjeta,31.05,2026-09-27 21:40:10
1475,1475,efectivo,102.42,2026-09-30 17:15:20
1476,1476,billetera,49.2,2026-09-18 10:23:17
1477,1477,efectivo,101.39,2026-09-21 11:30:15
1478,1478,billetera,39.11,2026-09-19 13:05:32
1479,1479,tarjeta,38.74,2026-09-22 09:27:16
1480,1480,tarjeta,20.52,2026-09-26 17:14:47
1481,1481,efectivo,95.8,2026-09-12 04:23:33
1482,1482,billetera,53.65,2026-09-11 12:16:39
1483,1483,billetera,77.14,2026-09-06 13:13:12
1484,1484,efectivo,85.78,2026-09-26 17:00:23
1485,1485,efectivo,29.65,2026-09-26 14:25:51
1486,1486,efectivo,56.78,2026-09-14 06:14:38
1487,1487,billetera,104.84,2026-09-08 21:14:28
1488,1488,tarjeta,32.51,2026-09-16 15:06:32
1489,1489,efectivo,49.31,2026-09-26 16:22:49
1490,1490,efectivo,122.57,2026-09-16 20:35:57
1491,1491,tarjeta,120.27,2026-09-14 19:17:11
1492,1492,efectivo,26.89,2026-09-20 12:03:28
1493,1493,billetera,92.41,2026-09-02 20:56:52
1494,1494,tarjeta,112.45,2026-09-09 18:37:16
1495,1495,efectivo,97.77,2026-09-04 21:15:28
1496,1496,billetera,90.02,2026-09-02 21:58:44
1497,1497,billetera,91.9,2026-09-24 20:07:48
1498,1498,tarjeta,87.02,2026-09-28 20:33:21
1499,1499,efectivo,74.9,2026-09-27 18:10:13
1500,1500,tarjeta,116.85,2026-09-23 04:44:20
1501,1501,tarjeta,53.72,2026-09-13 09:05:48
1502,1502,billetera,60.39,2026-09-13 10:05:29
1503,1503,billetera,69.88,2026-09-07 17:18:33
1504,1504,tarjeta,69.51,2026-09-26 12:24:03
1505,1505,efectivo,32.42,2026-09-10 22:47:41
1506,1506,efectivo,22.11,2026-09-10 22:49:04
1507,1507,billetera,34.33,2026-09-16 22:11:57
1508,1508,billetera,90.57,2026-09-10 20:55:42
1509,1509,tarjeta,43.01,2026-09-08 21:01:22
1510,1510,efectivo,74.25,2026-09-14 18:13:43
1511,1511,efectivo,36.42,2026-09-20 21:49:38
1512,1512,billetera,93.79,2026-09-14 00:41:37
1513,1513,efectivo,43.08,2026-09-20 21:00:00
1514,1514,efectivo,103.8,2026-09-14 13:08:53
1515,1515,efectivo,77.1,2026-09-15 20:42:01
1516,1516,efectivo,67.67,2026-09-28 10:18:06
1517,1517,billetera,44.06,2026-09-09 14:05:20
1518,1518,billetera,17.52,2026-09-08 17:48:57
1519,1519,efectivo,57.36,2026-09-17 19:12:57
1520,1520,tarjeta,34.36,2026-09-10 11:54:43
1521,1521,tarjeta,58.12,2026-09-24 08:40:08
1522,1522,efectivo,104.38,2026-09-26 09:17:08
1523,1523,efectivo,111.62,2026-09-20 20:22:27
1524,1524,efectivo,101.49,2026-09-01 19:28:28
1525,1525,efectivo,47.11,2026-09-23 06:25:44
1526,1526,efectivo,57.89,2026-09-16 22:16:39
1527,1527,tarjeta,82.3,2026-09-24 19:07:41
1528,1528,efectivo,89.98,2026-09-28 00:16:11
1529,1529,billetera,114.88,2026-09-14 07:17:16
1530,1530,billetera,101.29,2026-09-05 22:56:04
1531,1531,tarjeta,30.99,2026-09-14 05:31:06
1532,1532,efectivo,55.42,2026-09-19 21:34:53
1533,1533,tarjeta,61.81,2026-10-01 00:02:29
1534,1534,efectivo,59.31,2026-09-13 17:30:05
1535,1535,billetera,71.42,2026-09-18 22:40:53
1536,1536,efectivo,59.2,2026-09-14 16:49:23
1537,1537,billetera,83.58,2026-09-07 00:12:23
1538,1538,tarjeta,91.61,2026-09-02 07:16:28
1539,1539,tarjeta,53.62,2026-09-11 23:21:40
1540,1540,tarjeta,85.26,2026-09-18 00:06:07
1541,1541,tarjeta,121.82,2026-09-13 20:34:05
1542,1542,billetera,76.71,2026-09-02 15:50:34
1543,1543,tarjeta,37.72,2026-09-27 01:53:02
1544,1544,efectivo,60.37,2026-09-24 09:09:31
1545,1545,tarjeta,76.09,2026-09-01 13:20:28
1546,1546,tarjeta,15.78,2026-09-23 21:41:05
1547,1547,efectivo,92.68,2026-09-03 20:24:23
1548,1548,efectivo,37.29,2026-09-12 10:06:41
1549,1549,billetera,29.33,2026-09-20 15:34:52
1550,1550,tarjeta,84.8,2026-09-17 22:29:54
1551,1551,efectivo,20.67,2026-09-25 13:04:30
1552,1552,billetera,115.64,2026-09-26 02:22:43
1553,1553,billetera,16.58,2026-09-28 06:49:27
1554,1554,efectivo,84.93,2026-09-30 20:47:17
1555,1555,billetera,114.53,2026-09-14 18:55:43
1556,1556,billetera,91.45,2026-09-29 19:48:41
1557,1557,billetera,65.11,2026-09-04 18:57:50
1558,1558,efectivo,73.42,2026-09-01 12:26:16
1559,1559,billetera,72.12,2026-09-18 19:21:05
1560,1560,tarjeta,53.5,2026-09-10 21:15:27
1561,1561,efectivo,35.76,2026-09-02 15:36:50
1562,1562,efectivo,117.72,2026-09-22 13:34:15
1563,1563,billetera,70.8,2026-09-19 13:42:18
1564,1564,tarjeta,72.49,2026-09-02 09:32:29
1565,1565,tarjeta,89.23,2026-09-29 09:11:35
1566,1566,efectivo,69.01,2026-09-01 17:55:57
1567,1567,efectivo,87.94,2026-09-19 14:13:29
1568,1568,tarjeta,42.85,2026-09-02 13:38:51
1569,1569,billetera,96.38,2026-09-16 12:29:16
1570,1570,billetera,59.87,2026-09-02 21:17:57
1571,1571,billetera,102.06,2026-09-30 14:26:25
1572,1572,billetera,44.7,2026-09-18 20:58:45
1573,1573,tarjeta,35.49,2026-09-01 15:00:33
1574,1574,billetera,43.47,2026-09-04 19:40:28
1575,1575,efectivo,17.89,2026-09-29 19:04:58
1576,1576,billetera,82.24,2026-09-02 17:18:35
1577,1577,efectivo,108.66,2026-09-17 07:13:25
1578,1578,tarjeta,21.55,2026-09-06 22:47:23
1579,1579,efectivo,16.09,2026-09-26 16:31:25
1580,1580,billetera,81.91,2026-09-10 05:54:05
1581,1581,billetera,92.44,2026-09-16 14:48:49
1582,1582,billetera,20.67,2026-09-02 16:03:21
1583,1583,tarjeta,24.6,2026-09-25 19:51:36
1584,1584,tarjeta,36.49,2026-09-10 19:21:05
1585,1585,tarjeta,53.03,2026-09-14 09:04:32
1586,1586,tarjeta,86.66,2026-09-25 07:45:17
1587,1587,tarjeta,49.86,2026-09-06 12:26:22
1588,1588,efectivo,60.67,2026-09-16 18:23:05
1589,1589,billetera,78.68,2026-09-29 16:21:35
1590,1590,tarjeta,46.91,2026-09-21 22:57:19
1591,1591,tarjeta,28.11,2026-09-12 17:41:03
1592,1592,tarjeta,62.05,2026-09-24 18:20:57
1593,1593,billetera,46.83,2026-09-28 02:24:15
1594,1594,billetera,33.05,2026-09-29 18:57:48
1595,1595,billetera,73.82,2026-09-24 13:33:30
1596,1596,billetera,79.28,2026-09-28 09:59:05
1597,1597,tarjeta,91.87,2026-09-20 09:47:24
1598,1598,billetera,86.85,2026-09-18 14:37:41
1599,1599,tarjeta,39.54,2026-09-22 15:48:56
1600,1600,tarjeta,85.04,2026-09-08 06:19:48
1601,1601,efectivo,83.67,2026-09-17 14:45:13
1602,1602,billetera,62.57,2026-09-21 12:53:29
1603,1603,tarjeta,72.19,2026-09-03 06:22:32
1604,1604,efectivo,91.23,2026-09-20 20:27:49
1605,1605,tarjeta,37.8,2026-09-05 15:29:45
1606,1606,tarjeta,17.34,2026-09-04 15:09:31
1607,1607,efectivo,34.98,2026-09-08 09:53:44
1608,1608,efectivo,75.31,2026-09-02 08:23:51
1609,1609,tarjeta,51.51,2026-09-08 14:14:19
1610,1610,tarjeta,83.13,2026-09-23 15:11:58
1611,1611,efectivo,120.26,2026-09-09 13:28:40
1612,1612,billetera,51.08,2026-09-27 23:24:38
1613,1613,billetera,19.65,2026-09-14 01:44:51
1614,1614,efectivo,90.32,2026-09-25 06:28:02
1615,1615,tarjeta,72.95,2026-09-25 18:20:08
1616,1616,efectivo,47.16,2026-09-24 13:39:45
1617,1617,tarjeta,40.46,2026-09-09 20:47:07
1618,1618,billetera,67.14,2026-09-23 17:14:34
1619,1619,efectivo,36.47,2026-09-22 16:24:04
1620,1620,efectivo,94.05,2026-09-22 20:13:06
1621,1621,tarjeta,114.81,2026-09-28 14:11:16
1622,1622,tarjeta,88.54,2026-09-12 00:13:04
1623,1623,efectivo,66.81,2026-09-15 13:20:42
1624,1624,tarjeta,49.62,2026-09-13 13:20:44
1625,1625,tarjeta,97.72,2026-09-27 08:00:42
1626,1626,efectivo,68.2,2026-09-18 18:39:07
1627,1627,efectivo,37.8,2026-09-09 07:25:25
1628,1628,tarjeta,65.84,2026-09-13 20:14:20
1629,1629,tarjeta,45.04,2026-09-29 09:51:38
1630,1630,efectivo,95.55,2026-09-07 17:59:44
1631,1631,tarjeta,66.08,2026-09-07 22:04:01
1632,1632,efectivo,43.49,2026-09-11 15:49:41
1633,1633,billetera,86.7,2026-09-10 12:57:21
1634,1634,efectivo,56.45,2026-09-07 10:53:43
1635,1635,billetera,61.13,2026-09-19 20:29:55
1636,1636,billetera,28.35,2026-09-02 08:46:35
1637,1637,billetera,44.45,2026-09-04 20:35:49
1638,1638,billetera,89.44,2026-09-07 07:03:41
1639,1639,efectivo,37.94,2026-09-22 08:33:43
1640,1640,billetera,27.29,2026-09-20 08:32:43
1641,1641,tarjeta,57.95,2026-09-03 18:41:24
1642,1642,billetera,101.33,2026-09-07 17:38:58
1643,1643,efectivo,15.93,2026-09-02 18:32:15
1644,1644,efectivo,114.55,2026-09-07 13:37:51
1645,1645,billetera,92.53,2026-09-07 15:53:54
1646,1646,efectivo,35.91,2026-09-23 15:19:43
1647,1647,efectivo,103.54,2026-09-07 10:29:47
1648,1648,tarjeta,18.72,2026-09-15 15:08:09
1649,1649,tarjeta,109.22,2026-09-23 12:43:42
1650,1650,billetera,26.36,2026-09-06 12:28:40
1651,1651,efectivo,56.49,2026-09-19 13:05:21
1652,1652,billetera,91.55,2026-09-14 07:08:56
1653,1653,billetera,81.34,2026-09-17 07:51:58
1654,1654,tarjeta,90.15,2026-09-16 08:18:27
1655,1655,tarjeta,58.65,2026-09-20 21:03:32
1656,1656,billetera,86.33,2026-09-05 09:42:18
1657,1657,tarjeta,33.19,2026-09-18 14:34:59
1658,1658,billetera,33.51,2026-09-29 02:16:48
1659,1659,tarjeta,38.52,2026-09-15 13:51:28
1660,1660,tarjeta,59.93,2026-09-27 09:30:40
1661,1661,efectivo,44.5,2026-09-09 01:09:05
1662,1662,tarjeta,129.26,2026-09-09 16:05:04
1663,1663,tarjeta,27.17,2026-09-28 09:26:13
1664,1664,tarjeta,96.54,2026-09-20 10:29:58
1665,1665,efectivo,73.57,2026-09-13 21:57:54
1666,1666,tarjeta,15.29,2026-09-18 07:19:56
1667,1667,efectivo,70.47,2026-09-15 13:46:55
1668,1668,tarjeta,49.82,2026-09-21 20:20:58
1669,1669,efectivo,50.57,2026-09-02 21:30:59
1670,1670,tarjeta,83.89,2026-09-11 21:22:21
1671,1671,efectivo,74.59,2026-09-18 20:51:29
1672,1672,tarjeta,79.12,2026-09-29 22:07:56
1673,1673,efectivo,38.02,2026-09-23 16:09:12
1674,1674,efectivo,90.54,2026-09-05 09:41:23
1675,1675,tarjeta,80.52,2026-09-04 00:52:14
1676,1676,efectivo,41.24,2026-09-21 18:09:55
1677,1677,efectivo,86.63,2026-09-28 17:17:03
1678,1678,tarjeta,96.53,2026-09-04 09:17:33
1679,1679,billetera,103.88,2026-09-11 09:37:13
1680,1680,billetera,104.57,2026-09-30 08:27:30
1681,1681,efectivo,52.39,2026-09-26 15:38:06
1682,1682,tarjeta,89.36,2026-09-02 04:05:40
1683,1683,efectivo,23.21,2026-09-28 21:28:48
1684,1684,efectivo,52.66,2026-09-26 00:50:08
1685,1685,tarjeta,54.05,2026-09-09 13:39:36
1686,1686,billetera,49.27,2026-09-15 10:13:19
1687,1687,tarjeta,15.8,2026-09-12 13:33:55
1688,1688,billetera,79.07,2026-09-15 21:18:01
1689,1689,billetera,23.6,2026-09-23 10:12:27
1690,1690,efectivo,60.99,2026-09-12 09:05:38
1691,1691,efectivo,50.11,2026-09-02 12:35:24
1692,1692,efectivo,43.93,2026-09-27 21:46:16
1693,1693,tarjeta,86.71,2026-09-16 04:09:11
1694,1694,tarjeta,86.68,2026-09-18 16:20:14
1695,1695,billetera,89.04,2026-09-16 08:58:06
1696,1696,efectivo,108.31,2026-09-30 14:40:54
1697,1697,tarjeta,78.15,2026-09-30 15:01:45
1698,1698,efectivo,14.22,2026-09-27 18:09:50
1699,1699,tarjeta,95.88,2026-09-02 20:53:10
1700,1700,tarjeta,30.6,2026-09-25 20:37:00
1701,1701,tarjeta,32.39,2026-09-18 17:27:08
1702,1702,efectivo,51.52,2026-09-15 20:05:17
1703,1703,billetera,75.25,2026-09-08 05:28:28
1704,1704,efectivo,60.34,2026-09-08 13:38:29
1705,1705,efectivo,122.38,2026-09-01 08:35:44
1706,1706,tarjeta,48.33,2026-09-17 10:05:53
1707,1707,billetera,85.82,2026-09-19 20:50:58
1708,1708,efectivo,80.01,2026-09-24 17:21:53
1709,1709,tarjeta,46.06,2026-09-25 17:52:25
1710,1710,efectivo,63.9,2026-09-27 02:25:59
1711,1711,tarjeta,84.07,2026-09-27 02:45:22
1712,1712,billetera,61.98,2026-09-25 22:15:59
1713,1713,billetera,90.73,2026-09-09 14:59:45
1714,1714,efectivo,60.04,2026-09-05 09:49:06
1715,1715,billetera,97.67,2026-09-01 08:35:15
1716,1716,tarjeta,37.0,2026-09-15 06:54:06
1717,1717,tarjeta,66.83,2026-09-24 19:45:35
1718,1718,billetera,40.19,2026-09-02 14:54:07
1719,1719,billetera,59.32,2026-09-23 14:13:41
1720,1720,efectivo,49.08,2026-09-19 07:50:28
1721,1721,tarjeta,66.38,2026-09-24 13:38:34
1722,1722,efectivo,116.28,2026-09-29 21:20:19
1723,1723,tarjeta,21.06,2026-09-01 22:04:03
1724,1724,tarjeta,28.4,2026-09-08 18:04:36
1725,1725,efectivo,29.79,2026-09-17 20:36:52
1726,1726,efectivo,120.52,2026-09-22 21:35:56
1727,1727,billetera,65.56,2026-09-08 08:19:03
1728,1728,efectivo,89.14,2026-09-12 09:16:13
1729,1729,billetera,18.77,2026-09-25 16:23:57
1730,1730,efectivo,35.49,2026-09-10 20:36:08
1731,1731,billetera,38.28,2026-09-05 11:55:22
1732,1732,billetera,115.03,2026-09-20 22:56:42
1733,1733,billetera,75.0,2026-09-25 19:34:31
1734,1734,billetera,51.12,2026-09-20 12:52:15
1735,1735,billetera,30.79,2026-09-20 10:37:26
1736,1736,billetera,69.33,2026-09-07 12:16:39
1737,1737,billetera,36.76,2026-09-16 20:40:09
1738,1738,tarjeta,88.32,2026-09-27 13:48:13
1739,1739,billetera,41.71,2026-09-22 12:03:51
1740,1740,tarjeta,40.09,2026-09-13 07:09:50
1741,1741,efectivo,47.8,2026-09-08 19:05:44
1742,1742,tarjeta,51.06,2026-09-13 10:00:57
1743,1743,efectivo,35.29,2026-09-28 16:24:48
1744,1744,billetera,53.29,2026-09-21 08:15:26
1745,1745,tarjeta,129.37,2026-09-25 18:34:00
1746,1746,efectivo,78.6,2026-09-29 20:40:31
1747,1747,tarjeta,72.24,2026-09-23 05:04:26
1748,1748,tarjeta,26.58,2026-09-21 18:17:40
1749,1749,tarjeta,93.67,2026-09-20 19:01:34
1750,1750,billetera,109.93,2026-09-24 21:25:19
1751,1751,efectivo,70.45,2026-09-29 16:35:15
1752,1752,billetera,39.64,2026-09-09 21:33:11
1753,1753,billetera,60.85,2026-09-25 10:07:25
1754,1754,efectivo,58.75,2026-09-13 03:04:32
1755,1755,tarjeta,49.13,2026-09-24 21:56:19
1756,1756,efectivo,105.66,2026-09-28 19:07:08
1757,1757,billetera,52.31,2026-09-21 22:27:36
1758,1758,efectivo,87.71,2026-09-10 21:52:36
1759,1759,tarjeta,80.34,2026-09-01 08:28:40
1760,1760,efectivo,47.87,2026-09-01 04:01:37
1761,1761,tarjeta,50.41,2026-09-09 09:24:51
1762,1762,billetera,37.51,2026-09-21 15:37:41
1763,1763,efectivo,75.1,2026-09-24 12:19:52
1764,1764,billetera,94.31,2026-09-14 10:47:56
1765,1765,billetera,38.1,2026-09-13 15:54:59
1766,1766,billetera,91.8,2026-09-16 21:09:46
1767,1767,tarjeta,24.7,2026-09-26 21:42:04
1768,1768,efectivo,100.04,2026-09-09 19:07:26
1769,1769,billetera,91.32,2026-09-30 05:30:37
1770,1770,tarjeta,94.09,2026-09-21 13:25:54
1771,1771,billetera,36.39,2026-09-04 17:13:07
1772,1772,billetera,19.89,2026-09-02 20:30:52
1773,1773,efectivo,67.05,2026-09-16 17:04:59
1774,1774,tarjeta,78.04,2026-09-10 17:54:29
1775,1775,billetera,81.18,2026-09-01 19:20:24
1776,1776,efectivo,22.94,2026-09-01 12:41:47
1777,1777,efectivo,66.73,2026-09-24 20:57:52
1778,1778,billetera,57.37,2026-09-28 18:27:21
1779,1779,tarjeta,44.74,2026-09-20 16:15:55
1780,1780,billetera,40.46,2026-09-28 21:59:56
1781,1781,tarjeta,74.94,2026-09-08 18:55:24
1782,1782,billetera,57.88,2026-09-17 07:48:24
1783,1783,efectivo,46.33,2026-09-14 10:07:30
1784,1784,billetera,29.58,2026-09-24 10:38:52
1785,1785,billetera,75.4,2026-09-28 19:37:48
1786,1786,tarjeta,67.36,2026-09-01 12:23:31
1787,1787,tarjeta,64.79,2026-09-07 17:19:42
1788,1788,efectivo,27.12,2026-09-03 12:11:00
1789,1789,billetera,68.88,2026-09-27 13:58:04
1790,1790,billetera,121.47,2026-09-07 20:53:02
1791,1791,billetera,78.26,2026-09-25 20:54:42
1792,1792,tarjeta,126.3,2026-09-14 07:27:43
1793,1793,tarjeta,68.13,2026-09-19 15:28:15
1794,1794,tarjeta,18.33,2026-09-25 14:58:56
1795,1795,efectivo,51.67,2026-09-23 12:51:57
1796,1796,billetera,30.19,2026-09-12 11:11:59
1797,1797,billetera,89.54,2026-09-19 14:45:45
1798,1798,billetera,58.21,2026-09-15 08:56:30
1799,1799,billetera,89.89,2026-09-17 14:06:48
1800,1800,billetera,82.52,2026-09-30 07:09:30
1801,1801,efectivo,92.36,2026-09-28 05:01:33
1802,1802,efectivo,86.52,2026-09-03 17:48:33
1803,1803,efectivo,108.52,2026-09-01 14:02:20
1804,1804,tarjeta,46.11,2026-09-20 15:26:28
1805,1805,efectivo,105.41,2026-09-29 08:46:43
1806,1806,tarjeta,85.69,2026-09-10 08:02:30
1807,1807,efectivo,81.08,2026-09-11 07:57:50
1808,1808,billetera,60.76,2026-09-09 12:55:05
1809,1809,billetera,48.98,2026-09-29 21:17:15
1810,1810,billetera,22.31,2026-09-09 21:50:32
1811,1811,billetera,72.56,2026-09-28 21:08:38
1812,1812,billetera,70.3,2026-09-17 20:34:58
1813,1813,efectivo,77.11,2026-09-03 20:24:38
1814,1814,tarjeta,117.11,2026-09-29 20:47:23
1815,1815,billetera,75.46,2026-09-15 17:50:35
1816,1816,tarjeta,79.55,2026-09-04 17:00:41
1817,1817,billetera,87.12,2026-09-23 15:35:58
1818,1818,efectivo,63.82,2026-09-22 16:05:26
1819,1819,efectivo,33.16,2026-09-17 07:59:34
1820,1820,billetera,75.66,2026-09-09 14:48:53
1821,1821,efectivo,32.37,2026-09-25 19:43:03
1822,1822,tarjeta,106.23,2026-09-08 17:54:16
1823,1823,billetera,112.24,2026-09-15 23:18:15
1824,1824,tarjeta,28.48,2026-09-27 08:01:39
1825,1825,efectivo,48.0,2026-09-30 18:18:36
1826,1826,tarjeta,77.24,2026-09-03 20:49:38
1827,1827,billetera,77.2,2026-09-12 07:05:07
1828,1828,billetera,78.34,2026-09-24 14:44:29
1829,1829,tarjeta,43.17,2026-09-28 06:20:22
1830,1830,tarjeta,99.03,2026-09-21 10:45:22
1831,1831,billetera,105.15,2026-09-12 08:08:14
1832,1832,billetera,50.05,2026-09-28 19:36:30
1833,1833,tarjeta,74.69,2026-09-16 13:00:37
1834,1834,efectivo,58.8,2026-09-02 00:46:55
1835,1835,efectivo,22.31,2026-09-14 12:09:27
1836,1836,billetera,19.53,2026-09-13 15:35:43
1837,1837,efectivo,72.44,2026-09-07 14:39:34
1838,1838,billetera,50.3,2026-09-21 23:36:37
1839,1839,tarjeta,48.34,2026-09-10 14:49:39
1840,1840,billetera,118.75,2026-09-30 15:00:51
1841,1841,efectivo,87.26,2026-09-26 13:53:40
1842,1842,efectivo,38.92,2026-09-21 10:22:39
1843,1843,tarjeta,97.42,2026-09-14 12:59:30
1844,1844,tarjeta,30.92,2026-09-20 09:21:53
1845,1845,efectivo,91.52,2026-09-20 16:30:09
1846,1846,billetera,15.1,2026-09-09 06:24:38
1847,1847,tarjeta,103.65,2026-09-23 14:25:00
1848,1848,tarjeta,81.73,2026-09-18 23:10:28
1849,1849,tarjeta,118.45,2026-09-27 00:31:35
1850,1850,efectivo,31.58,2026-09-25 18:57:20
1851,1851,billetera,39.86,2026-09-27 02:52:08
1852,1852,tarjeta,120.87,2026-09-23 13:40:16
1853,1853,efectivo,113.27,2026-09-19 21:11:07
1854,1854,tarjeta,34.88,2026-09-28 16:36:34
1855,1855,efectivo,28.2,2026-09-06 16:02:43
1856,1856,efectivo,61.16,2026-09-23 19:59:19
1857,1857,billetera,27.73,2026-09-04 15:54:37
1858,1858,billetera,53.29,2026-09-17 19:52:30
1859,1859,billetera,51.74,2026-09-25 15:25:22
1860,1860,tarjeta,52.99,2026-09-25 16:36:58
1861,1861,tarjeta,77.9,2026-09-15 19:01:41
1862,1862,tarjeta,74.24,2026-09-01 02:29:07
1863,1863,tarjeta,102.12,2026-09-29 15:55:47
1864,1864,billetera,67.21,2026-09-17 22:04:04
1865,1865,efectivo,32.36,2026-09-08 09:28:13
1866,1866,billetera,48.7,2026-09-24 20:08:17
1867,1867,billetera,17.07,2026-09-30 15:05:20
1868,1868,billetera,18.33,2026-09-13 15:09:53
1869,1869,tarjeta,43.47,2026-09-22 11:05:01
1870,1870,efectivo,52.41,2026-09-26 09:48:47
1871,1871,billetera,58.72,2026-09-01 11:09:41
1872,1872,tarjeta,118.94,2026-09-16 19:02:52
1873,1873,billetera,57.83,2026-09-12 23:36:39
1874,1874,tarjeta,65.83,2026-09-24 21:16:21
1875,1875,efectivo,35.62,2026-09-17 17:03:00
1876,1876,efectivo,103.02,2026-09-07 18:53:28
1877,1877,efectivo,32.71,2026-09-05 11:28:50
1878,1878,efectivo,19.45,2026-09-27 18:57:10
1879,1879,efectivo,49.19,2026-09-25 02:23:48
1880,1880,efectivo,76.45,2026-09-24 07:25:49
1881,1881,efectivo,57.25,2026-09-06 11:54:22
1882,1882,tarjeta,21.1,2026-09-09 18:19:57
1883,1883,tarjeta,26.99,2026-09-18 07:55:06
1884,1884,tarjeta,61.98,2026-09-02 16:01:40
1885,1885,efectivo,32.38,2026-09-14 02:43:13
1886,1886,tarjeta,123.04,2026-09-04 08:09:04
1887,1887,efectivo,41.56,2026-09-18 12:01:40
1888,1888,tarjeta,62.36,2026-09-09 00:54:46
1889,1889,tarjeta,79.36,2026-09-16 11:13:01
1890,1890,efectivo,26.75,2026-09-20 22:35:47
1891,1891,tarjeta,75.14,2026-09-18 11:38:17
1892,1892,tarjeta,85.42,2026-09-04 16:56:50
1893,1893,billetera,119.68,2026-09-16 06:31:14
1894,1894,tarjeta,86.01,2026-09-24 18:27:54
1895,1895,tarjeta,90.56,2026-09-07 19:39:33
1896,1896,billetera,22.0,2026-09-22 21:26:28
1897,1897,tarjeta,78.18,2026-09-01 21:11:08
1898,1898,billetera,117.92,2026-09-03 20:12:51
1899,1899,billetera,56.0,2026-09-19 08:07:53
1900,1900,efectivo,38.23,2026-09-16 08:30:55
1901,1901,billetera,109.69,2026-09-17 17:01:38
1902,1902,billetera,91.92,2026-09-09 12:52:45
1903,1903,billetera,78.51,2026-09-14 17:38:16
1904,1904,efectivo,62.47,2026-09-15 14:15:08
1905,1905,billetera,48.42,2026-09-26 16:02:50
1906,1906,billetera,96.48,2026-09-25 07:31:46
1907,1907,tarjeta,55.1,2026-09-05 08:23:31
1908,1908,efectivo,24.21,2026-09-24 08:40:26
1909,1909,billetera,38.63,2026-09-01 21:15:41
1910,1910,billetera,74.85,2026-09-18 22:47:14
1911,1911,billetera,23.74,2026-09-12 08:55:15
1912,1912,efectivo,98.19,2026-09-23 03:30:26
1913,1913,billetera,20.45,2026-09-04 23:53:47
1914,1914,efectivo,21.64,2026-09-05 16:00:28
1915,1915,billetera,60.13,2026-09-13 14:09:48
1916,1916,efectivo,45.4,2026-09-20 11:38:56
1917,1917,efectivo,53.76,2026-09-19 18:47:41
1918,1918,efectivo,17.79,2026-09-03 10:13:59
1919,1919,billetera,30.39,2026-09-09 21:09:37
1920,1920,efectivo,60.45,2026-09-30 22:22:56
1921,1921,billetera,65.77,2026-09-22 11:39:54
1922,1922,tarjeta,54.53,2026-09-25 07:42:28
1923,1923,tarjeta,62.44,2026-09-14 02:26:09
1924,1924,efectivo,34.79,2026-09-07 04:45:24
1925,1925,tarjeta,24.01,2026-09-09 17:51:42
1926,1926,efectivo,40.41,2026-09-19 22:49:59
1927,1927,billetera,51.36,2026-09-11 12:40:32
1928,1928,billetera,61.53,2026-09-06 22:24:41
1929,1929,billetera,45.88,2026-09-04 12:47:39
1930,1930,efectivo,92.28,2026-09-29 11:28:26
1931,1931,tarjeta,34.35,2026-09-04 19:06:53
1932,1932,tarjeta,56.39,2026-09-02 11:09:45
1933,1933,efectivo,107.43,2026-09-27 22:16:37
1934,1934,efectivo,43.37,2026-09-01 09:00:01
1935,1935,tarjeta,49.59,2026-09-09 09:22:24
1936,1936,tarjeta,27.73,2026-09-29 11:07:44
1937,1937,efectivo,92.43,2026-09-17 16:21:01
1938,1938,tarjeta,45.04,2026-09-16 10:52:01
1939,1939,billetera,38.09,2026-09-10 19:24:13
1940,1940,tarjeta,61.45,2026-09-09 17:55:51
1941,1941,billetera,100.05,2026-09-18 14:07:50
1942,1942,billetera,96.12,2026-09-06 17:31:33
1943,1943,tarjeta,64.92,2026-09-17 13:53:44
1944,1944,efectivo,86.43,2026-09-09 19:51:04
1945,1945,tarjeta,81.4,2026-09-26 10:15:36
1946,1946,tarjeta,80.83,2026-09-05 18:12:19
1947,1947,billetera,59.28,2026-09-29 10:34:01
1948,1948,efectivo,41.95,2026-09-16 19:59:49
1949,1949,efectivo,57.92,2026-09-24 10:56:00
1950,1950,efectivo,31.5,2026-09-29 11:22:00
1951,1951,billetera,39.69,2026-09-05 10:25:37
1952,1952,billetera,54.37,2026-09-04 10:29:40
1953,1953,billetera,115.83,2026-09-13 12:49:05
1954,1954,efectivo,53.28,2026-09-26 13:15:11
1955,1955,billetera,101.64,2026-09-15 19:38:59
1956,1956,billetera,75.04,2026-09-28 01:01:57
1957,1957,efectivo,102.65,2026-09-14 19:28:13
1958,1958,tarjeta,38.49,2026-09-30 20:10:35
1959,1959,tarjeta,101.41,2026-09-20 15:02:08
1960,1960,efectivo,54.03,2026-09-15 09:48:23
1961,1961,efectivo,54.36,2026-09-05 04:06:45
1962,1962,billetera,55.47,2026-09-11 14:36:26
1963,1963,billetera,109.12,2026-09-13 15:55:43
1964,1964,tarjeta,62.82,2026-09-04 13:53:48
1965,1965,billetera,30.57,2026-09-19 15:48:32
1966,1966,billetera,18.52,2026-09-01 21:06:20
1967,1967,billetera,44.54,2026-09-21 17:39:35
1968,1968,efectivo,54.1,2026-09-01 02:17:50
1969,1969,tarjeta,33.54,2026-09-30 15:15:37
1970,1970,efectivo,126.14,2026-09-14 22:00:37
1971,1971,tarjeta,77.8,2026-09-29 15:00:02
1972,1972,efectivo,89.71,2026-09-11 06:46:43
1973,1973,billetera,89.57,2026-09-30 18:24:15
1974,1974,tarjeta,44.97,2026-09-20 20:54:52
1975,1975,billetera,67.48,2026-09-28 17:09:00
1976,1976,efectivo,15.27,2026-09-18 06:11:18
1977,1977,billetera,71.85,2026-09-25 13:51:04
1978,1978,billetera,104.7,2026-09-08 16:11:36
1979,1979,efectivo,16.7,2026-09-24 09:51:03
1980,1980,tarjeta,21.43,2026-09-11 22:01:40
1981,1981,tarjeta,39.29,2026-09-05 11:06:24
1982,1982,tarjeta,68.39,2026-09-05 09:01:11
1983,1983,billetera,32.33,2026-09-06 20:33:18
1984,1984,billetera,64.91,2026-09-30 15:03:29
1985,1985,tarjeta,55.14,2026-09-06 19:14:11
1986,1986,billetera,58.2,2026-09-11 18:15:24
1987,1987,tarjeta,60.56,2026-09-21 21:39:43
1988,1988,billetera,115.78,2026-09-02 21:29:40
1989,1989,tarjeta,85.53,2026-09-15 15:07:36
1990,1990,tarjeta,98.43,2026-09-01 21:08:47
1991,1991,tarjeta,69.17,2026-09-16 10:46:21
1992,1992,efectivo,46.97,2026-09-10 19:55:25
1993,1993,efectivo,18.52,2026-09-27 14:54:28
1994,1994,billetera,42.41,2026-09-22 18:49:34
1995,1995,efectivo,38.64,2026-09-17 13:01:20
1996,1996,tarjeta,60.82,2026-09-22 19:00:23
1997,1997,billetera,104.44,2026-09-26 14:26:57
1998,1998,billetera,68.14,2026-09-12 09:17:44
1999,1999,billetera,115.34,2026-09-06 09:00:16
2000,2000,billetera,122.29,2026-09-06 12:01:28
2001,2001,billetera,107.68,2026-09-19 09:03:16
2002,2002,billetera,41.51,2026-09-13 12:09:23
2003,2003,tarjeta,92.71,2026-09-11 09:30:13
2004,2004,efectivo,95.7,2026-09-16 11:02:03
2005,2005,tarjeta,37.17,2026-09-07 19:15:48
2006,2006,tarjeta,82.74,2026-09-15 06:20:43
2007,2007,efectivo,78.99,2026-09-29 21:54:02
2008,2008,tarjeta,102.31,2026-09-05 13:01:17
2009,2009,billetera,109.29,2026-09-12 14:20:55
2010,2010,efectivo,53.99,2026-09-18 19:31:29
2011,2011,efectivo,54.37,2026-09-05 00:36:04
2012,2012,efectivo,25.16,2026-09-30 20:38:30
2013,2013,billetera,72.05,2026-09-29 06:23:07
2014,2014,billetera,65.77,2026-09-24 12:44:30
2015,2015,billetera,55.16,2026-09-17 16:54:50
2016,2016,tarjeta,95.97,2026-09-20 15:09:04
2017,2017,billetera,25.97,2026-09-02 11:08:11
2018,2018,tarjeta,39.62,2026-09-12 14:49:19
2019,2019,billetera,28.72,2026-09-24 22:06:39
2020,2020,efectivo,46.32,2026-09-03 15:06:17
2021,2021,billetera,29.45,2026-09-08 17:03:13
2022,2022,billetera,87.35,2026-09-13 17:50:19
2023,2023,efectivo,57.85,2026-09-15 11:12:37
2024,2024,billetera,29.44,2026-09-15 15:57:07
2025,2025,billetera,87.11,2026-09-14 22:05:30
2026,2026,efectivo,110.68,2026-09-28 13:40:51
2027,2027,efectivo,86.05,2026-09-14 09:43:41
2028,2028,tarjeta,14.98,2026-09-05 20:00:53
2029,2029,billetera,82.35,2026-09-08 16:24:47
2030,2030,tarjeta,106.52,2026-09-24 20:27:52
2031,2031,tarjeta,106.41,2026-09-19 21:08:22
2032,2032,tarjeta,51.64,2026-09-25 16:26:36
2033,2033,efectivo,96.66,2026-09-29 19:50:43
2034,2034,tarjeta,84.73,2026-09-30 19:51:48
2035,2035,efectivo,14.84,2026-09-28 09:29:34
2036,2036,tarjeta,75.41,2026-09-08 11:49:41
2037,2037,efectivo,23.26,2026-09-12 23:59:29
2038,2038,tarjeta,34.78,2026-09-07 15:34:47
2039,2039,tarjeta,20.64,2026-09-13 18:27:00
2040,2040,efectivo,107.02,2026-09-02 20:31:00
2041,2041,tarjeta,23.69,2026-09-12 13:25:23
2042,2042,efectivo,51.52,2026-09-05 02:36:36
2043,2043,efectivo,26.18,2026-09-17 14:59:59
2044,2044,tarjeta,119.92,2026-09-25 13:10:19
2045,2045,tarjeta,120.85,2026-09-18 06:31:43
2046,2046,billetera,58.89,2026-09-29 06:00:36
2047,2047,tarjeta,35.22,2026-09-17 14:05:04
2048,2048,efectivo,62.36,2026-09-21 13:20:32
2049,2049,billetera,90.02,2026-09-13 11:05:38
2050,2050,billetera,14.37,2026-09-09 21:35:27
2051,2051,tarjeta,40.78,2026-09-08 20:26:16
2052,2052,billetera,23.85,2026-09-21 07:11:40
2053,2053,efectivo,88.71,2026-09-27 14:25:05
2054,2054,billetera,50.84,2026-09-15 14:49:06
2055,2055,billetera,119.4,2026-09-18 13:24:15
2056,2056,tarjeta,120.04,2026-09-29 15:12:27
2057,2057,billetera,34.83,2026-09-07 18:36:51
2058,2058,billetera,45.5,2026-09-29 09:14:58
2059,2059,billetera,67.34,2026-09-03 12:58:32
2060,2060,tarjeta,26.77,2026-09-25 19:45:22
2061,2061,billetera,71.52,2026-09-20 16:54:39
2062,2062,tarjeta,75.68,2026-09-23 11:52:30
2063,2063,billetera,58.12,2026-09-18 11:59:16
2064,2064,efectivo,73.65,2026-09-13 14:26:44
2065,2065,tarjeta,106.81,2026-09-12 09:05:05
2066,2066,billetera,54.67,2026-09-26 10:06:04
2067,2067,efectivo,88.01,2026-09-14 17:48:16
2068,2068,efectivo,89.9,2026-09-24 09:46:49
2069,2069,efectivo,69.47,2026-09-17 20:28:33
2070,2070,tarjeta,106.2,2026-09-27 21:23:43
2071,2071,billetera,61.68,2026-09-02 12:38:41
2072,2072,tarjeta,17.96,2026-09-29 20:54:54
2073,2073,billetera,49.89,2026-09-04 18:57:07
2074,2074,billetera,53.31,2026-09-13 10:06:53
2075,2075,tarjeta,47.27,2026-09-02 10:08:04
2076,2076,tarjeta,38.91,2026-09-24 22:28:32
2077,2077,efectivo,104.48,2026-09-20 08:12:33
2078,2078,efectivo,85.46,2026-09-19 16:08:08
2079,2079,tarjeta,115.98,2026-09-17 22:07:43
2080,2080,tarjeta,28.34,2026-09-18 08:28:55
2081,2081,efectivo,64.26,2026-09-03 19:43:27
2082,2082,efectivo,94.82,2026-09-18 18:15:45
2083,2083,billetera,19.03,2026-09-22 11:32:14
2084,2084,billetera,107.4,2026-09-26 13:46:44
2085,2085,billetera,65.17,2026-09-14 12:16:29
2086,2086,tarjeta,64.8,2026-09-17 18:14:48
2087,2087,billetera,48.58,2026-09-19 11:43:23
2088,2088,efectivo,41.33,2026-09-26 07:43:43
2089,2089,billetera,29.42,2026-09-27 18:43:17
2090,2090,billetera,66.22,2026-09-04 12:18:00
2091,2091,billetera,63.19,2026-09-09 20:16:45
2092,2092,tarjeta,18.0,2026-09-14 16:48:19
2093,2093,tarjeta,84.8,2026-09-26 08:40:13
2094,2094,tarjeta,57.1,2026-09-02 17:21:53
2095,2095,efectivo,14.92,2026-09-20 21:45:44
2096,2096,tarjeta,33.79,2026-09-14 16:03:17
2097,2097,billetera,117.95,2026-09-01 22:37:44
2098,2098,efectivo,74.38,2026-09-30 22:17:19
2099,2099,tarjeta,16.96,2026-09-25 18:03:54
2100,2100,billetera,35.32,2026-09-23 07:55:41
2101,2101,billetera,79.92,2026-09-04 22:01:58
2102,2102,billetera,49.38,2026-09-10 20:29:02
2103,2103,tarjeta,97.93,2026-09-29 08:49:04
2104,2104,billetera,24.58,2026-09-01 21:58:38
2105,2105,efectivo,90.1,2026-09-05 12:40:49
2106,2106,billetera,52.77,2026-09-08 16:29:02
2107,2107,efectivo,89.64,2026-09-05 11:01:45
2108,2108,efectivo,64.34,2026-09-03 23:56:38
2109,2109,tarjeta,58.03,2026-09-01 13:38:09
2110,2110,billetera,83.86,2026-09-26 19:25:24
2111,2111,efectivo,71.42,2026-09-08 11:57:43
2112,2112,billetera,34.52,2026-09-10 21:04:07
2113,2113,billetera,35.76,2026-09-29 18:42:06
2114,2114,efectivo,91.78,2026-09-13 19:06:54
2115,2115,tarjeta,79.67,2026-09-14 18:07:24
2116,2116,billetera,27.82,2026-09-28 14:19:54
2117,2117,efectivo,60.24,2026-09-29 20:31:23
2118,2118,billetera,109.25,2026-09-09 15:39:01
2119,2119,efectivo,47.14,2026-09-02 17:38:16
2120,2120,billetera,19.34,2026-09-11 13:22:54
2121,2121,billetera,75.84,2026-09-24 08:56:47
2122,2122,billetera,35.45,2026-09-13 05:20:03
2123,2123,tarjeta,109.69,2026-09-26 15:41:54
2124,2124,tarjeta,24.15,2026-09-06 13:17:25
2125,2125,tarjeta,50.29,2026-09-27 18:17:37
2126,2126,efectivo,20.79,2026-09-10 20:04:56
2127,2127,billetera,57.78,2026-09-08 15:33:37
2128,2128,tarjeta,39.38,2026-09-13 07:58:10
2129,2129,efectivo,98.73,2026-09-27 14:59:58
2130,2130,efectivo,33.88,2026-09-05 19:19:09
2131,2131,billetera,21.83,2026-09-15 22:39:42
2132,2132,billetera,61.25,2026-09-18 04:25:26
2133,2133,billetera,118.99,2026-09-16 15:52:02
2134,2134,billetera,92.6,2026-09-03 15:11:23
2135,2135,billetera,84.75,2026-09-08 16:19:28
2136,2136,tarjeta,66.46,2026-09-22 08:13:49
2137,2137,billetera,64.89,2026-09-20 19:37:53
2138,2138,billetera,60.2,2026-09-16 12:29:48
2139,2139,billetera,19.03,2026-09-04 08:39:03
2140,2140,tarjeta,55.35,2026-09-23 20:00:49
2141,2141,tarjeta,122.81,2026-09-15 19:01:00
2142,2142,tarjeta,98.43,2026-09-17 20:15:45
2143,2143,billetera,47.18,2026-09-05 16:51:31
2144,2144,tarjeta,77.68,2026-09-14 14:23:15
2145,2145,tarjeta,100.62,2026-09-26 19:44:10
2146,2146,efectivo,92.69,2026-09-04 14:05:31
2147,2147,tarjeta,26.97,2026-09-19 21:39:47
2148,2148,billetera,18.14,2026-09-04 18:58:22
2149,2149,tarjeta,51.76,2026-09-14 13:01:22
2150,2150,efectivo,99.4,2026-09-25 07:00:48
2151,2151,efectivo,107.09,2026-09-13 16:06:00
2152,2152,efectivo,19.74,2026-09-23 21:02:48
2153,2153,billetera,16.01,2026-09-05 21:59:55
2154,2154,tarjeta,98.53,2026-09-25 21:24:51
2155,2155,efectivo,94.94,2026-09-11 12:27:55
2156,2156,tarjeta,42.89,2026-09-29 10:49:24
2157,2157,efectivo,70.38,2026-09-12 17:15:32
2158,2158,efectivo,53.25,2026-09-21 14:35:24
2159,2159,billetera,103.4,2026-09-04 21:09:31
2160,2160,efectivo,21.44,2026-09-02 23:11:17
2161,2161,billetera,40.9,2026-09-09 01:20:44
2162,2162,efectivo,89.41,2026-09-04 11:15:37
2163,2163,efectivo,89.99,2026-09-05 12:54:57
2164,2164,billetera,75.4,2026-09-26 07:36:41
2165,2165,tarjeta,34.6,2026-09-30 08:21:27
2166,2166,billetera,18.46,2026-09-27 20:39:19
2167,2167,efectivo,26.96,2026-09-17 18:11:58
2168,2168,tarjeta,94.76,2026-09-07 22:42:41
2169,2169,efectivo,29.79,2026-09-04 22:24:29
2170,2170,billetera,72.74,2026-09-11 09:30:08
2171,2171,efectivo,97.23,2026-09-29 17:19:06
2172,2172,tarjeta,25.58,2026-09-26 18:12:52
2173,2173,billetera,63.03,2026-09-20 20:41:20
2174,2174,tarjeta,96.13,2026-09-10 18:37:54
2175,2175,efectivo,40.31,2026-09-06 23:33:55
2176,2176,tarjeta,54.81,2026-09-26 21:58:41
2177,2177,billetera,91.18,2026-09-20 04:43:58
2178,2178,tarjeta,99.93,2026-09-16 13:50:51
2179,2179,tarjeta,25.25,2026-09-12 23:14:43
2180,2180,tarjeta,24.4,2026-09-24 10:29:56
2181,2181,efectivo,98.31,2026-09-11 09:39:03
2182,2182,billetera,40.2,2026-09-30 23:38:16
2183,2183,billetera,70.5,2026-09-11 21:10:29
2184,2184,tarjeta,21.49,2026-09-02 14:40:17
2185,2185,tarjeta,77.99,2026-09-23 00:16:11
2186,2186,efectivo,29.41,2026-09-07 08:42:52
2187,2187,billetera,26.87,2026-09-22 12:24:12
2188,2188,tarjeta,79.3,2026-09-07 04:04:26
2189,2189,tarjeta,73.59,2026-09-16 13:18:33
2190,2190,tarjeta,26.83,2026-09-17 11:35:44
2191,2191,tarjeta,48.07,2026-09-22 05:37:55
2192,2192,tarjeta,79.39,2026-09-14 19:31:54
2193,2193,efectivo,120.17,2026-09-08 16:03:30
2194,2194,tarjeta,106.45,2026-09-06 16:00:01
2195,2195,billetera,102.74,2026-09-11 14:17:54
2196,2196,efectivo,98.86,2026-09-07 20:55:43
2197,2197,tarjeta,56.32,2026-09-04 08:36:03
2198,2198,tarjeta,37.37,2026-09-16 00:09:36
2199,2199,tarjeta,71.42,2026-09-19 13:16:44
2200,2200,billetera,94.29,2026-09-22 19:33:54
2201,2201,billetera,48.28,2026-09-09 19:03:21
2202,2202,billetera,25.83,2026-09-30 05:29:36
2203,2203,billetera,70.93,2026-09-17 13:16:59
2204,2204,tarjeta,65.38,2026-09-16 03:59:35
2205,2205,billetera,108.3,2026-09-23 11:38:21
2206,2206,tarjeta,112.11,2026-09-16 07:53:12
2207,2207,billetera,117.28,2026-09-14 14:15:46
2208,2208,tarjeta,38.87,2026-09-18 18:23:47
2209,2209,billetera,112.04,2026-09-06 21:21:57
2210,2210,billetera,40.36,2026-09-12 20:59:54
2211,2211,tarjeta,82.1,2026-09-21 01:35:02
2212,2212,tarjeta,15.82,2026-09-19 13:40:56
2213,2213,efectivo,79.39,2026-09-27 10:20:12
2214,2214,billetera,47.04,2026-09-08 17:59:32
2215,2215,tarjeta,62.28,2026-09-11 11:00:00
2216,2216,tarjeta,104.08,2026-09-08 21:24:47
2217,2217,efectivo,111.84,2026-09-05 03:23:15
2218,2218,billetera,51.74,2026-09-15 14:34:54
2219,2219,efectivo,66.91,2026-09-12 17:59:03
2220,2220,tarjeta,28.18,2026-09-30 08:27:58
2221,2221,billetera,17.35,2026-09-13 14:46:46
2222,2222,billetera,53.7,2026-09-02 14:30:48
2223,2223,efectivo,60.63,2026-09-29 07:47:08
2224,2224,tarjeta,36.41,2026-09-10 17:28:00
2225,2225,efectivo,15.6,2026-09-12 17:01:28
2226,2226,billetera,40.37,2026-09-25 19:03:10
2227,2227,efectivo,68.17,2026-09-06 23:29:06
2228,2228,tarjeta,28.35,2026-09-14 15:22:53
2229,2229,tarjeta,84.12,2026-09-20 05:44:56
2230,2230,tarjeta,97.32,2026-09-23 07:58:11
2231,2231,billetera,85.18,2026-09-21 18:02:18
2232,2232,billetera,87.93,2026-09-14 16:10:05
2233,2233,tarjeta,34.41,2026-09-05 17:44:47
2234,2234,tarjeta,43.58,2026-09-24 08:59:49
2235,2235,efectivo,77.84,2026-09-11 13:51:11
2236,2236,billetera,53.37,2026-09-01 18:39:11
2237,2237,tarjeta,77.35,2026-09-05 17:27:19
2238,2238,efectivo,35.96,2026-09-27 07:10:30
2239,2239,billetera,65.57,2026-09-14 11:52:48
2240,2240,billetera,110.78,2026-09-04 18:23:22
2241,2241,billetera,83.9,2026-09-13 23:42:27
2242,2242,efectivo,40.66,2026-09-26 01:38:54
2243,2243,billetera,18.07,2026-09-22 20:50:59
2244,2244,efectivo,112.55,2026-09-16 20:05:26
2245,2245,efectivo,129.83,2026-09-16 20:13:14
2246,2246,billetera,101.63,2026-09-08 09:28:43
2247,2247,tarjeta,53.78,2026-09-15 13:54:54
2248,2248,tarjeta,57.18,2026-09-26 20:16:31
2249,2249,tarjeta,123.8,2026-09-16 19:03:17
2250,2250,billetera,53.84,2026-09-06 15:02:32
2251,2251,billetera,77.35,2026-09-29 21:06:56
2252,2252,billetera,26.57,2026-09-20 18:14:34
2253,2253,tarjeta,29.14,2026-09-03 12:20:46
2254,2254,efectivo,110.64,2026-09-26 22:14:17
2255,2255,billetera,113.36,2026-09-12 12:37:19
2256,2256,tarjeta,41.07,2026-09-12 22:27:58
2257,2257,billetera,38.05,2026-09-15 07:36:35
2258,2258,billetera,120.9,2026-09-11 21:32:24
2259,2259,tarjeta,49.02,2026-09-07 20:44:35
2260,2260,efectivo,34.93,2026-09-13 10:22:56
2261,2261,tarjeta,94.81,2026-09-18 07:57:07
2262,2262,billetera,78.06,2026-09-30 14:28:32
2263,2263,billetera,66.54,2026-09-21 14:38:37
2264,2264,billetera,25.06,2026-09-24 10:04:24
2265,2265,efectivo,66.68,2026-09-11 12:34:46
2266,2266,tarjeta,24.94,2026-09-15 11:02:39
2267,2267,tarjeta,44.86,2026-09-28 12:06:54
2268,2268,tarjeta,94.01,2026-09-05 11:13:34
2269,2269,billetera,84.17,2026-09-09 19:30:24
2270,2270,tarjeta,57.37,2026-09-10 20:40:27
2271,2271,efectivo,77.81,2026-09-04 16:12:55
2272,2272,billetera,56.03,2026-09-29 14:37:29
2273,2273,efectivo,102.14,2026-09-16 19:49:20
2274,2274,tarjeta,97.43,2026-09-13 16:14:43
2275,2275,efectivo,94.48,2026-09-18 18:42:56
2276,2276,tarjeta,21.94,2026-09-23 09:09:02
2277,2277,efectivo,110.49,2026-09-06 02:02:51
2278,2278,tarjeta,76.59,2026-09-22 10:31:48
2279,2279,efectivo,60.33,2026-09-28 13:46:36
2280,2280,billetera,86.99,2026-09-03 12:47:16
2281,2281,efectivo,69.54,2026-09-17 10:44:44
2282,2282,tarjeta,88.45,2026-09-10 16:07:44
2283,2283,efectivo,47.03,2026-09-01 21:48:55
2284,2284,billetera,57.27,2026-09-06 09:12:53
2285,2285,tarjeta,39.35,2026-09-24 20:28:55
2286,2286,billetera,35.19,2026-09-05 11:33:23
2287,2287,billetera,59.27,2026-09-26 18:33:05
2288,2288,efectivo,16.23,2026-09-16 14:19:00
2289,2289,tarjeta,67.28,2026-09-09 08:59:55
2290,2290,tarjeta,68.29,2026-09-23 14:02:38
2291,2291,efectivo,79.21,2026-09-24 18:05:31
2292,2292,billetera,68.34,2026-09-17 22:40:01
2293,2293,efectivo,46.74,2026-09-12 12:37:02
2294,2294,tarjeta,79.36,2026-09-16 16:09:28
2295,2295,billetera,53.35,2026-09-25 12:44:31
2296,2296,tarjeta,19.85,2026-09-26 18:34:30
2297,2297,tarjeta,71.63,2026-09-01 15:18:02
2298,2298,billetera,51.41,2026-09-07 23:51:05
2299,2299,efectivo,50.8,2026-09-05 15:32:35
2300,2300,tarjeta,93.76,2026-09-05 20:24:46
2301,2301,billetera,42.13,2026-09-12 12:33:50
2302,2302,billetera,45.22,2026-09-15 13:29:21
2303,2303,efectivo,123.6,2026-09-21 14:41:43
2304,2304,efectivo,51.27,2026-09-10 21:44:16
2305,2305,efectivo,40.24,2026-09-01 11:56:16
2306,2306,tarjeta,54.86,2026-09-01 18:02:02
2307,2307,tarjeta,53.35,2026-09-25 20:32:21
2308,2308,efectivo,18.27,2026-09-23 21:40:37
2309,2309,tarjeta,49.37,2026-09-28 15:27:50
2310,2310,tarjeta,96.06,2026-09-30 20:13:28
2311,2311,billetera,84.49,2026-09-29 15:57:21
2312,2312,tarjeta,89.88,2026-09-22 15:46:08
2313,2313,tarjeta,63.05,2026-09-30 01:42:37
2314,2314,tarjeta,66.28,2026-09-06 10:54:04
2315,2315,tarjeta,108.68,2026-09-29 15:32:25
2316,2316,billetera,66.63,2026-09-06 16:34:16
2317,2317,efectivo,44.35,2026-09-27 01:23:15
2318,2318,billetera,65.36,2026-09-15 11:08:32
2319,2319,billetera,31.81,2026-09-29 10:48:01
2320,2320,efectivo,125.54,2026-09-10 08:12:27
2321,2321,tarjeta,62.31,2026-09-20 16:02:29
2322,2322,efectivo,46.72,2026-09-05 13:57:06
2323,2323,billetera,13.7,2026-09-01 07:58:42
2324,2324,tarjeta,70.58,2026-09-27 10:36:00
2325,2325,billetera,81.62,2026-09-09 18:22:37
2326,2326,efectivo,76.66,2026-09-12 04:44:05
2327,2327,efectivo,17.81,2026-09-03 15:20:05
2328,2328,efectivo,97.19,2026-09-12 14:19:50
2329,2329,billetera,123.04,2026-09-23 19:03:54
2330,2330,efectivo,106.12,2026-09-15 11:02:31
2331,2331,tarjeta,16.41,2026-09-28 17:25:29
2332,2332,billetera,52.26,2026-09-22 15:14:55
2333,2333,billetera,18.71,2026-09-05 13:38:35
2334,2334,billetera,60.03,2026-09-12 09:09:29
2335,2335,tarjeta,59.27,2026-09-25 15:41:16
2336,2336,efectivo,109.56,2026-09-06 18:17:32
2337,2337,efectivo,54.54,2026-09-11 09:27:23
2338,2338,billetera,17.71,2026-09-07 19:35:29
2339,2339,tarjeta,39.01,2026-09-12 20:36:35
2340,2340,billetera,51.39,2026-09-13 14:32:05
2341,2341,efectivo,42.15,2026-09-26 14:40:28
2342,2342,tarjeta,61.78,2026-09-14 14:07:38
2343,2343,tarjeta,48.3,2026-09-02 11:59:30
2344,2344,billetera,71.95,2026-09-16 06:19:04
2345,2345,efectivo,42.73,2026-09-27 10:22:13
2346,2346,billetera,23.46,2026-09-10 20:17:24
2347,2347,tarjeta,55.74,2026-09-01 21:24:37
2348,2348,billetera,36.73,2026-09-02 17:41:52
2349,2349,efectivo,63.12,2026-09-01 09:06:51
2350,2350,tarjeta,21.1,2026-09-18 10:46:58
2351,2351,billetera,64.87,2026-09-24 18:26:19
2352,2352,tarjeta,80.71,2026-09-01 14:32:46
2353,2353,tarjeta,39.34,2026-09-15 18:49:51
2354,2354,billetera,77.15,2026-09-30 14:40:18
2355,2355,billetera,35.85,2026-09-12 10:51:22
2356,2356,efectivo,99.26,2026-09-07 15:46:54
2357,2357,billetera,31.82,2026-09-12 06:45:08
2358,2358,tarjeta,64.66,2026-09-17 08:21:49
2359,2359,tarjeta,24.68,2026-09-16 20:09:08
2360,2360,tarjeta,43.19,2026-09-30 15:25:57
2361,2361,tarjeta,27.75,2026-09-02 17:38:43
2362,2362,billetera,79.36,2026-09-27 15:12:55
2363,2363,efectivo,64.13,2026-09-02 23:24:18
2364,2364,billetera,60.41,2026-09-15 22:31:25
2365,2365,billetera,45.68,2026-09-07 00:45:58
2366,2366,tarjeta,49.82,2026-09-04 06:56:27
2367,2367,efectivo,29.41,2026-09-05 20:02:09
2368,2368,efectivo,97.34,2026-09-12 13:42:58
2369,2369,billetera,28.34,2026-09-25 10:47:52
2370,2370,tarjeta,24.77,2026-09-18 07:55:33
2371,2371,efectivo,82.53,2026-09-07 12:30:17
2372,2372,tarjeta,99.68,2026-09-14 12:00:14
2373,2373,tarjeta,66.5,2026-09-23 10:29:02
2374,2374,billetera,26.16,2026-09-05 19:18:59
2375,2375,tarjeta,90.56,2026-09-21 18:06:54
2376,2376,billetera,33.63,2026-09-08 15:30:45
2377,2377,tarjeta,55.05,2026-09-27 19:27:38
2378,2378,tarjeta,46.46,2026-09-14 18:20:51
2379,2379,efectivo,96.66,2026-09-11 19:13:39
2380,2380,efectivo,96.61,2026-09-16 14:31:39
2381,2381,tarjeta,58.84,2026-09-28 13:15:16
2382,2382,billetera,71.2,2026-09-13 11:47:19
2383,2383,billetera,77.96,2026-09-17 07:27:49
2384,2384,tarjeta,72.23,2026-09-20 17:33:05
2385,2385,efectivo,62.57,2026-09-16 09:35:17
2386,2386,billetera,73.63,2026-09-25 21:00:23
2387,2387,tarjeta,45.53,2026-09-11 12:39:58
2388,2388,efectivo,41.82,2026-09-29 07:34:24
2389,2389,tarjeta,88.84,2026-09-29 13:13:10
2390,2390,efectivo,42.88,2026-09-07 14:50:55
2391,2391,tarjeta,44.63,2026-09-02 09:08:32
2392,2392,tarjeta,40.77,2026-09-28 12:57:48
2393,2393,efectivo,113.38,2026-09-27 07:15:36
2394,2394,tarjeta,49.23,2026-09-19 19:14:21
2395,2395,billetera,15.28,2026-09-11 17:33:50
2396,2396,billetera,94.35,2026-09-27 16:16:08
2397,2397,billetera,77.5,2026-09-03 04:38:28
2398,2398,tarjeta,34.3,2026-09-23 23:14:22
2399,2399,billetera,87.66,2026-09-19 15:28:06
2400,2400,efectivo,72.95,2026-09-30 08:22:45
2401,2401,tarjeta,78.43,2026-09-20 22:03:33
2402,2402,tarjeta,43.6,2026-09-17 21:36:24
2403,2403,tarjeta,79.0,2026-09-09 14:12:23
2404,2404,billetera,96.73,2026-09-16 20:08:47
2405,2405,billetera,37.98,2026-09-08 17:48:41
2406,2406,efectivo,34.96,2026-09-07 23:13:39
2407,2407,efectivo,101.95,2026-09-18 17:07:33
2408,2408,tarjeta,90.25,2026-09-27 20:38:44
2409,2409,billetera,83.49,2026-09-19 22:46:57
2410,2410,tarjeta,33.04,2026-09-25 09:34:00
2411,2411,tarjeta,28.44,2026-09-28 17:00:42
2412,2412,tarjeta,32.77,2026-09-19 08:17:21
2413,2413,billetera,66.28,2026-09-09 18:26:48
2414,2414,tarjeta,113.32,2026-09-10 02:34:12
2415,2415,efectivo,18.57,2026-09-17 19:24:52
2416,2416,billetera,58.59,2026-09-09 13:37:22
2417,2417,efectivo,72.81,2026-09-11 08:31:08
2418,2418,tarjeta,59.23,2026-09-13 16:19:53
2419,2419,tarjeta,77.84,2026-09-04 11:17:22
2420,2420,tarjeta,92.16,2026-09-17 11:34:07
2421,2421,tarjeta,79.0,2026-09-14 09:28:09
2422,2422,tarjeta,53.12,2026-09-14 11:56:09
2423,2423,billetera,43.8,2026-09-03 12:39:47
2424,2424,efectivo,127.64,2026-09-17 10:28:02
2425,2425,billetera,114.9,2026-09-01 06:14:54
2426,2426,billetera,52.91,2026-09-11 12:01:24
2427,2427,tarjeta,91.84,2026-09-24 19:45:20
2428,2428,efectivo,20.03,2026-09-27 15:36:04
2429,2429,tarjeta,64.33,2026-09-02 14:11:57
2430,2430,billetera,33.24,2026-09-30 09:09:31
2431,2431,billetera,98.43,2026-09-26 07:28:44
2432,2432,efectivo,40.31,2026-09-25 18:06:50
2433,2433,tarjeta,98.12,2026-09-09 18:01:39
2434,2434,efectivo,42.17,2026-09-03 12:53:13
2435,2435,efectivo,95.49,2026-09-14 08:20:52
2436,2436,tarjeta,75.02,2026-09-09 17:21:32
2437,2437,billetera,80.45,2026-09-10 17:28:42
2438,2438,billetera,48.74,2026-09-14 10:55:09
2439,2439,tarjeta,89.53,2026-09-27 08:39:04
2440,2440,efectivo,90.64,2026-09-09 15:50:27
2441,2441,efectivo,33.78,2026-09-09 16:45:42
2442,2442,tarjeta,83.92,2026-09-27 17:45:48
2443,2443,tarjeta,36.92,2026-09-26 07:43:19
2444,2444,billetera,80.18,2026-09-06 14:32:45
2445,2445,tarjeta,99.64,2026-09-30 01:21:49
2446,2446,tarjeta,30.32,2026-09-09 07:12:46
2447,2447,tarjeta,16.98,2026-09-29 14:34:15
2448,2448,tarjeta,85.71,2026-09-19 20:45:54
2449,2449,efectivo,15.62,2026-09-20 11:43:20
2450,2450,efectivo,69.57,2026-09-03 09:21:24
2451,2451,efectivo,47.58,2026-09-03 04:59:07
2452,2452,tarjeta,49.36,2026-09-29 07:52:33
2453,2453,efectivo,56.94,2026-09-07 22:48:55
2454,2454,efectivo,44.1,2026-09-14 14:06:42
2455,2455,billetera,25.33,2026-09-01 12:17:11
2456,2456,billetera,75.78,2026-09-17 16:41:52
2457,2457,tarjeta,99.67,2026-09-04 05:16:42
2458,2458,efectivo,104.37,2026-09-25 15:32:57
2459,2459,tarjeta,123.03,2026-09-08 15:36:29
2460,2460,tarjeta,91.45,2026-09-03 13:05:46
2461,2461,tarjeta,67.87,2026-09-07 16:31:17
2462,2462,billetera,108.33,2026-09-05 20:37:16
2463,2463,tarjeta,59.18,2026-09-09 15:49:41
2464,2464,efectivo,67.09,2026-09-04 08:36:37
2465,2465,billetera,50.11,2026-09-14 13:51:27
2466,2466,tarjeta,48.62,2026-09-18 12:50:26
2467,2467,tarjeta,64.71,2026-09-29 12:57:03
2468,2468,efectivo,67.5,2026-09-01 17:38:05
2469,2469,efectivo,84.72,2026-09-18 06:34:49
2470,2470,tarjeta,32.86,2026-09-04 19:36:55
2471,2471,efectivo,39.89,2026-09-16 04:09:06
2472,2472,billetera,96.32,2026-09-26 16:10:00
2473,2473,tarjeta,95.12,2026-09-05 14:45:29
2474,2474,efectivo,118.01,2026-09-05 22:03:06
2475,2475,tarjeta,16.2,2026-09-23 10:29:04
2476,2476,efectivo,49.26,2026-09-29 17:03:41
2477,2477,billetera,79.26,2026-09-19 21:58:54
2478,2478,billetera,87.15,2026-09-30 09:28:28
2479,2479,billetera,16.56,2026-09-19 10:32:52
2480,2480,tarjeta,58.85,2026-09-26 13:30:24
2481,2481,tarjeta,37.23,2026-09-04 11:33:00
2482,2482,tarjeta,78.38,2026-09-20 10:37:05
2483,2483,efectivo,103.5,2026-09-12 20:39:37
2484,2484,billetera,106.27,2026-09-22 20:37:48
2485,2485,billetera,15.4,2026-09-07 12:14:03
2486,2486,efectivo,57.99,2026-09-05 22:06:24
2487,2487,efectivo,91.86,2026-09-04 19:34:10
2488,2488,efectivo,117.75,2026-09-30 09:04:55
2489,2489,efectivo,63.87,2026-09-13 21:37:04
2490,2490,billetera,59.99,2026-09-04 15:32:21
2491,2491,efectivo,82.26,2026-09-24 20:15:30
2492,2492,tarjeta,55.28,2026-09-21 22:45:17
2493,2493,efectivo,72.96,2026-09-27 23:05:31
2494,2494,efectivo,21.92,2026-09-28 19:19:18
2495,2495,tarjeta,30.96,2026-09-28 18:35:53
2496,2496,efectivo,60.04,2026-09-19 21:56:36
2497,2497,efectivo,49.08,2026-09-07 09:48:57
2498,2498,efectivo,92.09,2026-09-07 11:35:37
2499,2499,billetera,84.46,2026-09-17 20:00:27
2500,2500,tarjeta,23.38,2026-09-09 19:37:24
2501,2501,efectivo,102.1,2026-09-05 21:40:58
2502,2502,efectivo,89.01,2026-09-28 02:58:23
2503,2503,tarjeta,83.03,2026-09-22 15:25:21
2504,2504,billetera,39.8,2026-09-10 18:33:34
2505,2505,tarjeta,80.33,2026-09-15 20:54:30
2506,2506,efectivo,85.63,2026-09-29 18:41:14
2507,2507,billetera,41.49,2026-09-10 04:15:21
2508,2508,tarjeta,16.36,2026-09-04 09:12:23
2509,2509,tarjeta,99.45,2026-09-07 09:28:05
2510,2510,billetera,102.59,2026-09-01 19:31:45
2511,2511,tarjeta,86.11,2026-09-15 19:07:32
2512,2512,tarjeta,96.98,2026-09-22 09:54:04
2513,2513,tarjeta,123.69,2026-09-02 09:51:02
2514,2514,billetera,96.04,2026-09-26 09:59:40
2515,2515,efectivo,79.83,2026-09-03 19:05:52
2516,2516,tarjeta,49.14,2026-09-08 08:39:39
2517,2517,tarjeta,35.92,2026-09-07 05:03:28
2518,2518,efectivo,27.93,2026-09-18 09:43:32
2519,2519,tarjeta,29.86,2026-09-18 13:32:13
2520,2520,billetera,20.71,2026-09-13 14:45:04
2521,2521,tarjeta,51.01,2026-09-26 22:06:08
2522,2522,billetera,74.52,2026-09-20 11:12:57
2523,2523,efectivo,103.88,2026-09-20 21:15:20
2524,2524,billetera,17.63,2026-09-04 10:35:49
2525,2525,billetera,18.64,2026-09-29 09:58:21
2526,2526,tarjeta,44.84,2026-09-29 17:05:10
2527,2527,billetera,44.22,2026-09-12 19:59:57
2528,2528,billetera,65.67,2026-09-17 15:41:53
2529,2529,billetera,70.01,2026-09-13 03:35:06
2530,2530,tarjeta,24.62,2026-09-02 10:29:02
2531,2531,efectivo,46.15,2026-09-13 20:19:53
2532,2532,billetera,32.6,2026-09-03 13:47:10
2533,2533,efectivo,86.8,2026-09-12 01:08:04
2534,2534,efectivo,44.79,2026-09-27 13:56:18
2535,2535,billetera,24.43,2026-09-24 13:20:07
2536,2536,billetera,60.01,2026-09-20 08:39:05
2537,2537,billetera,48.24,2026-09-10 17:07:59
2538,2538,billetera,43.55,2026-09-10 13:17:03
2539,2539,tarjeta,86.09,2026-09-09 10:07:32
2540,2540,billetera,30.13,2026-09-26 17:43:53
2541,2541,efectivo,80.68,2026-09-25 17:15:41
2542,2542,tarjeta,130.03,2026-09-09 20:42:54
2543,2543,billetera,23.09,2026-09-24 11:42:02
2544,2544,efectivo,91.31,2026-09-05 17:52:12
2545,2545,tarjeta,72.07,2026-09-14 16:38:49
2546,2546,tarjeta,39.53,2026-09-17 08:41:13
2547,2547,efectivo,118.99,2026-09-07 10:26:16
2548,2548,tarjeta,15.95,2026-09-17 15:10:09
2549,2549,efectivo,77.52,2026-09-07 09:31:51
2550,2550,efectivo,92.93,2026-09-05 17:24:26
2551,2551,efectivo,74.12,2026-09-19 19:57:05
2552,2552,tarjeta,102.29,2026-09-05 11:01:08
2553,2553,tarjeta,18.33,2026-09-19 23:36:12
2554,2554,billetera,51.91,2026-09-24 02:57:48
2555,2555,billetera,105.77,2026-09-04 22:35:27
2556,2556,tarjeta,20.06,2026-09-08 11:17:55
2557,2557,billetera,54.47,2026-09-25 21:05:18
2558,2558,tarjeta,72.3,2026-09-29 02:09:22
2559,2559,efectivo,99.81,2026-09-21 21:01:58
2560,2560,efectivo,102.33,2026-09-11 22:11:07
2561,2561,tarjeta,52.13,2026-09-12 17:17:07
2562,2562,billetera,56.14,2026-09-16 19:50:41
2563,2563,efectivo,94.27,2026-09-17 20:15:00
2564,2564,efectivo,35.65,2026-09-20 11:41:07
2565,2565,efectivo,62.67,2026-09-30 01:47:08
2566,2566,tarjeta,57.76,2026-09-17 14:30:09
2567,2567,efectivo,38.78,2026-09-24 07:24:41
2568,2568,billetera,56.16,2026-09-14 21:42:26
2569,2569,tarjeta,86.16,2026-09-24 18:38:38
2570,2570,tarjeta,84.2,2026-09-20 09:18:19
2571,2571,efectivo,35.8,2026-09-19 19:48:56
2572,2572,billetera,16.36,2026-09-30 09:10:38
2573,2573,billetera,24.5,2026-09-10 15:34:49
2574,2574,billetera,81.39,2026-09-06 08:15:02
2575,2575,billetera,38.11,2026-09-11 13:33:45
2576,2576,tarjeta,117.5,2026-09-29 12:29:49
2577,2577,tarjeta,18.62,2026-09-16 12:16:30
2578,2578,tarjeta,49.93,2026-09-04 19:29:32
2579,2579,efectivo,110.95,2026-09-15 11:25:23
2580,2580,billetera,76.63,2026-09-06 07:40:41
2581,2581,tarjeta,43.79,2026-09-23 07:59:16
2582,2582,tarjeta,55.44,2026-09-14 11:55:46
2583,2583,efectivo,47.91,2026-09-10 06:42:46
2584,2584,efectivo,56.42,2026-09-01 19:24:40
2585,2585,billetera,46.82,2026-09-30 12:19:29
2586,2586,billetera,60.17,2026-09-02 20:39:54
2587,2587,efectivo,71.2,2026-09-05 13:15:31
2588,2588,tarjeta,92.37,2026-09-26 19:34:31
2589,2589,billetera,33.93,2026-09-09 12:48:44
2590,2590,tarjeta,40.23,2026-09-18 22:27:16
2591,2591,efectivo,102.23,2026-09-06 16:47:33
2592,2592,billetera,46.05,2026-09-28 15:12:42
2593,2593,efectivo,61.41,2026-09-12 08:16:01
2594,2594,efectivo,71.41,2026-09-30 08:46:40
2595,2595,tarjeta,117.56,2026-09-25 12:03:40
2596,2596,billetera,96.16,2026-09-24 09:18:41
2597,2597,efectivo,28.75,2026-09-03 05:23:53
2598,2598,billetera,41.52,2026-09-21 17:14:11
2599,2599,tarjeta,52.86,2026-09-16 15:22:48
2600,2600,billetera,47.33,2026-09-30 09:30:16
2601,2601,efectivo,34.66,2026-09-03 10:37:43
2602,2602,efectivo,36.9,2026-09-19 11:44:40
2603,2603,efectivo,99.19,2026-09-20 13:25:52
2604,2604,billetera,46.38,2026-09-29 11:57:52
2605,2605,efectivo,95.45,2026-09-18 22:51:56
2606,2606,efectivo,62.38,2026-09-24 21:28:28
2607,2607,billetera,35.31,2026-09-03 18:50:34
2608,2608,efectivo,91.99,2026-09-03 11:01:23
2609,2609,billetera,72.08,2026-09-26 15:52:47
2610,2610,tarjeta,62.06,2026-09-22 14:54:08
2611,2611,billetera,117.79,2026-09-10 11:02:39
2612,2612,efectivo,36.49,2026-09-07 13:03:47
2613,2613,tarjeta,50.22,2026-09-27 15:58:26
2614,2614,tarjeta,33.58,2026-09-23 14:40:51
2615,2615,efectivo,37.98,2026-09-15 16:04:56
2616,2616,efectivo,116.28,2026-09-22 16:11:04
2617,2617,efectivo,23.19,2026-09-22 16:30:20
2618,2618,billetera,78.94,2026-09-13 14:53:44
2619,2619,efectivo,33.53,2026-09-23 06:17:18
2620,2620,efectivo,102.93,2026-09-13 11:50:26
2621,2621,billetera,109.13,2026-09-23 21:41:17
2622,2622,billetera,22.18,2026-09-03 12:05:10
2623,2623,billetera,100.66,2026-09-16 19:20:17
2624,2624,efectivo,63.93,2026-09-30 08:28:14
2625,2625,efectivo,79.89,2026-09-15 12:54:19
2626,2626,tarjeta,35.93,2026-09-25 18:55:11
2627,2627,tarjeta,85.93,2026-09-28 17:53:53
2628,2628,efectivo,94.45,2026-09-11 14:40:33
2629,2629,billetera,54.77,2026-09-12 10:10:07
2630,2630,billetera,17.22,2026-09-15 08:31:23
2631,2631,billetera,24.34,2026-09-07 15:33:44
2632,2632,tarjeta,74.56,2026-09-19 11:45:40
2633,2633,tarjeta,73.84,2026-09-07 08:59:33
2634,2634,billetera,102.1,2026-09-15 18:54:27
2635,2635,tarjeta,93.29,2026-09-13 16:26:42
2636,2636,billetera,102.78,2026-09-22 21:03:59
2637,2637,billetera,109.95,2026-09-22 21:24:45
2638,2638,tarjeta,27.04,2026-09-09 15:21:15
2639,2639,tarjeta,73.3,2026-09-10 08:38:20
2640,2640,efectivo,49.25,2026-09-10 10:57:48
2641,2641,efectivo,55.43,2026-09-21 13:37:02
2642,2642,efectivo,47.08,2026-09-29 12:01:59
2643,2643,billetera,52.59,2026-09-02 20:10:12
2644,2644,efectivo,49.91,2026-09-24 08:14:33
2645,2645,tarjeta,110.56,2026-09-30 11:22:52
2646,2646,billetera,123.52,2026-09-17 22:19:53
2647,2647,billetera,39.52,2026-09-13 16:28:58
2648,2648,efectivo,23.83,2026-09-20 12:57:17
2649,2649,billetera,30.6,2026-09-30 08:04:03
2650,2650,billetera,66.47,2026-09-08 15:10:16
2651,2651,efectivo,29.2,2026-09-25 06:49:35
2652,2652,billetera,15.92,2026-09-24 18:55:56
2653,2653,efectivo,57.41,2026-09-04 10:42:38
2654,2654,tarjeta,69.68,2026-09-19 12:45:41
2655,2655,tarjeta,109.77,2026-09-05 18:19:19
2656,2656,efectivo,60.28,2026-09-21 21:10:45
2657,2657,billetera,30.78,2026-09-26 19:16:28
2658,2658,billetera,107.23,2026-09-16 09:14:50
2659,2659,billetera,47.37,2026-09-13 11:32:58
2660,2660,billetera,55.17,2026-09-03 13:09:01
2661,2661,tarjeta,27.79,2026-09-14 11:08:25
2662,2662,tarjeta,48.23,2026-09-15 08:04:58
2663,2663,efectivo,76.89,2026-09-20 18:04:33
2664,2664,tarjeta,108.79,2026-09-24 22:09:20
2665,2665,tarjeta,99.31,2026-09-18 09:11:22
2666,2666,efectivo,25.23,2026-09-23 17:10:54
2667,2667,billetera,119.51,2026-09-23 09:07:32
2668,2668,efectivo,80.18,2026-09-21 01:43:25
2669,2669,billetera,61.09,2026-09-28 17:25:58
2670,2670,billetera,75.83,2026-09-14 22:07:28
2671,2671,efectivo,25.32,2026-09-13 19:39:01
2672,2672,billetera,58.08,2026-09-17 03:05:27
2673,2673,efectivo,79.53,2026-09-16 20:44:55
2674,2674,tarjeta,113.18,2026-09-11 13:54:53
2675,2675,billetera,53.02,2026-09-05 13:32:43
2676,2676,billetera,30.17,2026-09-07 19:30:33
2677,2677,efectivo,40.64,2026-09-18 19:20:56
2678,2678,billetera,41.25,2026-09-14 06:24:39
2679,2679,billetera,86.3,2026-09-24 08:18:04
2680,2680,billetera,29.93,2026-09-26 13:29:44
2681,2681,efectivo,60.98,2026-09-30 04:35:29
2682,2682,efectivo,97.74,2026-09-04 08:19:13
2683,2683,efectivo,102.01,2026-09-26 00:02:42
2684,2684,tarjeta,97.29,2026-09-29 13:18:54
2685,2685,tarjeta,63.82,2026-09-28 10:44:08
2686,2686,tarjeta,25.89,2026-09-22 07:16:47
2687,2687,billetera,100.13,2026-09-02 19:19:14
2688,2688,billetera,100.91,2026-09-16 20:42:36
2689,2689,tarjeta,78.86,2026-09-17 22:34:51
2690,2690,billetera,69.53,2026-09-21 14:58:58
2691,2691,tarjeta,97.56,2026-09-15 17:16:00
2692,2692,billetera,95.43,2026-09-14 21:16:46
2693,2693,efectivo,24.59,2026-09-16 22:55:19
2694,2694,billetera,111.56,2026-09-13 21:40:55
2695,2695,efectivo,14.46,2026-09-21 17:20:32
2696,2696,tarjeta,38.7,2026-09-27 10:42:38
2697,2697,billetera,44.8,2026-09-30 17:37:06
2698,2698,tarjeta,21.79,2026-09-18 12:58:48
2699,2699,tarjeta,43.78,2026-09-25 19:13:50
2700,2700,efectivo,106.34,2026-09-12 22:28:03
2701,2701,tarjeta,103.78,2026-09-05 00:03:42
2702,2702,billetera,47.45,2026-09-19 13:06:45
2703,2703,tarjeta,78.73,2026-09-30 19:00:21
2704,2704,efectivo,101.81,2026-09-15 12:44:44
2705,2705,billetera,32.02,2026-09-14 11:10:35
2706,2706,billetera,53.87,2026-09-28 10:48:51
2707,2707,billetera,104.49,2026-09-14 11:49:12
2708,2708,efectivo,120.53,2026-09-12 07:06:30
2709,2709,tarjeta,65.19,2026-09-06 13:11:58
2710,2710,billetera,116.77,2026-09-29 19:28:09
2711,2711,tarjeta,77.3,2026-09-30 17:37:04
2712,2712,efectivo,50.13,2026-09-27 22:04:25
2713,2713,efectivo,33.53,2026-09-21 21:08:31
2714,2714,efectivo,75.44,2026-09-30 08:33:55
2715,2715,tarjeta,49.54,2026-09-01 21:40:23
2716,2716,efectivo,75.77,2026-09-15 12:45:35
2717,2717,tarjeta,28.43,2026-09-03 08:40:48
2718,2718,tarjeta,88.6,2026-09-15 23:46:57
2719,2719,tarjeta,58.02,2026-09-06 14:29:27
2720,2720,efectivo,89.44,2026-09-11 07:18:38
2721,2721,tarjeta,55.45,2026-09-23 09:20:58
2722,2722,tarjeta,16.06,2026-09-24 12:55:39
2723,2723,tarjeta,70.14,2026-09-02 01:38:55
2724,2724,efectivo,45.33,2026-09-08 10:49:31
2725,2725,tarjeta,87.22,2026-09-02 13:57:37
2726,2726,efectivo,58.8,2026-09-21 20:07:18
2727,2727,billetera,116.65,2026-09-18 00:22:21
2728,2728,efectivo,43.22,2026-09-22 16:32:59
2729,2729,tarjeta,84.8,2026-09-19 18:26:03
2730,2730,efectivo,52.75,2026-09-06 20:10:05
2731,2731,billetera,68.26,2026-09-30 09:20:31
2732,2732,billetera,100.85,2026-09-24 16:51:00
2733,2733,tarjeta,20.33,2026-09-26 02:45:25
2734,2734,efectivo,34.74,2026-09-27 14:09:52
2735,2735,billetera,69.19,2026-09-18 21:37:46
2736,2736,efectivo,40.99,2026-09-20 22:15:05
2737,2737,tarjeta,47.97,2026-09-08 10:49:17
2738,2738,tarjeta,41.67,2026-09-29 11:34:46
2739,2739,tarjeta,15.78,2026-09-23 11:47:02
2740,2740,efectivo,22.81,2026-09-18 19:33:13
2741,2741,tarjeta,33.03,2026-09-19 13:31:30
2742,2742,efectivo,69.96,2026-09-24 14:41:29
2743,2743,tarjeta,45.73,2026-09-29 15:30:07
2744,2744,efectivo,21.71,2026-09-01 16:04:13
2745,2745,efectivo,109.97,2026-09-28 20:18:37
2746,2746,billetera,15.22,2026-09-26 09:05:50
2747,2747,billetera,44.87,2026-09-14 18:19:51
2748,2748,tarjeta,37.64,2026-09-06 04:34:44
2749,2749,efectivo,35.04,2026-09-27 09:56:32
2750,2750,billetera,41.51,2026-09-17 14:39:28
2751,2751,billetera,60.89,2026-09-19 18:17:39
2752,2752,efectivo,29.33,2026-09-17 23:26:47
2753,2753,billetera,20.94,2026-09-06 17:49:45
2754,2754,efectivo,67.01,2026-09-07 18:23:06
2755,2755,efectivo,55.36,2026-09-13 20:58:37
2756,2756,billetera,76.4,2026-09-26 10:31:23
2757,2757,billetera,121.83,2026-09-30 15:20:28
2758,2758,tarjeta,86.09,2026-09-09 12:53:19
2759,2759,efectivo,108.0,2026-09-24 22:10:15
2760,2760,tarjeta,58.32,2026-09-30 18:38:33
2761,2761,billetera,115.99,2026-09-09 11:33:02
2762,2762,efectivo,44.85,2026-09-17 23:12:08
2763,2763,efectivo,56.19,2026-09-12 19:09:49
2764,2764,efectivo,100.15,2026-09-18 09:07:25
2765,2765,tarjeta,88.95,2026-09-16 18:04:28
2766,2766,tarjeta,20.43,2026-09-17 21:36:10
2767,2767,billetera,20.07,2026-09-30 13:06:11
2768,2768,efectivo,20.84,2026-09-18 05:37:51
2769,2769,tarjeta,33.51,2026-09-17 10:15:24
2770,2770,efectivo,80.54,2026-09-15 10:45:23
2771,2771,tarjeta,106.33,2026-09-24 09:49:37
2772,2772,billetera,19.77,2026-09-14 06:57:40
2773,2773,billetera,48.22,2026-09-10 07:33:42
2774,2774,billetera,28.4,2026-09-28 00:47:01
2775,2775,billetera,110.01,2026-09-13 16:46:34
2776,2776,tarjeta,74.95,2026-09-30 21:32:21
2777,2777,tarjeta,26.1,2026-09-15 01:42:42
2778,2778,tarjeta,114.64,2026-09-02 20:48:07
2779,2779,efectivo,95.63,2026-09-13 16:12:38
2780,2780,tarjeta,14.03,2026-09-12 06:11:45
2781,2781,billetera,50.61,2026-09-15 12:23:48
2782,2782,billetera,29.98,2026-09-11 18:47:38
2783,2783,billetera,76.37,2026-09-25 17:04:10
2784,2784,billetera,33.05,2026-09-25 20:13:51
2785,2785,tarjeta,85.97,2026-09-13 18:34:43
2786,2786,billetera,47.95,2026-09-14 20:56:40
2787,2787,tarjeta,92.54,2026-09-29 19:28:40
2788,2788,efectivo,67.73,2026-09-24 13:44:28
2789,2789,billetera,82.17,2026-09-13 14:59:00
2790,2790,tarjeta,69.19,2026-09-27 09:53:53
2791,2791,billetera,50.66,2026-09-09 20:45:03
2792,2792,efectivo,97.8,2026-09-27 14:24:18
2793,2793,billetera,50.25,2026-09-12 21:51:12
2794,2794,tarjeta,77.82,2026-09-13 10:40:49
2795,2795,billetera,61.99,2026-09-20 11:22:39
2796,2796,tarjeta,88.39,2026-09-10 20:00:16
2797,2797,efectivo,128.92,2026-09-10 07:44:04
2798,2798,efectivo,58.71,2026-09-09 14:37:18
2799,2799,efectivo,29.9,2026-09-14 14:13:22
2800,2800,billetera,96.7,2026-09-04 16:46:33
2801,2801,billetera,33.39,2026-09-12 19:36:16
2802,2802,tarjeta,47.92,2026-09-27 08:48:35
2803,2803,billetera,105.53,2026-09-26 13:42:56
2804,2804,billetera,123.69,2026-09-13 16:30:34
2805,2805,tarjeta,45.92,2026-09-22 21:49:20
2806,2806,billetera,41.07,2026-09-04 19:15:29
2807,2807,billetera,58.73,2026-09-06 10:25:37
2808,2808,billetera,59.22,2026-09-16 16:56:56
2809,2809,efectivo,103.43,2026-09-05 21:14:11
2810,2810,billetera,68.42,2026-09-09 14:14:44
2811,2811,tarjeta,100.39,2026-09-08 22:12:35
2812,2812,tarjeta,37.2,2026-09-03 22:19:00
2813,2813,billetera,96.58,2026-09-20 21:54:29
2814,2814,efectivo,43.36,2026-09-21 05:15:59
2815,2815,efectivo,56.91,2026-09-11 18:14:26
2816,2816,efectivo,71.95,2026-09-24 19:34:58
2817,2817,tarjeta,47.48,2026-09-09 05:53:32
2818,2818,tarjeta,15.43,2026-09-14 20:25:15
2819,2819,tarjeta,111.95,2026-09-21 10:50:10
2820,2820,efectivo,61.37,2026-09-07 08:39:05
2821,2821,tarjeta,18.26,2026-09-23 16:40:30
2822,2822,efectivo,113.54,2026-09-11 22:06:58
2823,2823,tarjeta,33.58,2026-09-01 08:25:35
2824,2824,efectivo,84.05,2026-09-20 22:58:57
2825,2825,billetera,17.12,2026-09-09 09:36:04
2826,2826,billetera,104.99,2026-09-01 15:36:56
2827,2827,tarjeta,28.09,2026-09-05 18:37:23
2828,2828,efectivo,80.51,2026-09-24 16:52:15
2829,2829,efectivo,48.62,2026-09-02 12:01:47
2830,2830,billetera,72.64,2026-09-03 06:16:23
2831,2831,tarjeta,77.87,2026-09-23 20:22:08
2832,2832,tarjeta,83.78,2026-09-07 19:13:49
2833,2833,tarjeta,63.86,2026-09-14 08:23:33
2834,2834,billetera,20.17,2026-09-18 21:28:28
2835,2835,billetera,30.0,2026-09-23 12:58:21
2836,2836,efectivo,71.9,2026-09-16 18:47:23
2837,2837,tarjeta,43.75,2026-09-18 16:52:37
2838,2838,efectivo,84.53,2026-09-06 11:04:43
2839,2839,tarjeta,55.05,2026-09-06 14:37:01
2840,2840,tarjeta,18.38,2026-09-18 17:38:37
2841,2841,tarjeta,66.12,2026-09-05 01:23:46
2842,2842,tarjeta,85.01,2026-09-23 18:54:37
2843,2843,efectivo,56.94,2026-09-25 16:15:06
2844,2844,tarjeta,57.76,2026-09-18 19:59:00
2845,2845,tarjeta,52.32,2026-09-13 18:18:00
2846,2846,billetera,63.74,2026-09-20 13:23:56
2847,2847,efectivo,111.66,2026-09-06 18:23:16
2848,2848,billetera,58.49,2026-09-04 18:46:54
2849,2849,efectivo,79.05,2026-09-01 13:58:32
2850,2850,billetera,47.31,2026-09-21 03:42:01
2851,2851,billetera,120.16,2026-09-11 13:12:59
2852,2852,billetera,83.08,2026-09-27 03:15:14
2853,2853,tarjeta,120.03,2026-09-07 20:11:42
2854,2854,tarjeta,85.41,2026-09-04 21:36:54
2855,2855,efectivo,48.35,2026-09-26 10:03:25
2856,2856,tarjeta,64.72,2026-09-18 19:49:38
2857,2857,billetera,91.21,2026-09-08 21:59:56
2858,2858,tarjeta,79.06,2026-09-04 20:54:58
2859,2859,billetera,52.94,2026-09-27 17:37:22
2860,2860,billetera,32.11,2026-09-07 13:44:51
2861,2861,efectivo,74.13,2026-09-06 23:13:11
2862,2862,tarjeta,105.41,2026-09-27 13:57:07
2863,2863,tarjeta,67.67,2026-09-06 21:27:03
2864,2864,efectivo,71.11,2026-09-14 06:33:33
2865,2865,billetera,40.84,2026-09-17 10:02:15
2866,2866,efectivo,109.46,2026-09-06 09:09:53
2867,2867,efectivo,114.7,2026-09-17 19:39:14
2868,2868,tarjeta,77.05,2026-09-18 10:58:13
2869,2869,billetera,26.24,2026-09-12 06:47:12
2870,2870,billetera,81.55,2026-09-30 20:51:29
2871,2871,tarjeta,88.15,2026-09-18 13:08:25
2872,2872,tarjeta,70.92,2026-09-24 22:36:26
2873,2873,tarjeta,52.47,2026-09-25 19:24:13
2874,2874,billetera,22.3,2026-09-28 22:40:01
2875,2875,tarjeta,70.36,2026-09-03 05:48:01
2876,2876,tarjeta,86.74,2026-09-15 14:08:11
2877,2877,billetera,28.32,2026-09-08 09:13:55
2878,2878,tarjeta,89.85,2026-09-02 14:28:21
2879,2879,tarjeta,18.45,2026-09-17 08:07:52
2880,2880,efectivo,69.12,2026-09-20 17:00:10
2881,2881,efectivo,41.88,2026-09-14 21:00:33
2882,2882,tarjeta,28.09,2026-09-29 09:19:10
2883,2883,efectivo,98.34,2026-09-16 09:17:47
2884,2884,efectivo,83.48,2026-09-30 00:17:44
2885,2885,tarjeta,45.56,2026-09-09 07:49:33
2886,2886,efectivo,117.51,2026-09-24 12:28:56
2887,2887,billetera,110.52,2026-09-17 19:37:44
2888,2888,efectivo,99.94,2026-09-21 09:18:56
2889,2889,tarjeta,103.64,2026-09-30 14:09:06
2890,2890,billetera,119.47,2026-09-21 06:08:57
2891,2891,efectivo,64.68,2026-09-04 02:00:04
2892,2892,efectivo,56.75,2026-09-16 10:41:03
2893,2893,efectivo,42.41,2026-09-07 14:50:29
2894,2894,tarjeta,93.07,2026-09-18 16:02:41
2895,2895,efectivo,92.12,2026-09-30 11:04:11
2896,2896,efectivo,47.52,2026-09-11 00:44:41
2897,2897,billetera,94.01,2026-09-25 09:29:51
2898,2898,efectivo,69.18,2026-09-14 13:57:41
2899,2899,billetera,61.01,2026-09-06 18:49:28
2900,2900,tarjeta,77.74,2026-09-25 14:53:31
2901,2901,billetera,58.38,2026-09-13 16:37:25
2902,2902,efectivo,103.67,2026-09-28 08:27:37
2903,2903,tarjeta,83.78,2026-09-05 11:08:33
2904,2904,tarjeta,29.47,2026-09-22 18:47:52
2905,2905,efectivo,94.03,2026-09-14 20:05:40
2906,2906,efectivo,91.52,2026-09-10 12:40:18
2907,2907,billetera,71.22,2026-09-08 16:15:40
2908,2908,tarjeta,118.12,2026-09-19 16:27:28
2909,2909,billetera,32.66,2026-09-13 13:23:00
2910,2910,billetera,72.18,2026-09-04 07:06:09
2911,2911,tarjeta,14.41,2026-09-16 12:22:33
2912,2912,efectivo,15.54,2026-09-26 10:56:23
2913,2913,efectivo,124.0,2026-09-05 18:12:14
2914,2914,tarjeta,39.82,2026-09-24 05:22:02
2915,2915,tarjeta,30.88,2026-09-23 13:10:53
2916,2916,efectivo,66.68,2026-09-29 08:54:00
2917,2917,tarjeta,38.97,2026-09-13 22:25:05
2918,2918,tarjeta,99.76,2026-09-02 12:53:25
2919,2919,tarjeta,79.47,2026-09-11 08:52:36
2920,2920,efectivo,90.68,2026-09-17 10:19:18
2921,2921,efectivo,86.19,2026-09-15 19:09:02
2922,2922,efectivo,93.83,2026-09-24 16:00:10
2923,2923,billetera,96.16,2026-09-15 21:11:22
2924,2924,efectivo,100.06,2026-09-03 09:53:21
2925,2925,billetera,64.48,2026-09-03 14:12:32
2926,2926,billetera,29.11,2026-09-21 21:07:32
2927,2927,efectivo,57.34,2026-09-21 12:07:20
2928,2928,tarjeta,76.58,2026-09-12 11:09:52
2929,2929,billetera,56.53,2026-09-03 11:03:58
2930,2930,efectivo,16.6,2026-09-09 19:20:16
2931,2931,billetera,96.18,2026-09-09 21:43:18
2932,2932,tarjeta,88.59,2026-09-20 06:08:54
2933,2933,billetera,93.97,2026-09-19 22:28:07
2934,2934,billetera,23.45,2026-09-05 18:22:51
2935,2935,efectivo,91.77,2026-09-24 23:06:53
2936,2936,tarjeta,73.83,2026-09-25 15:05:23
2937,2937,billetera,71.36,2026-09-14 12:36:07
2938,2938,efectivo,44.27,2026-09-01 11:11:20
2939,2939,tarjeta,74.47,2026-09-06 10:00:48
2940,2940,billetera,88.08,2026-09-04 12:48:05
2941,2941,billetera,49.28,2026-09-16 16:55:57
2942,2942,billetera,37.94,2026-09-11 19:24:35
2943,2943,tarjeta,87.26,2026-09-11 14:36:02
2944,2944,tarjeta,27.11,2026-09-18 13:13:24
2945,2945,tarjeta,60.81,2026-09-05 11:18:29
2946,2946,tarjeta,49.13,2026-09-13 14:54:58
2947,2947,tarjeta,72.06,2026-09-12 20:25:01
2948,2948,tarjeta,57.89,2026-09-28 20:27:37
2949,2949,tarjeta,107.35,2026-09-15 08:11:02
2950,2950,efectivo,38.44,2026-09-19 19:45:27
2951,2951,tarjeta,69.85,2026-09-29 23:15:04
2952,2952,tarjeta,53.51,2026-09-01 10:17:31
2953,2953,tarjeta,123.93,2026-09-29 05:27:12
2954,2954,efectivo,19.27,2026-09-27 19:05:43
2955,2955,billetera,30.44,2026-09-06 10:41:26
2956,2956,billetera,113.8,2026-09-08 11:24:09
2957,2957,tarjeta,77.69,2026-09-26 09:36:10
2958,2958,efectivo,19.28,2026-09-04 18:52:56
2959,2959,tarjeta,26.87,2026-09-28 07:59:00
2960,2960,billetera,93.68,2026-09-03 12:32:52
2961,2961,tarjeta,35.57,2026-09-10 02:03:53
2962,2962,tarjeta,112.24,2026-09-27 00:39:18
2963,2963,efectivo,51.37,2026-09-09 07:01:23
2964,2964,efectivo,51.68,2026-09-10 08:09:20
2965,2965,efectivo,102.73,2026-09-18 15:50:02
2966,2966,billetera,57.5,2026-09-27 12:19:46
2967,2967,billetera,35.47,2026-09-12 08:32:36
2968,2968,efectivo,59.49,2026-09-15 14:22:41
2969,2969,tarjeta,70.09,2026-09-21 16:02:06
2970,2970,efectivo,94.26,2026-09-26 19:01:07
2971,2971,billetera,32.85,2026-09-15 14:07:16
2972,2972,efectivo,29.73,2026-09-22 12:14:56
2973,2973,tarjeta,68.62,2026-09-22 20:14:50
2974,2974,efectivo,59.77,2026-09-27 16:04:05
2975,2975,efectivo,53.77,2026-09-16 20:14:37
2976,2976,tarjeta,81.29,2026-09-03 20:21:08
2977,2977,billetera,37.34,2026-09-24 18:36:43
2978,2978,billetera,98.34,2026-09-20 09:21:28
2979,2979,billetera,61.11,2026-09-24 07:16:58
2980,2980,efectivo,46.7,2026-09-03 16:37:10
2981,2981,billetera,65.94,2026-09-17 15:13:26
2982,2982,efectivo,59.54,2026-09-24 09:05:53
2983,2983,billetera,28.47,2026-09-06 07:59:34
2984,2984,tarjeta,74.8,2026-09-25 12:22:11
2985,2985,billetera,44.71,2026-09-18 19:48:05
2986,2986,billetera,58.63,2026-09-22 16:14:36
2987,2987,efectivo,61.52,2026-09-12 07:51:11
2988,2988,billetera,97.44,2026-09-18 21:36:50
2989,2989,billetera,118.92,2026-09-17 15:54:17
2990,2990,efectivo,70.67,2026-09-02 19:26:30
2991,2991,billetera,70.3,2026-09-13 09:39:41
2992,2992,efectivo,67.33,2026-09-13 16:25:55
2993,2993,billetera,50.89,2026-09-16 15:16:01
2994,2994,billetera,97.17,2026-09-27 10:00:00
2995,2995,efectivo,104.75,2026-09-07 10:24:21
2996,2996,tarjeta,95.34,2026-09-30 19:10:47
2997,2997,tarjeta,68.99,2026-09-19 20:29:26
2998,2998,billetera,116.76,2026-09-25 08:43:16
2999,2999,tarjeta,42.05,2026-09-02 23:33:45
3000,3000,tarjeta,104.72,2026-09-04 22:00:45
3001,3001,efectivo,53.64,2026-09-20 08:05:04
3002,3002,efectivo,70.88,2026-09-06 12:26:02
3003,3003,billetera,55.16,2026-09-05 12:34:03
3004,3004,efectivo,27.28,2026-09-06 18:08:31
3005,3005,tarjeta,42.48,2026-09-08 15:22:14
3006,3006,tarjeta,76.41,2026-09-09 16:25:17
3007,3007,efectivo,73.5,2026-09-21 01:51:06
3008,3008,billetera,77.0,2026-09-06 15:51:46
3009,3009,tarjeta,111.53,2026-09-03 15:03:44
3010,3010,billetera,63.41,2026-09-15 17:00:26
3011,3011,tarjeta,39.7,2026-09-28 17:56:19
3012,3012,tarjeta,39.56,2026-09-18 23:44:29
3013,3013,tarjeta,84.85,2026-09-20 22:39:47
3014,3014,efectivo,40.78,2026-09-25 13:30:07
3015,3015,tarjeta,28.27,2026-09-14 14:25:46
3016,3016,tarjeta,100.19,2026-09-04 08:54:33
3017,3017,billetera,64.53,2026-09-27 19:21:32
3018,3018,efectivo,70.17,2026-09-19 10:10:29
3019,3019,tarjeta,116.42,2026-09-19 18:34:42
3020,3020,tarjeta,60.72,2026-09-11 22:11:43
3021,3021,billetera,92.66,2026-09-01 19:03:43
3022,3022,tarjeta,64.55,2026-09-22 11:00:47
3023,3023,efectivo,92.65,2026-09-06 06:22:08
3024,3024,tarjeta,39.26,2026-09-29 11:00:41
3025,3025,billetera,30.26,2026-09-25 19:21:06
3026,3026,billetera,68.83,2026-09-25 17:36:48
3027,3027,billetera,52.69,2026-09-11 10:42:42
3028,3028,billetera,51.31,2026-09-10 08:38:09
3029,3029,billetera,57.09,2026-09-19 07:44:57
3030,3030,efectivo,117.64,2026-09-05 20:56:17
3031,3031,tarjeta,26.62,2026-09-17 08:33:59
3032,3032,tarjeta,57.58,2026-09-06 05:10:21
3033,3033,efectivo,54.88,2026-09-30 14:44:43
3034,3034,efectivo,39.35,2026-09-12 17:08:02
3035,3035,efectivo,125.31,2026-09-13 11:37:10
3036,3036,efectivo,100.19,2026-09-07 08:02:11
3037,3037,tarjeta,38.96,2026-09-12 17:35:41
3038,3038,tarjeta,19.03,2026-09-01 09:44:10
3039,3039,efectivo,27.03,2026-09-01 09:58:44
3040,3040,tarjeta,47.15,2026-09-09 13:35:27
3041,3041,billetera,78.69,2026-09-30 09:02:46
3042,3042,billetera,37.24,2026-09-24 01:31:31
3043,3043,efectivo,39.36,2026-09-18 19:41:54
3044,3044,billetera,91.04,2026-09-24 23:46:00
3045,3045,billetera,88.27,2026-09-14 17:44:50
3046,3046,tarjeta,91.97,2026-09-26 17:52:49
3047,3047,tarjeta,72.82,2026-09-27 16:59:54
3048,3048,efectivo,104.5,2026-09-20 12:50:10
3049,3049,tarjeta,76.71,2026-09-04 14:53:15
3050,3050,tarjeta,59.24,2026-09-17 14:38:37
3051,3051,efectivo,47.5,2026-09-02 13:14:16
3052,3052,efectivo,72.03,2026-09-25 21:04:59
3053,3053,billetera,65.02,2026-09-14 09:57:13
3054,3054,tarjeta,110.29,2026-09-19 22:17:46
3055,3055,billetera,27.62,2026-09-01 02:09:38
3056,3056,tarjeta,74.75,2026-09-07 08:31:47
3057,3057,billetera,34.36,2026-09-30 18:16:54
3058,3058,billetera,108.5,2026-09-23 13:34:59
3059,3059,tarjeta,71.82,2026-09-28 17:19:33
3060,3060,efectivo,38.51,2026-09-19 07:50:03
3061,3061,tarjeta,72.87,2026-09-28 13:30:11
3062,3062,billetera,34.57,2026-09-28 12:44:06
3063,3063,tarjeta,65.12,2026-09-07 17:14:08
3064,3064,billetera,41.93,2026-09-28 21:13:24
3065,3065,billetera,84.39,2026-09-12 16:08:44
3066,3066,tarjeta,32.79,2026-09-05 05:45:41
3067,3067,billetera,76.87,2026-09-27 09:29:51
3068,3068,tarjeta,16.01,2026-09-14 09:17:57
3069,3069,efectivo,70.4,2026-09-19 07:12:55
3070,3070,tarjeta,80.35,2026-09-26 21:07:38
3071,3071,billetera,26.87,2026-09-25 19:05:39
3072,3072,efectivo,123.99,2026-09-26 18:09:40
3073,3073,billetera,79.4,2026-09-06 22:31:07
3074,3074,efectivo,90.98,2026-09-21 14:05:24
3075,3075,tarjeta,50.72,2026-09-26 12:50:25
3076,3076,billetera,62.33,2026-09-25 13:12:41
3077,3077,tarjeta,67.12,2026-09-03 18:49:18
3078,3078,efectivo,37.96,2026-09-28 13:24:01
3079,3079,tarjeta,55.79,2026-09-28 23:59:34
3080,3080,billetera,18.9,2026-09-07 17:13:06
3081,3081,efectivo,65.11,2026-09-20 23:02:30
3082,3082,billetera,37.16,2026-09-07 21:24:46
3083,3083,efectivo,75.04,2026-09-27 00:30:42
3084,3084,tarjeta,68.82,2026-09-18 21:22:16
3085,3085,efectivo,61.92,2026-09-15 06:03:29
3086,3086,billetera,62.64,2026-09-09 13:55:37
3087,3087,billetera,23.88,2026-09-27 20:22:47
3088,3088,tarjeta,95.79,2026-09-12 18:24:18
3089,3089,efectivo,94.73,2026-09-16 09:50:50
3090,3090,efectivo,17.54,2026-09-30 05:53:38
3091,3091,billetera,44.66,2026-09-25 21:04:56
3092,3092,tarjeta,75.43,2026-09-10 23:11:43
3093,3093,efectivo,65.3,2026-09-05 08:42:17
3094,3094,efectivo,30.46,2026-09-30 15:31:32
3095,3095,efectivo,85.33,2026-09-03 21:17:10
3096,3096,tarjeta,68.16,2026-09-06 06:28:11
3097,3097,tarjeta,27.56,2026-09-14 07:12:36
3098,3098,tarjeta,62.32,2026-09-14 08:30:14
3099,3099,tarjeta,53.67,2026-09-23 03:52:08
3100,3100,efectivo,47.06,2026-09-30 17:20:29
3101,3101,efectivo,49.48,2026-09-10 17:35:13
3102,3102,billetera,38.11,2026-09-30 20:43:48
3103,3103,tarjeta,100.63,2026-09-01 15:16:10
3104,3104,efectivo,55.63,2026-09-18 12:25:06
3105,3105,efectivo,58.97,2026-09-24 20:57:48
3106,3106,billetera,44.27,2026-09-23 15:57:37
3107,3107,efectivo,68.92,2026-09-03 08:11:37
3108,3108,efectivo,63.81,2026-09-28 22:31:06
3109,3109,billetera,71.58,2026-09-04 07:36:33
3110,3110,efectivo,96.51,2026-09-28 12:04:28
3111,3111,efectivo,81.29,2026-09-11 18:16:39
3112,3112,efectivo,53.24,2026-09-17 07:08:50
3113,3113,efectivo,58.35,2026-09-04 19:42:50
3114,3114,tarjeta,91.96,2026-09-06 19:44:24
3115,3115,tarjeta,48.05,2026-09-07 12:47:02
3116,3116,billetera,120.29,2026-09-10 17:30:21
3117,3117,billetera,28.91,2026-09-18 15:23:16
3118,3118,tarjeta,94.6,2026-09-05 21:05:09
3119,3119,tarjeta,93.44,2026-09-24 13:46:25
3120,3120,efectivo,75.19,2026-09-20 06:56:48
3121,3121,billetera,55.28,2026-09-22 09:09:34
3122,3122,billetera,62.39,2026-09-07 21:20:33
3123,3123,billetera,34.84,2026-09-02 20:27:43
3124,3124,billetera,31.75,2026-09-04 18:44:54
3125,3125,tarjeta,83.21,2026-09-07 12:37:49
3126,3126,billetera,71.38,2026-09-05 06:49:29
3127,3127,efectivo,54.59,2026-09-28 10:41:23
3128,3128,billetera,29.69,2026-09-17 02:57:38
3129,3129,efectivo,74.38,2026-09-18 05:59:33
3130,3130,efectivo,72.09,2026-09-15 06:39:58
3131,3131,billetera,69.29,2026-09-01 09:26:55
3132,3132,tarjeta,84.93,2026-09-16 21:30:31
3133,3133,billetera,59.17,2026-09-08 19:49:45
3134,3134,efectivo,48.77,2026-09-19 14:51:36
3135,3135,billetera,23.32,2026-09-06 15:25:20
3136,3136,tarjeta,50.43,2026-09-02 20:26:24
3137,3137,tarjeta,74.39,2026-09-25 14:40:03
3138,3138,tarjeta,93.08,2026-09-14 08:59:30
3139,3139,tarjeta,83.11,2026-09-09 21:11:03
3140,3140,efectivo,26.64,2026-09-28 20:12:19
3141,3141,billetera,124.6,2026-09-06 08:51:22
3142,3142,tarjeta,124.4,2026-09-18 23:37:27
3143,3143,efectivo,79.92,2026-09-13 17:34:15
3144,3144,efectivo,109.62,2026-09-20 15:07:26
3145,3145,efectivo,47.75,2026-09-21 12:15:09
3146,3146,tarjeta,42.44,2026-09-23 17:00:06
3147,3147,efectivo,17.91,2026-09-03 21:17:50
3148,3148,tarjeta,35.21,2026-09-05 17:29:11
3149,3149,efectivo,18.73,2026-09-05 16:44:21
3150,3150,efectivo,51.49,2026-09-04 09:16:18
3151,3151,tarjeta,78.64,2026-09-28 13:35:18
3152,3152,efectivo,90.27,2026-09-25 14:03:35
3153,3153,efectivo,77.57,2026-09-07 19:47:03
3154,3154,efectivo,26.91,2026-09-11 10:25:24
3155,3155,tarjeta,113.88,2026-09-22 23:15:50
3156,3156,efectivo,57.69,2026-09-14 20:01:38
3157,3157,billetera,22.42,2026-09-19 12:14:41
3158,3158,efectivo,97.91,2026-09-12 09:34:46
3159,3159,efectivo,84.59,2026-09-30 12:01:45
3160,3160,billetera,93.49,2026-09-12 23:45:02
3161,3161,tarjeta,37.61,2026-09-02 18:26:42
3162,3162,tarjeta,74.33,2026-09-08 07:51:11
3163,3163,efectivo,93.86,2026-09-20 19:29:51
3164,3164,tarjeta,74.59,2026-09-02 09:29:47
3165,3165,tarjeta,70.99,2026-09-28 10:04:16
3166,3166,tarjeta,46.36,2026-09-03 22:06:22
3167,3167,efectivo,29.22,2026-09-05 21:59:37
3168,3168,efectivo,66.2,2026-09-26 19:16:04
3169,3169,tarjeta,22.01,2026-09-24 17:46:25
3170,3170,efectivo,104.53,2026-09-20 12:17:57
3171,3171,efectivo,73.5,2026-09-02 12:10:16
3172,3172,billetera,30.24,2026-09-12 13:26:42
3173,3173,efectivo,73.98,2026-09-11 11:20:57
3174,3174,billetera,21.1,2026-09-21 20:44:37
3175,3175,billetera,72.06,2026-09-21 12:02:43
3176,3176,efectivo,77.51,2026-09-22 08:23:18
3177,3177,billetera,78.28,2026-09-23 18:22:39
3178,3178,efectivo,46.79,2026-09-20 18:51:45
3179,3179,billetera,55.27,2026-09-11 07:55:52
3180,3180,billetera,19.92,2026-09-03 11:47:05
3181,3181,billetera,48.9,2026-09-29 21:04:53
3182,3182,efectivo,63.01,2026-09-20 18:25:35
3183,3183,billetera,103.09,2026-09-11 12:31:22
3184,3184,efectivo,44.36,2026-09-15 16:00:33
3185,3185,billetera,59.47,2026-09-04 07:48:39
3186,3186,tarjeta,32.23,2026-09-13 14:29:53
3187,3187,tarjeta,66.18,2026-09-17 22:02:23
3188,3188,billetera,105.72,2026-09-26 21:40:26
3189,3189,efectivo,100.56,2026-09-17 20:37:03
3190,3190,billetera,96.52,2026-09-20 13:20:46
3191,3191,efectivo,32.56,2026-09-02 10:26:09
3192,3192,billetera,69.65,2026-09-25 18:19:15
3193,3193,efectivo,75.96,2026-09-01 13:07:20
3194,3194,tarjeta,27.26,2026-09-13 21:06:01
3195,3195,billetera,24.1,2026-09-05 04:18:25
3196,3196,tarjeta,81.55,2026-09-19 16:38:04
3197,3197,billetera,60.64,2026-09-14 13:14:11
3198,3198,efectivo,97.42,2026-09-20 11:01:42
3199,3199,efectivo,21.65,2026-09-10 09:20:51
3200,3200,efectivo,99.9,2026-09-27 02:54:51
3201,3201,efectivo,75.81,2026-09-04 22:37:07
3202,3202,efectivo,111.85,2026-09-03 16:08:46
3203,3203,tarjeta,99.24,2026-09-15 09:33:10
3204,3204,tarjeta,87.85,2026-09-16 23:56:54
3205,3205,efectivo,36.9,2026-09-03 00:30:39
3206,3206,tarjeta,19.47,2026-09-07 12:51:04
3207,3207,tarjeta,69.54,2026-09-10 18:17:16
3208,3208,efectivo,25.29,2026-09-19 06:04:04
3209,3209,tarjeta,30.45,2026-09-24 22:19:15
3210,3210,efectivo,18.88,2026-09-21 17:31:34
3211,3211,billetera,57.71,2026-09-18 11:56:10
3212,3212,tarjeta,95.38,2026-09-15 03:06:59
3213,3213,billetera,92.38,2026-09-03 20:57:24
3214,3214,billetera,57.34,2026-09-09 13:04:12
3215,3215,tarjeta,58.31,2026-09-02 11:05:03
3216,3216,tarjeta,76.48,2026-09-05 14:45:45
3217,3217,tarjeta,23.94,2026-09-03 00:04:08
3218,3218,efectivo,96.17,2026-09-18 09:14:37
3219,3219,billetera,44.92,2026-09-28 07:45:10
3220,3220,efectivo,54.22,2026-09-30 07:23:19
3221,3221,efectivo,110.37,2026-09-15 20:36:34
3222,3222,billetera,73.49,2026-09-26 20:05:35
3223,3223,billetera,43.44,2026-09-01 23:36:02
3224,3224,tarjeta,114.86,2026-09-23 22:16:06
3225,3225,billetera,49.35,2026-09-14 20:32:10
3226,3226,tarjeta,16.17,2026-09-26 18:12:10
3227,3227,billetera,86.97,2026-09-30 08:23:58
3228,3228,efectivo,49.6,2026-09-26 14:57:14
3229,3229,efectivo,18.55,2026-09-20 23:19:58
3230,3230,efectivo,48.07,2026-09-20 00:50:33
3231,3231,tarjeta,46.1,2026-09-10 06:32:53
3232,3232,billetera,106.67,2026-09-27 14:25:19
3233,3233,efectivo,79.39,2026-09-11 18:35:19
3234,3234,efectivo,30.31,2026-09-14 19:18:17
3235,3235,tarjeta,19.19,2026-09-10 04:21:49
3236,3236,billetera,68.29,2026-09-20 14:11:50
3237,3237,billetera,72.31,2026-09-20 09:52:37
3238,3238,efectivo,93.87,2026-09-29 12:58:27
3239,3239,billetera,23.74,2026-09-25 07:15:00
3240,3240,billetera,57.42,2026-09-04 11:29:19
3241,3241,billetera,76.74,2026-09-09 16:33:43
3242,3242,tarjeta,61.77,2026-09-09 16:04:06
3243,3243,billetera,30.04,2026-09-19 21:38:55
3244,3244,efectivo,38.88,2026-09-18 20:38:00
3245,3245,tarjeta,91.97,2026-09-28 19:55:01
3246,3246,tarjeta,71.81,2026-09-02 21:38:42
3247,3247,tarjeta,51.62,2026-09-28 09:20:38
3248,3248,efectivo,34.9,2026-09-19 14:11:35
3249,3249,tarjeta,118.01,2026-09-23 21:24:59
3250,3250,tarjeta,84.5,2026-09-17 09:16:20
3251,3251,tarjeta,45.89,2026-09-09 12:05:18
3252,3252,tarjeta,100.15,2026-09-07 08:48:46
3253,3253,billetera,71.82,2026-09-27 14:23:47
3254,3254,efectivo,49.29,2026-09-08 21:26:09
3255,3255,billetera,66.33,2026-09-15 20:10:32
3256,3256,billetera,39.36,2026-09-16 13:55:06
3257,3257,billetera,115.38,2026-09-06 12:34:51
3258,3258,billetera,68.51,2026-09-22 21:38:12
3259,3259,tarjeta,103.46,2026-09-05 18:34:50
3260,3260,tarjeta,39.73,2026-09-22 09:06:55
3261,3261,efectivo,73.89,2026-09-20 17:42:19
3262,3262,tarjeta,15.35,2026-09-06 12:20:38
3263,3263,efectivo,38.64,2026-09-21 09:51:44
3264,3264,billetera,18.16,2026-09-19 13:45:22
3265,3265,billetera,77.69,2026-09-17 21:40:30
3266,3266,billetera,73.72,2026-09-30 12:50:53
3267,3267,tarjeta,46.07,2026-09-05 19:14:50
3268,3268,tarjeta,66.88,2026-09-29 16:54:21
3269,3269,tarjeta,70.01,2026-09-19 21:37:12
3270,3270,tarjeta,58.74,2026-09-04 13:53:11
3271,3271,efectivo,104.84,2026-09-29 20:36:26
3272,3272,efectivo,50.65,2026-09-20 19:31:33
3273,3273,efectivo,82.52,2026-09-14 15:24:16
3274,3274,tarjeta,81.24,2026-09-07 01:13:19
3275,3275,tarjeta,81.4,2026-09-08 19:41:52
3276,3276,efectivo,30.64,2026-09-17 17:29:34
3277,3277,tarjeta,101.16,2026-09-12 15:31:11
3278,3278,tarjeta,52.22,2026-09-07 13:54:33
3279,3279,tarjeta,48.39,2026-09-19 14:12:15
3280,3280,tarjeta,85.25,2026-09-14 22:35:00
3281,3281,tarjeta,50.79,2026-09-27 14:57:43
3282,3282,tarjeta,28.39,2026-09-27 18:22:45
3283,3283,billetera,25.09,2026-09-04 13:27:26
3284,3284,billetera,47.97,2026-09-26 17:59:47
3285,3285,tarjeta,65.69,2026-09-17 17:38:47
3286,3286,tarjeta,58.36,2026-09-17 16:29:18
3287,3287,billetera,73.82,2026-09-21 12:45:14
3288,3288,efectivo,22.46,2026-09-12 16:59:29
3289,3289,efectivo,90.97,2026-09-24 12:55:40
3290,3290,tarjeta,48.71,2026-09-04 21:13:09
3291,3291,efectivo,75.88,2026-09-29 21:08:06
3292,3292,billetera,85.36,2026-09-07 21:25:51
3293,3293,billetera,96.61,2026-09-03 21:39:37
3294,3294,tarjeta,71.43,2026-09-08 00:46:16
3295,3295,tarjeta,130.34,2026-09-15 16:51:53
3296,3296,tarjeta,44.59,2026-09-26 19:53:11
3297,3297,billetera,52.96,2026-09-23 12:53:33
3298,3298,efectivo,81.61,2026-09-24 09:04:05
3299,3299,efectivo,99.13,2026-09-30 20:54:41
3300,3300,efectivo,93.33,2026-09-09 12:06:13
3301,3301,billetera,86.82,2026-09-24 22:48:24
3302,3302,tarjeta,83.52,2026-09-20 11:42:49
3303,3303,tarjeta,95.74,2026-09-05 08:00:46
3304,3304,efectivo,63.57,2026-09-30 17:22:30
3305,3305,efectivo,46.03,2026-09-17 13:21:21
3306,3306,billetera,87.32,2026-09-21 06:11:22
3307,3307,tarjeta,15.14,2026-09-14 14:47:43
3308,3308,billetera,54.35,2026-09-22 20:32:02
3309,3309,efectivo,56.96,2026-09-10 17:17:46
3310,3310,billetera,30.46,2026-09-18 20:17:35
3311,3311,efectivo,83.22,2026-09-16 09:55:48
3312,3312,billetera,94.76,2026-09-24 21:01:22
3313,3313,billetera,88.39,2026-09-08 13:55:36
3314,3314,tarjeta,47.7,2026-09-25 17:52:42
3315,3315,efectivo,32.18,2026-09-27 21:20:31
3316,3316,billetera,80.83,2026-09-16 16:14:51
3317,3317,billetera,13.83,2026-09-29 08:30:06
3318,3318,efectivo,60.94,2026-09-18 21:49:56
3319,3319,tarjeta,29.47,2026-09-02 18:15:37
3320,3320,billetera,124.04,2026-09-27 15:38:23
3321,3321,billetera,55.38,2026-09-24 08:32:03
3322,3322,efectivo,65.27,2026-09-04 08:16:16
3323,3323,tarjeta,26.79,2026-09-15 13:22:41
3324,3324,billetera,88.76,2026-09-16 19:11:06
3325,3325,tarjeta,31.5,2026-09-05 18:40:07
3326,3326,efectivo,107.51,2026-09-20 20:29:27
3327,3327,billetera,79.2,2026-09-30 18:10:55
3328,3328,efectivo,71.29,2026-09-27 12:06:01
3329,3329,billetera,53.52,2026-09-03 14:40:00
3330,3330,tarjeta,93.99,2026-09-10 17:49:04
3331,3331,efectivo,50.23,2026-09-20 01:10:48
3332,3332,billetera,22.12,2026-09-20 18:59:06
3333,3333,tarjeta,93.7,2026-09-07 08:33:17
3334,3334,tarjeta,54.75,2026-09-21 11:47:37
3335,3335,billetera,64.01,2026-09-28 11:43:51
3336,3336,billetera,41.21,2026-09-01 11:10:07
3337,3337,billetera,22.87,2026-09-21 16:59:36
3338,3338,efectivo,93.43,2026-09-10 14:59:56
3339,3339,tarjeta,17.27,2026-09-15 06:40:42
3340,3340,billetera,110.49,2026-09-06 14:38:39
3341,3341,tarjeta,86.0,2026-09-11 13:12:44
3342,3342,billetera,72.92,2026-09-18 10:16:21
3343,3343,efectivo,48.68,2026-09-25 22:21:03
3344,3344,efectivo,44.77,2026-09-21 18:37:13
3345,3345,billetera,18.61,2026-09-27 11:44:23
3346,3346,tarjeta,27.56,2026-09-14 18:06:03
3347,3347,tarjeta,87.81,2026-09-07 21:40:19
3348,3348,tarjeta,58.17,2026-09-25 02:12:13
3349,3349,tarjeta,94.86,2026-09-19 21:42:15
3350,3350,efectivo,29.3,2026-09-07 16:12:19
3351,3351,efectivo,62.09,2026-09-11 16:27:26
3352,3352,efectivo,109.46,2026-09-13 13:07:05
3353,3353,tarjeta,35.34,2026-09-03 06:57:01
3354,3354,billetera,61.56,2026-09-14 10:10:34
3355,3355,tarjeta,32.14,2026-09-24 17:10:27
3356,3356,efectivo,52.48,2026-09-27 01:52:07
3357,3357,billetera,68.57,2026-09-27 19:22:12
3358,3358,tarjeta,64.5,2026-09-16 06:47:58
3359,3359,billetera,59.38,2026-09-25 10:29:06
3360,3360,efectivo,48.84,2026-09-21 16:26:20
3361,3361,tarjeta,71.84,2026-09-12 18:47:26
3362,3362,tarjeta,97.72,2026-09-01 11:12:07
3363,3363,tarjeta,81.41,2026-09-08 21:24:23
3364,3364,tarjeta,103.53,2026-09-21 17:05:37
3365,3365,efectivo,114.83,2026-09-09 08:12:16
3366,3366,billetera,70.4,2026-09-27 18:12:48
3367,3367,efectivo,79.51,2026-09-18 19:44:18
3368,3368,billetera,63.72,2026-09-09 14:08:14
3369,3369,efectivo,98.24,2026-09-05 13:40:29
3370,3370,efectivo,55.38,2026-09-18 11:41:02
3371,3371,tarjeta,51.52,2026-09-18 22:11:52
3372,3372,tarjeta,97.45,2026-09-17 17:42:51
3373,3373,tarjeta,56.19,2026-09-19 07:36:05
3374,3374,tarjeta,37.01,2026-09-13 14:28:40
3375,3375,billetera,62.84,2026-09-28 16:19:23
3376,3376,efectivo,101.14,2026-09-27 01:05:23
3377,3377,billetera,36.1,2026-09-10 21:31:44
3378,3378,efectivo,53.6,2026-09-06 14:26:33
3379,3379,tarjeta,114.49,2026-09-18 14:36:34
3380,3380,tarjeta,122.36,2026-09-04 11:40:00
3381,3381,efectivo,45.91,2026-09-20 18:35:03
3382,3382,efectivo,69.68,2026-09-13 16:16:53
3383,3383,billetera,82.35,2026-09-18 09:50:17
3384,3384,billetera,29.9,2026-09-10 21:30:42
3385,3385,efectivo,23.32,2026-09-02 19:00:17
3386,3386,tarjeta,36.29,2026-09-06 19:01:10
3387,3387,billetera,92.24,2026-09-17 17:39:06
3388,3388,tarjeta,66.69,2026-09-21 19:58:01
3389,3389,efectivo,25.96,2026-09-15 15:24:34
3390,3390,efectivo,42.78,2026-09-20 16:09:52
3391,3391,billetera,77.53,2026-09-08 17:18:26
3392,3392,tarjeta,24.27,2026-09-06 16:17:17
3393,3393,billetera,34.12,2026-09-29 13:36:57
3394,3394,efectivo,43.58,2026-09-23 20:34:12
3395,3395,efectivo,92.64,2026-09-14 18:47:22
3396,3396,billetera,57.17,2026-09-24 16:21:39
3397,3397,efectivo,82.51,2026-09-16 02:30:55
3398,3398,tarjeta,26.85,2026-09-29 18:10:03
3399,3399,tarjeta,112.62,2026-09-19 19:38:15
3400,3400,tarjeta,76.16,2026-09-28 13:24:23
3401,3401,billetera,103.91,2026-09-23 10:11:18
3402,3402,efectivo,17.52,2026-09-30 09:10:23
3403,3403,tarjeta,50.56,2026-09-01 18:42:35
3404,3404,efectivo,31.04,2026-09-19 18:51:33
3405,3405,tarjeta,35.51,2026-09-27 18:17:12
3406,3406,efectivo,16.2,2026-09-18 06:46:08
3407,3407,billetera,39.48,2026-09-02 10:24:45
3408,3408,efectivo,27.81,2026-09-14 06:21:47
3409,3409,efectivo,100.27,2026-09-18 13:04:51
3410,3410,billetera,106.96,2026-09-05 05:56:07
3411,3411,billetera,30.22,2026-09-02 11:37:00
3412,3412,efectivo,43.45,2026-09-17 23:40:41
3413,3413,tarjeta,42.82,2026-09-14 18:16:19
3414,3414,efectivo,46.43,2026-09-25 08:05:45
3415,3415,efectivo,105.35,2026-09-30 22:01:48
3416,3416,billetera,87.47,2026-09-29 19:05:00
3417,3417,tarjeta,17.22,2026-09-29 05:48:55
3418,3418,billetera,36.69,2026-09-25 20:40:48
3419,3419,tarjeta,95.33,2026-09-03 09:15:47
3420,3420,efectivo,76.99,2026-09-03 08:37:54
3421,3421,billetera,96.39,2026-09-25 13:05:38
3422,3422,efectivo,31.6,2026-09-25 17:00:38
3423,3423,tarjeta,96.38,2026-09-10 19:58:59
3424,3424,tarjeta,105.25,2026-09-18 11:08:51
3425,3425,tarjeta,83.38,2026-09-01 14:03:35
3426,3426,efectivo,88.64,2026-09-05 15:46:42
3427,3427,tarjeta,33.94,2026-09-20 19:19:44
3428,3428,tarjeta,87.59,2026-09-01 15:14:19
3429,3429,efectivo,29.64,2026-09-04 08:49:01
3430,3430,billetera,36.22,2026-09-06 08:50:53
3431,3431,tarjeta,82.79,2026-09-19 16:54:22
3432,3432,billetera,17.2,2026-09-18 07:46:18
3433,3433,tarjeta,90.08,2026-09-13 21:53:52
3434,3434,tarjeta,96.17,2026-09-03 08:51:34
3435,3435,tarjeta,114.71,2026-09-21 07:38:23
3436,3436,tarjeta,96.77,2026-09-15 13:34:59
3437,3437,efectivo,47.41,2026-09-22 05:51:56
3438,3438,efectivo,94.09,2026-09-26 13:50:15
3439,3439,billetera,74.31,2026-09-09 15:59:54
3440,3440,efectivo,56.02,2026-09-14 20:44:45
3441,3441,efectivo,54.83,2026-09-14 18:21:03
3442,3442,efectivo,92.07,2026-09-02 19:19:29
3443,3443,tarjeta,52.67,2026-09-20 19:24:34
3444,3444,efectivo,107.5,2026-09-11 23:45:23
3445,3445,tarjeta,67.25,2026-09-04 03:12:48
3446,3446,billetera,63.97,2026-09-29 12:30:20
3447,3447,tarjeta,78.6,2026-09-20 22:41:29
3448,3448,tarjeta,83.75,2026-09-05 07:37:09
3449,3449,billetera,73.02,2026-09-01 17:47:45
3450,3450,efectivo,76.41,2026-09-05 08:39:09
3451,3451,efectivo,91.81,2026-09-02 17:29:45
3452,3452,billetera,20.87,2026-09-14 19:47:24
3453,3453,billetera,72.11,2026-09-06 16:46:33
3454,3454,efectivo,21.44,2026-09-01 07:21:11
3455,3455,efectivo,66.57,2026-09-07 15:52:19
3456,3456,efectivo,14.67,2026-09-02 16:40:37
3457,3457,efectivo,66.5,2026-09-07 16:42:27
3458,3458,billetera,100.95,2026-09-28 10:15:20
3459,3459,tarjeta,79.23,2026-09-18 09:25:02
3460,3460,billetera,98.61,2026-09-13 11:38:12
3461,3461,billetera,29.36,2026-09-12 11:38:18
3462,3462,billetera,28.25,2026-09-24 12:05:01
3463,3463,billetera,65.86,2026-09-27 08:24:24
3464,3464,efectivo,82.33,2026-09-21 14:37:45
3465,3465,billetera,57.04,2026-09-27 20:51:39
3466,3466,tarjeta,37.46,2026-09-18 05:16:50
3467,3467,tarjeta,65.12,2026-09-04 20:44:21
3468,3468,tarjeta,91.78,2026-09-20 18:20:51
3469,3469,billetera,47.92,2026-09-01 18:48:27
3470,3470,billetera,40.27,2026-09-06 16:17:01
3471,3471,billetera,74.45,2026-09-29 17:29:23
3472,3472,billetera,105.14,2026-09-29 16:18:24
3473,3473,tarjeta,61.54,2026-09-21 11:05:08
3474,3474,efectivo,107.3,2026-09-25 08:05:23
3475,3475,efectivo,47.16,2026-09-13 22:39:12
3476,3476,efectivo,65.42,2026-09-27 14:58:53
3477,3477,billetera,81.81,2026-09-27 15:44:11
3478,3478,tarjeta,70.81,2026-09-23 17:48:18
3479,3479,tarjeta,98.07,2026-09-01 12:32:53
3480,3480,tarjeta,15.19,2026-09-11 15:00:41
3481,3481,billetera,57.28,2026-09-09 15:20:15
3482,3482,efectivo,19.33,2026-09-30 08:11:21
3483,3483,tarjeta,35.76,2026-09-10 21:54:50
3484,3484,efectivo,23.64,2026-09-19 10:19:10
3485,3485,billetera,23.93,2026-09-15 10:42:51
3486,3486,efectivo,115.55,2026-09-18 16:18:00
3487,3487,tarjeta,74.65,2026-09-12 02:29:10
3488,3488,efectivo,47.36,2026-09-09 13:03:20
3489,3489,efectivo,47.97,2026-09-04 09:04:50
3490,3490,tarjeta,97.48,2026-09-09 12:05:24
3491,3491,tarjeta,73.51,2026-09-18 16:40:20
3492,3492,tarjeta,110.23,2026-09-25 13:41:43
3493,3493,efectivo,68.32,2026-09-12 10:01:26
3494,3494,tarjeta,125.39,2026-09-11 19:11:22
3495,3495,billetera,79.56,2026-09-18 17:40:52
3496,3496,tarjeta,23.75,2026-09-18 15:06:06
3497,3497,efectivo,79.11,2026-09-11 07:05:16
3498,3498,tarjeta,56.01,2026-09-05 12:41:21
3499,3499,billetera,64.97,2026-09-30 03:37:04
3500,3500,billetera,30.82,2026-09-07 17:42:51
3501,3501,efectivo,46.9,2026-09-17 20:07:59
3502,3502,tarjeta,59.19,2026-09-02 15:46:53
3503,3503,efectivo,29.75,2026-09-18 19:01:19
3504,3504,efectivo,54.26,2026-09-22 21:25:53
3505,3505,efectivo,74.64,2026-09-01 12:44:40
3506,3506,tarjeta,63.56,2026-09-13 08:42:33
3507,3507,tarjeta,77.71,2026-09-21 16:06:44
3508,3508,billetera,58.27,2026-09-14 01:13:20
3509,3509,efectivo,67.37,2026-09-09 17:03:52
3510,3510,tarjeta,77.8,2026-09-15 20:51:00
3511,3511,tarjeta,62.41,2026-09-07 10:14:50
3512,3512,efectivo,70.52,2026-09-08 00:21:04
3513,3513,tarjeta,44.73,2026-09-08 13:58:24
3514,3514,tarjeta,92.82,2026-09-25 09:05:20
3515,3515,efectivo,38.64,2026-09-22 14:40:43
3516,3516,tarjeta,30.15,2026-09-17 06:42:28
3517,3517,efectivo,52.55,2026-09-01 17:46:02
3518,3518,tarjeta,61.04,2026-09-16 09:24:41
3519,3519,tarjeta,45.83,2026-09-10 17:24:23
3520,3520,efectivo,43.9,2026-09-23 09:51:58
3521,3521,tarjeta,41.63,2026-09-24 12:16:13
3522,3522,billetera,40.2,2026-09-01 20:37:47
3523,3523,tarjeta,75.56,2026-09-01 10:26:03
3524,3524,efectivo,105.47,2026-09-27 17:11:33
3525,3525,tarjeta,71.16,2026-09-01 19:09:44
3526,3526,billetera,46.74,2026-09-18 19:26:38
3527,3527,efectivo,90.34,2026-09-14 22:51:11
3528,3528,tarjeta,30.96,2026-09-04 20:03:08
3529,3529,tarjeta,82.4,2026-09-15 12:33:17
3530,3530,billetera,55.62,2026-09-08 15:52:52
3531,3531,efectivo,53.81,2026-09-30 19:12:38
3532,3532,efectivo,38.48,2026-09-25 13:07:05
3533,3533,efectivo,45.52,2026-09-11 04:09:48
3534,3534,efectivo,17.0,2026-09-17 17:37:31
3535,3535,billetera,110.0,2026-09-02 21:14:51
3536,3536,efectivo,65.89,2026-09-22 13:33:48
3537,3537,efectivo,85.14,2026-09-30 09:35:03
3538,3538,billetera,46.04,2026-09-09 14:26:15
3539,3539,billetera,27.77,2026-09-22 13:56:39
3540,3540,billetera,82.2,2026-09-12 21:14:08
3541,3541,efectivo,50.95,2026-09-04 15:48:26
3542,3542,billetera,87.96,2026-09-10 09:42:23
3543,3543,billetera,86.92,2026-09-27 16:35:55
3544,3544,billetera,48.81,2026-09-12 14:13:55
3545,3545,efectivo,56.77,2026-09-02 11:11:29
3546,3546,efectivo,63.55,2026-09-26 21:18:53
3547,3547,efectivo,89.99,2026-09-03 09:46:52
3548,3548,tarjeta,103.54,2026-09-15 11:58:07
3549,3549,tarjeta,13.71,2026-09-17 20:37:57
3550,3550,efectivo,49.61,2026-09-26 20:17:02
3551,3551,efectivo,98.88,2026-09-09 10:49:26
3552,3552,billetera,22.34,2026-09-15 14:02:20
3553,3553,tarjeta,58.82,2026-09-23 19:51:02
3554,3554,tarjeta,96.45,2026-09-06 16:40:02
3555,3555,efectivo,15.18,2026-09-14 23:57:42
3556,3556,billetera,120.94,2026-09-13 04:10:41
3557,3557,billetera,123.95,2026-09-22 22:45:25
3558,3558,billetera,24.08,2026-09-06 18:39:43
3559,3559,billetera,50.64,2026-09-11 15:55:02
3560,3560,billetera,50.66,2026-09-04 16:14:46
3561,3561,billetera,121.31,2026-09-19 17:33:22
3562,3562,billetera,38.38,2026-09-30 13:53:48
3563,3563,tarjeta,46.6,2026-09-24 20:27:55
3564,3564,efectivo,27.32,2026-09-21 21:19:23
3565,3565,billetera,19.36,2026-09-09 20:54:12
3566,3566,efectivo,86.29,2026-09-30 10:36:15
3567,3567,billetera,40.81,2026-09-09 08:14:19
3568,3568,billetera,79.26,2026-09-05 19:09:47
3569,3569,billetera,120.06,2026-09-16 19:07:10
3570,3570,efectivo,77.28,2026-09-12 07:43:38
3571,3571,efectivo,46.14,2026-09-21 11:25:00
3572,3572,efectivo,77.26,2026-09-26 20:35:46
3573,3573,efectivo,48.8,2026-09-05 04:22:44
3574,3574,billetera,86.73,2026-09-11 12:36:55
3575,3575,efectivo,33.63,2026-09-15 01:37:36
3576,3576,billetera,65.66,2026-09-26 23:26:03
3577,3577,tarjeta,72.71,2026-09-20 13:21:35
3578,3578,tarjeta,115.35,2026-09-12 14:56:39
3579,3579,efectivo,40.59,2026-09-19 20:11:04
3580,3580,efectivo,85.32,2026-09-09 06:00:46
3581,3581,tarjeta,22.26,2026-09-29 08:11:34
3582,3582,billetera,50.92,2026-09-25 21:56:52
3583,3583,efectivo,89.48,2026-09-17 20:48:42
3584,3584,billetera,110.56,2026-09-09 09:51:19
3585,3585,tarjeta,36.31,2026-09-18 10:09:39
3586,3586,tarjeta,67.0,2026-09-20 03:25:48
3587,3587,tarjeta,70.12,2026-09-08 10:23:55
3588,3588,billetera,71.41,2026-09-06 06:43:10
3589,3589,billetera,35.6,2026-09-15 06:32:17
3590,3590,tarjeta,103.65,2026-09-08 19:26:03
3591,3591,efectivo,58.25,2026-09-12 10:52:31
3592,3592,billetera,60.44,2026-09-30 07:31:08
3593,3593,efectivo,35.99,2026-09-03 18:25:42
3594,3594,billetera,39.12,2026-09-30 12:15:01
3595,3595,efectivo,55.41,2026-09-09 10:15:49
3596,3596,billetera,30.8,2026-09-18 15:13:33
3597,3597,billetera,76.41,2026-09-28 16:12:47
3598,3598,efectivo,81.55,2026-09-19 12:06:59
3599,3599,billetera,57.63,2026-09-17 16:20:58
3600,3600,efectivo,89.4,2026-09-26 10:07:40
3601,3601,billetera,72.92,2026-09-06 14:21:34
3602,3602,tarjeta,112.13,2026-09-02 12:50:45
3603,3603,efectivo,41.85,2026-09-26 19:30:38
3604,3604,efectivo,71.68,2026-09-15 12:02:37
3605,3605,tarjeta,16.43,2026-09-08 04:29:21
3606,3606,efectivo,28.74,2026-09-11 12:14:44
3607,3607,efectivo,75.78,2026-09-05 16:15:57
3608,3608,billetera,39.99,2026-09-10 08:57:55
3609,3609,billetera,84.02,2026-09-14 19:42:31
3610,3610,billetera,113.85,2026-09-29 14:40:59
3611,3611,billetera,27.41,2026-09-13 17:43:15
3612,3612,efectivo,83.56,2026-09-12 12:40:04
3613,3613,tarjeta,85.23,2026-09-04 16:43:18
3614,3614,efectivo,49.15,2026-09-04 19:05:11
3615,3615,billetera,89.63,2026-09-13 10:35:17
3616,3616,efectivo,75.45,2026-09-11 17:34:18
3617,3617,billetera,43.11,2026-09-27 11:21:15
3618,3618,billetera,29.76,2026-09-24 22:13:31
3619,3619,tarjeta,64.08,2026-09-23 10:23:26
3620,3620,billetera,103.25,2026-09-01 05:12:14
3621,3621,efectivo,99.25,2026-09-29 22:11:36
3622,3622,tarjeta,111.84,2026-09-30 12:07:20
3623,3623,tarjeta,102.74,2026-09-14 09:03:38
3624,3624,billetera,30.01,2026-09-27 18:13:39
3625,3625,tarjeta,24.94,2026-09-04 18:57:15
3626,3626,billetera,106.67,2026-09-03 09:18:37
3627,3627,tarjeta,89.0,2026-09-07 21:29:37
3628,3628,efectivo,25.85,2026-09-11 08:46:52
3629,3629,tarjeta,26.47,2026-09-07 18:32:56
3630,3630,tarjeta,92.52,2026-09-22 14:55:49
3631,3631,billetera,15.29,2026-09-24 16:41:23
3632,3632,tarjeta,14.16,2026-09-02 12:01:48
3633,3633,efectivo,76.41,2026-09-04 12:26:35
3634,3634,tarjeta,81.89,2026-09-11 18:41:40
3635,3635,billetera,82.59,2026-09-07 10:01:56
3636,3636,efectivo,48.05,2026-09-24 23:46:23
3637,3637,efectivo,78.25,2026-09-12 14:22:24
3638,3638,efectivo,42.0,2026-09-29 08:42:38
3639,3639,billetera,88.27,2026-09-10 19:24:33
3640,3640,efectivo,65.09,2026-09-28 20:09:28
3641,3641,tarjeta,69.83,2026-09-30 21:34:31
3642,3642,efectivo,77.05,2026-09-24 09:43:51
3643,3643,tarjeta,29.84,2026-09-14 21:42:27
3644,3644,efectivo,117.11,2026-09-24 19:23:05
3645,3645,billetera,53.21,2026-09-21 19:00:13
3646,3646,billetera,34.85,2026-09-22 19:07:29
3647,3647,efectivo,49.5,2026-09-18 19:02:27
3648,3648,billetera,112.9,2026-09-01 19:20:21
3649,3649,billetera,13.62,2026-09-19 17:21:53
3650,3650,efectivo,19.45,2026-09-25 13:16:38
3651,3651,tarjeta,64.31,2026-09-26 08:57:11
3652,3652,efectivo,83.24,2026-09-17 10:08:31
3653,3653,efectivo,70.32,2026-09-01 06:16:57
3654,3654,efectivo,45.33,2026-09-15 21:45:15
3655,3655,tarjeta,27.62,2026-09-20 18:29:24
3656,3656,efectivo,84.54,2026-09-14 21:08:12
3657,3657,billetera,79.36,2026-09-02 15:35:59
3658,3658,billetera,25.4,2026-09-07 20:06:40
3659,3659,billetera,84.01,2026-09-19 23:59:20
3660,3660,billetera,81.85,2026-09-19 05:37:23
3661,3661,tarjeta,57.34,2026-09-13 05:47:33
3662,3662,billetera,36.5,2026-09-09 18:06:13
3663,3663,efectivo,28.34,2026-09-28 21:16:27
3664,3664,billetera,32.73,2026-09-02 17:42:49
3665,3665,efectivo,116.45,2026-09-19 02:24:11
3666,3666,tarjeta,15.55,2026-09-18 16:46:50
3667,3667,billetera,37.36,2026-09-02 11:27:52
3668,3668,tarjeta,119.29,2026-09-26 17:49:20
3669,3669,tarjeta,19.34,2026-09-23 23:22:53
3670,3670,efectivo,23.92,2026-09-13 21:37:15
3671,3671,tarjeta,40.34,2026-09-09 09:30:27
3672,3672,tarjeta,48.36,2026-09-05 12:02:05
3673,3673,billetera,102.24,2026-09-20 21:21:49
3674,3674,tarjeta,46.29,2026-09-03 20:02:55
3675,3675,efectivo,50.5,2026-09-20 20:26:41
3676,3676,billetera,73.68,2026-09-01 09:36:53
3677,3677,tarjeta,103.41,2026-09-28 16:25:29
3678,3678,tarjeta,63.32,2026-09-07 08:17:39
3679,3679,tarjeta,24.45,2026-09-12 09:32:39
3680,3680,billetera,86.49,2026-09-15 21:54:02
3681,3681,tarjeta,42.78,2026-09-23 07:40:04
3682,3682,billetera,68.27,2026-09-06 19:45:08
3683,3683,tarjeta,97.21,2026-09-11 11:02:27
3684,3684,efectivo,43.05,2026-09-21 10:43:18
3685,3685,efectivo,109.12,2026-09-25 07:41:43
3686,3686,billetera,56.9,2026-09-27 11:35:40
3687,3687,billetera,21.31,2026-09-24 20:50:17
3688,3688,efectivo,76.33,2026-09-02 17:51:05
3689,3689,billetera,70.63,2026-09-18 16:54:05
3690,3690,efectivo,89.46,2026-09-21 00:30:53
3691,3691,efectivo,105.37,2026-09-10 17:32:01
3692,3692,tarjeta,44.33,2026-09-15 13:22:44
3693,3693,tarjeta,73.43,2026-09-20 16:12:29
3694,3694,tarjeta,113.63,2026-09-28 22:27:36
3695,3695,efectivo,35.97,2026-09-27 12:55:00
3696,3696,efectivo,37.63,2026-09-11 19:07:10
3697,3697,efectivo,54.21,2026-09-03 20:07:49
3698,3698,tarjeta,98.11,2026-09-01 12:14:07
3699,3699,billetera,80.23,2026-09-09 20:24:11
3700,3700,billetera,25.13,2026-09-13 16:06:53
3701,3701,efectivo,65.1,2026-09-10 09:51:59
3702,3702,tarjeta,25.81,2026-09-17 08:34:13
3703,3703,billetera,45.48,2026-09-17 20:57:40
3704,3704,efectivo,20.43,2026-09-16 15:31:33
3705,3705,efectivo,101.46,2026-09-02 21:52:19
3706,3706,billetera,59.86,2026-09-03 20:16:04
3707,3707,tarjeta,32.3,2026-09-17 07:18:31
3708,3708,billetera,92.39,2026-09-27 22:39:35
3709,3709,tarjeta,105.26,2026-09-09 09:33:38
3710,3710,efectivo,17.96,2026-09-27 19:44:10
3711,3711,billetera,33.52,2026-09-22 23:39:00
3712,3712,efectivo,130.22,2026-09-02 10:34:24
3713,3713,billetera,26.91,2026-09-16 13:44:51
3714,3714,efectivo,45.87,2026-09-21 22:51:03
3715,3715,billetera,31.92,2026-09-03 20:37:13
3716,3716,tarjeta,16.54,2026-09-06 13:37:13
3717,3717,billetera,45.04,2026-09-21 11:52:05
3718,3718,efectivo,119.07,2026-09-09 10:12:57
3719,3719,tarjeta,76.78,2026-09-18 13:19:07
3720,3720,billetera,15.4,2026-09-05 12:42:11
3721,3721,efectivo,70.85,2026-09-28 09:06:48
3722,3722,tarjeta,61.21,2026-09-07 08:42:40
3723,3723,efectivo,95.12,2026-09-29 18:17:37
3724,3724,efectivo,26.77,2026-09-13 18:53:19
3725,3725,tarjeta,60.92,2026-09-05 07:12:41
3726,3726,tarjeta,94.53,2026-09-09 22:22:47
3727,3727,billetera,47.65,2026-09-17 17:14:08
3728,3728,efectivo,44.64,2026-09-04 03:46:40
3729,3729,tarjeta,41.85,2026-09-04 12:55:54
3730,3730,efectivo,84.75,2026-09-11 07:45:51
3731,3731,billetera,52.33,2026-09-29 11:21:36
3732,3732,billetera,93.8,2026-09-20 15:28:36
3733,3733,billetera,117.16,2026-09-25 12:22:50
3734,3734,efectivo,111.44,2026-09-24 19:17:40
3735,3735,billetera,60.01,2026-09-06 03:09:24
3736,3736,tarjeta,79.68,2026-09-19 14:24:35
3737,3737,tarjeta,20.53,2026-09-20 14:47:45
3738,3738,billetera,24.67,2026-09-18 16:36:06
3739,3739,tarjeta,70.58,2026-09-12 17:34:29
3740,3740,tarjeta,68.31,2026-09-11 23:24:51
3741,3741,tarjeta,114.72,2026-09-20 08:37:10
3742,3742,billetera,65.78,2026-09-04 12:28:38
3743,3743,tarjeta,109.47,2026-09-11 15:42:26
3744,3744,billetera,37.62,2026-09-22 11:42:39
3745,3745,tarjeta,31.36,2026-09-08 14:22:58
3746,3746,billetera,107.09,2026-09-23 15:03:50
3747,3747,billetera,74.75,2026-09-21 08:52:01
3748,3748,billetera,95.97,2026-09-22 10:33:32
3749,3749,efectivo,93.85,2026-09-28 12:57:19
3750,3750,tarjeta,36.07,2026-09-23 14:29:14
3751,3751,efectivo,56.32,2026-09-01 08:18:36
3752,3752,tarjeta,38.18,2026-09-21 18:08:23
3753,3753,efectivo,49.28,2026-09-30 00:08:47
3754,3754,tarjeta,64.86,2026-09-19 16:21:54
3755,3755,efectivo,64.3,2026-09-28 12:02:51
3756,3756,billetera,87.47,2026-09-23 09:33:21
3757,3757,efectivo,63.17,2026-09-20 23:37:58
3758,3758,billetera,60.41,2026-09-01 10:26:21
3759,3759,billetera,15.0,2026-09-02 07:00:13
3760,3760,tarjeta,81.44,2026-09-16 22:27:37
3761,3761,billetera,106.36,2026-09-29 20:54:56
3762,3762,tarjeta,35.62,2026-09-27 10:43:46
3763,3763,tarjeta,75.22,2026-09-25 12:50:19
3764,3764,tarjeta,67.53,2026-09-10 09:10:13
3765,3765,billetera,61.31,2026-09-01 18:45:49
3766,3766,efectivo,78.77,2026-09-09 00:32:22
3767,3767,efectivo,48.52,2026-09-17 12:59:30
3768,3768,efectivo,86.97,2026-09-10 15:17:57
3769,3769,billetera,53.67,2026-09-29 13:49:41
3770,3770,tarjeta,49.25,2026-09-09 14:58:03
3771,3771,tarjeta,24.46,2026-09-09 05:45:57
3772,3772,tarjeta,42.08,2026-09-21 15:41:17
3773,3773,efectivo,18.42,2026-09-09 15:52:59
3774,3774,efectivo,80.74,2026-09-02 22:30:39
3775,3775,tarjeta,65.36,2026-09-10 16:38:11
3776,3776,efectivo,38.16,2026-09-18 09:10:39
3777,3777,billetera,23.63,2026-09-10 14:20:50
3778,3778,efectivo,86.22,2026-09-29 22:56:35
3779,3779,efectivo,54.71,2026-09-19 23:07:29
3780,3780,efectivo,46.04,2026-09-18 23:03:52
3781,3781,tarjeta,26.86,2026-09-25 06:02:29
3782,3782,efectivo,54.55,2026-09-07 05:52:02
3783,3783,tarjeta,21.27,2026-09-19 20:16:04
3784,3784,billetera,52.24,2026-09-27 13:47:39
3785,3785,billetera,29.16,2026-09-25 12:29:30
3786,3786,billetera,45.3,2026-09-19 20:55:32
3787,3787,tarjeta,102.25,2026-09-22 17:22:10
3788,3788,tarjeta,88.41,2026-09-22 19:21:21
3789,3789,billetera,31.41,2026-09-28 12:19:48
3790,3790,tarjeta,105.57,2026-09-16 19:25:55
3791,3791,billetera,18.2,2026-09-21 19:32:58
3792,3792,efectivo,79.46,2026-09-28 15:30:28
3793,3793,efectivo,78.38,2026-09-01 11:32:52
3794,3794,billetera,60.14,2026-09-21 09:50:18
3795,3795,efectivo,52.15,2026-09-19 10:13:46
3796,3796,efectivo,24.77,2026-09-06 21:04:39
3797,3797,efectivo,38.05,2026-09-09 20:08:00
3798,3798,billetera,85.42,2026-09-18 12:15:22
3799,3799,efectivo,93.67,2026-09-27 00:43:15
3800,3800,billetera,109.48,2026-09-10 09:54:10
3801,3801,tarjeta,62.06,2026-09-24 05:53:04
3802,3802,billetera,110.14,2026-09-12 21:40:10
3803,3803,billetera,58.55,2026-09-05 18:31:23
3804,3804,tarjeta,48.69,2026-09-06 10:36:38
3805,3805,tarjeta,52.23,2026-09-19 07:10:53
3806,3806,billetera,113.28,2026-09-10 14:54:13
3807,3807,efectivo,65.84,2026-09-25 19:09:17
3808,3808,billetera,69.38,2026-09-01 15:16:08
3809,3809,billetera,69.22,2026-09-01 09:53:44
3810,3810,tarjeta,44.48,2026-09-07 14:19:14
3811,3811,tarjeta,16.5,2026-09-19 08:20:22
3812,3812,efectivo,34.16,2026-09-10 17:51:15
3813,3813,billetera,105.83,2026-09-21 21:20:53
3814,3814,efectivo,69.06,2026-09-16 11:04:28
3815,3815,billetera,22.52,2026-09-05 15:37:14
3816,3816,billetera,117.22,2026-09-19 09:54:11
3817,3817,efectivo,39.69,2026-09-17 09:42:08
3818,3818,tarjeta,40.46,2026-09-09 11:17:48
3819,3819,efectivo,90.41,2026-09-18 12:40:30
3820,3820,tarjeta,113.27,2026-09-25 20:32:33
3821,3821,tarjeta,64.79,2026-09-28 16:34:22
3822,3822,efectivo,81.09,2026-09-22 23:17:06
3823,3823,efectivo,35.0,2026-09-17 14:25:53
3824,3824,tarjeta,81.43,2026-09-20 18:48:06
3825,3825,efectivo,121.61,2026-09-25 03:38:27
3826,3826,efectivo,55.94,2026-09-02 21:36:29
3827,3827,efectivo,104.96,2026-09-27 12:05:15
3828,3828,tarjeta,40.15,2026-09-30 06:55:41
3829,3829,efectivo,33.83,2026-09-15 11:00:02
3830,3830,tarjeta,103.21,2026-09-07 10:28:48
3831,3831,billetera,16.08,2026-09-13 04:55:03
3832,3832,efectivo,92.96,2026-09-25 10:13:15
3833,3833,billetera,116.22,2026-09-05 18:43:46
3834,3834,tarjeta,82.73,2026-09-09 09:47:49
3835,3835,efectivo,93.07,2026-09-23 18:01:52
3836,3836,billetera,101.04,2026-09-14 17:47:19
3837,3837,efectivo,39.39,2026-09-04 22:19:17
3838,3838,tarjeta,58.04,2026-09-07 17:14:45
3839,3839,tarjeta,45.06,2026-09-17 18:53:52
3840,3840,efectivo,91.18,2026-09-06 21:34:31
3841,3841,billetera,96.55,2026-09-08 09:55:04
3842,3842,billetera,113.74,2026-09-07 18:48:34
3843,3843,tarjeta,42.47,2026-09-29 16:20:52
3844,3844,efectivo,77.18,2026-09-13 19:12:54
3845,3845,tarjeta,76.88,2026-09-12 20:48:08
3846,3846,billetera,105.74,2026-09-15 21:15:13
3847,3847,efectivo,114.01,2026-09-22 21:17:41
3848,3848,billetera,21.57,2026-09-19 11:05:39
3849,3849,billetera,73.31,2026-09-09 15:38:02
3850,3850,billetera,73.14,2026-09-14 18:19:03
3851,3851,efectivo,54.88,2026-09-24 20:35:08
3852,3852,efectivo,66.16,2026-09-28 20:34:10
3853,3853,efectivo,39.27,2026-09-15 04:04:08
3854,3854,billetera,126.84,2026-09-26 21:38:56
3855,3855,tarjeta,31.93,2026-09-07 12:36:46
3856,3856,efectivo,116.83,2026-09-14 20:01:21
3857,3857,tarjeta,27.36,2026-09-18 16:33:24
3858,3858,efectivo,48.34,2026-09-02 12:58:22
3859,3859,tarjeta,27.3,2026-09-26 22:37:24
3860,3860,tarjeta,80.79,2026-09-28 13:00:09
3861,3861,billetera,42.42,2026-09-09 10:02:09
3862,3862,billetera,63.18,2026-09-09 19:20:56
3863,3863,billetera,79.54,2026-09-17 17:38:22
3864,3864,efectivo,117.6,2026-09-23 20:06:53
3865,3865,tarjeta,98.98,2026-09-01 15:41:59
3866,3866,efectivo,28.93,2026-09-12 11:17:11
3867,3867,tarjeta,29.02,2026-09-20 20:35:28
3868,3868,tarjeta,47.15,2026-09-17 18:11:22
3869,3869,billetera,114.18,2026-09-24 14:37:21
3870,3870,tarjeta,73.65,2026-09-09 09:41:16
3871,3871,efectivo,94.54,2026-09-24 21:40:39
3872,3872,efectivo,47.56,2026-09-08 07:50:46
3873,3873,tarjeta,40.98,2026-09-13 08:43:39
3874,3874,tarjeta,23.72,2026-09-28 11:08:40
3875,3875,efectivo,70.86,2026-09-19 19:00:30
3876,3876,efectivo,24.78,2026-09-28 19:48:17
3877,3877,tarjeta,67.51,2026-09-23 13:28:09
3878,3878,billetera,41.38,2026-09-22 10:07:34
3879,3879,efectivo,45.38,2026-09-18 02:03:31
3880,3880,efectivo,71.62,2026-09-07 23:34:44
3881,3881,billetera,34.27,2026-09-19 18:19:51
3882,3882,tarjeta,101.67,2026-09-06 20:13:00
3883,3883,tarjeta,103.35,2026-09-28 18:59:32
3884,3884,efectivo,61.03,2026-09-06 18:54:14
3885,3885,tarjeta,79.11,2026-09-20 04:27:58
3886,3886,billetera,70.43,2026-09-22 00:20:50
3887,3887,tarjeta,82.82,2026-09-14 14:28:46
3888,3888,billetera,88.67,2026-09-08 23:39:24
3889,3889,billetera,54.68,2026-09-29 17:16:34
3890,3890,tarjeta,117.88,2026-09-21 19:08:31
3891,3891,tarjeta,123.81,2026-09-17 14:10:48
3892,3892,billetera,84.26,2026-09-22 18:31:59
3893,3893,efectivo,80.17,2026-09-08 13:25:31
3894,3894,efectivo,31.1,2026-09-13 08:30:44
3895,3895,efectivo,49.89,2026-09-13 07:49:58
3896,3896,billetera,89.68,2026-09-09 15:48:26
3897,3897,tarjeta,80.71,2026-09-29 10:43:45
3898,3898,billetera,72.19,2026-09-23 08:48:30
3899,3899,efectivo,15.6,2026-09-04 14:35:08
3900,3900,efectivo,25.18,2026-09-26 07:25:16
3901,3901,efectivo,105.51,2026-09-01 13:35:41
3902,3902,efectivo,92.71,2026-09-10 10:23:33
3903,3903,efectivo,49.04,2026-09-13 09:48:50
3904,3904,tarjeta,69.02,2026-09-17 10:56:20
3905,3905,tarjeta,92.03,2026-09-11 14:54:24
3906,3906,billetera,76.51,2026-09-15 14:23:57
3907,3907,efectivo,28.41,2026-09-10 01:20:36
3908,3908,billetera,48.5,2026-09-04 12:15:55
3909,3909,tarjeta,70.23,2026-09-04 10:00:04
3910,3910,efectivo,18.9,2026-09-19 11:17:28
3911,3911,tarjeta,57.93,2026-09-05 17:14:07
3912,3912,efectivo,67.08,2026-09-09 17:30:59
3913,3913,tarjeta,59.5,2026-09-16 18:44:34
3914,3914,efectivo,66.92,2026-09-25 12:59:02
3915,3915,billetera,21.65,2026-09-14 13:38:47
3916,3916,billetera,59.34,2026-09-05 13:35:20
3917,3917,billetera,75.99,2026-09-20 13:51:46
3918,3918,efectivo,37.3,2026-09-25 06:05:36
3919,3919,tarjeta,105.0,2026-09-17 22:39:03
3920,3920,efectivo,43.64,2026-09-02 13:11:19
3921,3921,efectivo,116.24,2026-09-04 13:06:21
3922,3922,efectivo,25.48,2026-09-14 20:58:27
3923,3923,billetera,73.92,2026-09-01 20:05:01
3924,3924,efectivo,41.91,2026-09-09 05:02:27
3925,3925,billetera,27.9,2026-09-08 21:57:46
3926,3926,billetera,100.79,2026-09-20 21:51:46
3927,3927,tarjeta,84.99,2026-09-28 20:34:13
3928,3928,billetera,92.64,2026-09-29 20:06:12
3929,3929,billetera,63.19,2026-09-17 16:18:02
3930,3930,tarjeta,55.13,2026-09-13 18:23:15
3931,3931,efectivo,100.3,2026-09-17 15:57:37
3932,3932,tarjeta,54.2,2026-09-10 16:57:52
3933,3933,tarjeta,63.83,2026-09-25 18:44:07
3934,3934,efectivo,18.36,2026-09-14 09:00:33
3935,3935,tarjeta,19.92,2026-09-19 14:45:56
3936,3936,efectivo,49.24,2026-09-16 19:25:26
3937,3937,tarjeta,83.43,2026-09-27 15:42:50
3938,3938,tarjeta,38.78,2026-09-20 14:58:39
3939,3939,efectivo,75.79,2026-09-09 10:25:05
3940,3940,billetera,16.55,2026-09-01 18:41:23
3941,3941,efectivo,86.28,2026-09-03 14:29:46
3942,3942,billetera,85.49,2026-09-30 13:34:05
3943,3943,efectivo,91.92,2026-09-25 18:54:46
3944,3944,efectivo,66.53,2026-09-28 20:56:17
3945,3945,tarjeta,48.6,2026-09-03 10:48:17
3946,3946,billetera,101.15,2026-09-19 16:47:18
3947,3947,tarjeta,95.88,2026-09-17 20:09:07
3948,3948,tarjeta,44.92,2026-09-03 23:08:40
3949,3949,efectivo,61.03,2026-09-10 09:41:06
3950,3950,billetera,94.59,2026-09-17 10:20:04
3951,3951,billetera,102.49,2026-09-29 17:38:48
3952,3952,tarjeta,48.6,2026-09-23 08:12:56
3953,3953,efectivo,25.6,2026-09-10 08:15:55
3954,3954,tarjeta,75.29,2026-09-13 18:57:46
3955,3955,billetera,24.43,2026-09-19 21:13:52
3956,3956,tarjeta,17.64,2026-09-28 21:00:30
3957,3957,billetera,45.48,2026-09-05 17:40:20
3958,3958,billetera,68.64,2026-09-11 21:12:54
3959,3959,efectivo,71.63,2026-09-14 08:04:30
3960,3960,tarjeta,54.98,2026-09-04 18:58:17
3961,3961,billetera,106.91,2026-09-03 17:19:25
3962,3962,billetera,55.47,2026-09-01 10:03:15
3963,3963,billetera,20.67,2026-09-14 10:12:01
3964,3964,tarjeta,112.21,2026-09-18 21:33:26
3965,3965,billetera,94.84,2026-09-27 15:38:00
3966,3966,tarjeta,80.12,2026-09-06 20:00:37
3967,3967,tarjeta,106.98,2026-09-24 18:38:50
3968,3968,efectivo,94.06,2026-09-14 19:32:55
3969,3969,billetera,19.98,2026-09-11 18:24:14
3970,3970,tarjeta,52.15,2026-09-24 08:01:17
3971,3971,billetera,54.28,2026-09-02 19:50:06
3972,3972,tarjeta,107.13,2026-09-13 21:25:31
3973,3973,tarjeta,20.41,2026-09-11 07:25:48
3974,3974,billetera,69.22,2026-09-04 20:14:51
3975,3975,efectivo,29.45,2026-09-25 16:12:14
3976,3976,tarjeta,45.56,2026-09-21 19:46:39
3977,3977,tarjeta,76.82,2026-09-21 18:46:53
3978,3978,tarjeta,88.2,2026-09-27 14:34:33
3979,3979,efectivo,110.17,2026-09-18 11:13:07
3980,3980,tarjeta,28.86,2026-09-04 04:26:00
3981,3981,tarjeta,81.79,2026-09-13 14:30:41
3982,3982,billetera,50.1,2026-09-12 17:58:04
3983,3983,billetera,78.94,2026-09-25 07:46:10
3984,3984,efectivo,59.74,2026-09-09 12:59:58
3985,3985,tarjeta,34.27,2026-09-30 17:31:19
3986,3986,billetera,72.48,2026-09-25 21:00:42
3987,3987,tarjeta,40.84,2026-09-16 20:11:53
3988,3988,billetera,90.98,2026-09-27 19:56:45
3989,3989,billetera,53.76,2026-09-02 11:04:46
3990,3990,tarjeta,20.01,2026-09-18 07:08:08
3991,3991,efectivo,85.57,2026-09-05 14:17:54
3992,3992,tarjeta,28.59,2026-09-01 19:57:46
3993,3993,tarjeta,54.31,2026-09-07 21:06:35
3994,3994,efectivo,23.69,2026-09-10 21:29:53
3995,3995,tarjeta,73.3,2026-09-24 11:42:06
3996,3996,billetera,100.66,2026-09-29 17:02:31
3997,3997,billetera,88.53,2026-09-26 16:09:12
3998,3998,tarjeta,86.85,2026-09-03 10:32:01
3999,3999,billetera,40.96,2026-09-26 14:06:37
4000,4000,tarjeta,21.09,2026-09-06 17:53:51
