viaje_id,pasajero_id,conductor_id,ciudad,inicio,fin,distancia_km,tarifa
1,pa245,co36,San José,2026-09-12 22:56:42,2026-09-13 00:13:42,23.1,100.72
2,pa234,co59,Managua,2026-09-09 16:30:16,2026-09-09 16:59:16,7.4,43.25
3,pa005,co57,Tegucigalpa,2026-09-04 22:48:07,2026-09-04 23:41:07,18.4,98.54
4,pa278,co67,San Salvador,2026-09-15 21:39:03,2026-09-15 22:09:03,7.9,38.21
5,pa185,co61,Guatemala,2026-09-19 12:42:29,2026-09-19 13:11:29,14.5,71.58
6,pa138,co25,Guatemala,2026-09-28 17:09:38,2026-09-28 18:20:38,22.7,114.76
7,pa014,co41,Managua,2026-09-18 10:00:19,2026-09-18 10:59:19,17.7,77.5
8,pa129,co43,San Salvador,2026-09-04 09:03:40,2026-09-04 09:33:40,12.5,58.97
9,pa268,co61,Guatemala,2026-09-27 16:14:36,2026-09-27 17:04:36,24.6,116.6
10,pa061,co42,San José,2026-09-29 10:15:37,2026-09-29 10:39:37,8.7,40.7
11,pa207,co64,San José,2026-09-10 16:46:28,2026-09-10 18:08:28,21.3,92.84
12,pa133,co26,Tegucigalpa,2026-09-10 12:30:58,2026-09-10 12:37:58,3.1,22.75
13,pa198,co29,San José,2026-09-22 21:04:25,2026-09-22 21:30:25,7.8,43.18
14,pa161,co55,San José,2026-09-19 09:02:24,2026-09-19 09:44:24,14.7,81.23
15,pa176,co29,San José,2026-09-05 20:56:35,2026-09-05 21:47:35,16.2,77.83
16,pa152,co15,Tegucigalpa,2026-09-26 21:27:14,2026-09-26 21:44:14,7.7,37.77
17,pa065,co19,San Salvador,2026-09-24 21:11:38,2026-09-24 21:34:38,6.8,39.92
18,pa068,co46,San Salvador,2026-09-13 10:44:25,2026-09-13 11:09:25,11.3,47.97
19,pa259,co03,Guatemala,2026-09-26 18:22:40,2026-09-26 19:19:40,17.3,75.25
20,pa047,co39,San José,2026-09-22 09:51:46,2026-09-22 10:25:46,12.2,58.38
21,pa210,co59,Managua,2026-09-28 12:40:21,2026-09-28 13:10:21,12.1,58.52
22,pa237,co29,San José,2026-09-01 13:00:12,2026-09-01 13:35:12,14.7,67.93
23,pa026,co24,San José,2026-09-05 17:31:56,2026-09-05 17:58:56,7.8,35.93
24,pa091,co65,Guatemala,2026-09-10 09:22:03,2026-09-10 09:28:03,1.7,15.48
25,pa209,co76,Tegucigalpa,2026-09-15 17:20:00,2026-09-15 17:45:00,9.9,54.81
26,pa121,co26,Tegucigalpa,2026-09-21 15:40:21,2026-09-21 17:00:21,24.7,121.48
27,pa220,co49,San Salvador,2026-09-03 10:19:07,2026-09-03 11:41:07,21.1,97.43
28,pa091,co39,San José,2026-09-17 09:37:17,2026-09-17 09:49:17,4.2,27.9
29,pa115,co26,Tegucigalpa,2026-09-10 09:09:47,2026-09-10 09:20:47,4.8,28.86
30,pa165,co13,San José,2026-09-15 11:53:33,2026-09-15 12:10:33,4.7,29.68
31,pa171,co54,Managua,2026-09-05 20:40:47,2026-09-05 21:53:47,23.2,94.4
32,pa058,co73,Managua,2026-09-21 07:48:32,2026-09-21 08:36:32,17.4,88.81
33,pa141,co02,San José,2026-09-03 18:19:42,2026-09-03 19:14:42,18.0,91.33
34,pa220,co38,San Salvador,2026-09-03 17:57:57,2026-09-03 18:11:57,6.6,34.56
35,pa215,co29,San José,2026-09-21 21:53:25,2026-09-21 22:55:25,22.1,88.69
36,pa147,co15,Tegucigalpa,2026-09-25 12:50:50,2026-09-25 13:19:50,9.2,49.44
37,pa001,co28,Guatemala,2026-09-13 09:46:55,2026-09-13 11:02:55,20.4,108.19
38,pa161,co57,Tegucigalpa,2026-09-19 15:13:03,2026-09-19 15:32:03,5.3,27.01
39,pa059,co18,Guatemala,2026-09-22 16:21:05,2026-09-22 17:15:05,13.9,72.56
40,pa257,co45,San José,2026-09-05 12:44:32,2026-09-05 13:18:32,10.6,52.33
41,pa185,co03,Guatemala,2026-09-14 19:24:40,2026-09-14 20:23:40,21.4,97.22
42,pa025,co73,Managua,2026-09-13 06:52:23,2026-09-13 08:08:23,20.9,98.65
43,pa208,co15,Tegucigalpa,2026-09-01 01:22:19,2026-09-01 01:43:19,5.9,34.85
44,pa102,co20,San José,2026-09-04 18:40:12,2026-09-04 18:55:12,6.3,38.41
45,pa165,co52,Tegucigalpa,2026-09-15 17:36:35,2026-09-15 18:39:35,20.0,107.99
46,pa268,co67,San Salvador,2026-09-08 22:02:52,2026-09-08 22:34:52,15.8,81.89
47,pa162,co66,San Salvador,2026-09-22 19:50:41,2026-09-22 20:24:41,12.0,53.18
48,pa235,co79,Guatemala,2026-09-09 18:04:40,2026-09-09 18:46:40,18.8,87.27
49,pa109,co32,San José,2026-09-23 17:02:35,2026-09-23 17:47:35,18.2,82.2
50,pa139,co02,San José,2026-09-20 12:55:18,2026-09-20 13:17:18,6.2,31.7
51,pa001,co03,Guatemala,2026-09-24 20:14:17,2026-09-24 21:03:17,12.8,71.14
52,pa126,co73,Managua,2026-09-09 18:27:06,2026-09-09 18:53:06,11.4,61.75
53,pa135,co67,San Salvador,2026-09-17 09:50:09,2026-09-17 10:35:09,15.2,80.78
54,pa288,co49,San Salvador,2026-09-25 14:46:39,2026-09-25 15:42:39,21.4,112.2
55,pa226,co79,Guatemala,2026-09-05 19:30:40,2026-09-05 20:20:40,22.2,102.42
56,pa276,co25,Guatemala,2026-09-25 18:15:10,2026-09-25 18:46:10,10.2,58.98
57,pa246,co67,San Salvador,2026-09-07 19:27:21,2026-09-07 20:05:21,13.3,61.36
58,pa228,co51,San Salvador,2026-09-02 19:56:38,2026-09-02 21:11:38,22.6,94.47
59,pa146,co15,Tegucigalpa,2026-09-17 20:10:29,2026-09-17 20:23:29,5.0,32.22
60,pa100,co54,Managua,2026-09-10 19:28:36,2026-09-10 20:39:36,21.5,91.43
61,pa258,co50,San José,2026-09-04 17:22:55,2026-09-04 17:37:55,4.8,28.71
62,pa106,co36,San José,2026-09-16 16:17:21,2026-09-16 16:25:21,3.0,19.14
63,pa189,co18,Guatemala,2026-09-21 17:45:01,2026-09-21 18:19:01,9.5,51.88
64,pa141,co78,San José,2026-09-02 18:10:04,2026-09-02 19:18:04,19.7,83.23
65,pa216,co24,San José,2026-09-13 16:05:54,2026-09-13 16:47:54,16.3,73.49
66,pa213,co37,Tegucigalpa,2026-09-29 20:51:40,2026-09-29 21:16:40,12.1,59.09
67,pa146,co73,Managua,2026-09-19 13:10:48,2026-09-19 14:05:48,16.0,69.35
68,pa199,co14,Guatemala,2026-09-27 09:50:52,2026-09-27 10:02:52,4.9,32.38
69,pa230,co37,Tegucigalpa,2026-09-19 18:54:29,2026-09-19 19:44:29,19.4,104.77
70,pa098,co31,Tegucigalpa,2026-09-16 22:50:37,2026-09-16 23:36:37,14.6,59.16
71,pa002,co43,San Salvador,2026-09-12 17:47:11,2026-09-12 18:57:11,19.4,82.34
72,pa067,co41,Managua,2026-09-26 03:21:29,2026-09-26 04:03:29,20.8,110.84
73,pa198,co03,Guatemala,2026-09-04 10:54:11,2026-09-04 11:32:11,9.9,42.69
74,pa123,co24,San José,2026-09-16 20:19:34,2026-09-16 20:48:34,13.7,71.34
75,pa205,co56,San José,2026-09-24 05:27:26,2026-09-24 05:36:26,3.3,20.37
76,pa034,co32,San José,2026-09-24 20:40:09,2026-09-24 21:01:09,6.3,30.67
77,pa207,co76,Tegucigalpa,2026-09-04 11:34:13,2026-09-04 12:00:13,11.6,50.75
78,pa091,co01,San José,2026-09-21 20:46:36,2026-09-21 21:53:36,17.1,90.05
79,pa214,co72,Guatemala,2026-09-19 05:26:57,2026-09-19 05:35:57,3.9,23.39
80,pa002,co56,San José,2026-09-01 06:43:58,2026-09-01 07:05:58,6.0,34.19
81,pa061,co07,San José,2026-09-06 20:29:58,2026-09-06 21:09:58,17.2,80.42
82,pa203,co39,San José,2026-09-28 10:47:19,2026-09-28 11:07:19,8.6,43.61
83,pa246,co25,Guatemala,2026-09-03 13:24:16,2026-09-03 14:35:16,19.2,93.31
84,pa073,co08,Guatemala,2026-09-12 06:07:52,2026-09-12 06:55:52,18.1,82.27
85,pa144,co30,San José,2026-09-08 20:54:09,2026-09-08 21:24:09,14.9,72.96
86,pa087,co36,San José,2026-09-22 10:38:30,2026-09-22 11:15:30,17.8,84.96
87,pa176,co19,San Salvador,2026-09-15 11:47:33,2026-09-15 12:33:33,12.3,51.5
88,pa098,co15,Tegucigalpa,2026-09-13 20:11:58,2026-09-13 21:07:58,16.0,71.75
89,pa251,co73,Managua,2026-09-24 19:20:38,2026-09-24 20:02:38,17.6,81.26
90,pa287,co73,Managua,2026-09-10 00:02:53,2026-09-10 00:42:53,12.9,66.32
91,pa105,co02,San José,2026-09-05 18:08:50,2026-09-05 18:42:50,15.1,73.06
92,pa015,co47,Managua,2026-09-30 16:54:32,2026-09-30 17:19:32,6.8,32.39
93,pa149,co29,San José,2026-09-16 23:56:14,2026-09-17 00:52:14,15.8,67.48
94,pa102,co26,Tegucigalpa,2026-09-05 02:31:34,2026-09-05 03:27:34,21.6,90.69
95,pa170,co06,Tegucigalpa,2026-09-11 07:22:13,2026-09-11 08:32:13,23.7,119.04
96,pa223,co36,San José,2026-09-24 19:17:50,2026-09-24 19:50:50,13.5,72.7
97,pa207,co36,San José,2026-09-14 19:39:23,2026-09-14 20:03:23,6.3,36.72
98,pa289,co11,Tegucigalpa,2026-09-11 21:56:02,2026-09-11 22:46:02,13.5,56.71
99,pa033,co74,San Salvador,2026-09-02 02:33:19,2026-09-02 03:39:19,20.9,88.42
100,pa291,co63,Managua,2026-09-25 18:22:07,2026-09-25 19:18:07,18.3,90.46
101,pa284,co73,Managua,2026-09-01 08:24:27,2026-09-01 08:51:27,11.9,67.29
102,pa246,co33,Tegucigalpa,2026-09-10 21:16:22,2026-09-10 22:41:22,23.7,91.93
103,pa204,co41,Managua,2026-09-27 17:44:16,2026-09-27 18:12:16,7.4,41.9
104,pa142,co30,San José,2026-09-08 11:02:56,2026-09-08 11:26:56,10.6,58.62
105,pa055,co51,San Salvador,2026-09-16 15:57:25,2026-09-16 16:19:25,6.2,37.94
106,pa078,co26,Tegucigalpa,2026-09-21 23:35:07,2026-09-22 00:11:07,14.7,60.03
107,pa092,co51,San Salvador,2026-09-13 06:37:29,2026-09-13 07:14:29,10.1,47.88
108,pa259,co71,San José,2026-09-13 18:58:34,2026-09-13 19:08:34,3.5,22.64
109,pa018,co12,San Salvador,2026-09-05 04:24:38,2026-09-05 05:22:38,24.0,118.09
110,pa146,co74,San Salvador,2026-09-04 18:09:45,2026-09-04 19:24:45,20.1,96.45
111,pa080,co51,San Salvador,2026-09-26 03:11:36,2026-09-26 03:37:36,12.4,67.02
112,pa262,co51,San Salvador,2026-09-06 18:24:11,2026-09-06 18:46:11,6.6,38.73
113,pa247,co52,Tegucigalpa,2026-09-07 08:06:22,2026-09-07 08:55:22,15.3,62.31
114,pa213,co65,Guatemala,2026-09-10 21:10:30,2026-09-10 21:18:30,3.3,22.03
115,pa185,co63,Managua,2026-09-03 05:51:50,2026-09-03 06:30:50,18.7,101.39
116,pa089,co78,San José,2026-09-09 00:31:27,2026-09-09 01:16:27,19.8,83.36
117,pa261,co11,Tegucigalpa,2026-09-23 15:30:37,2026-09-23 15:42:37,6.0,31.32
118,pa241,co37,Tegucigalpa,2026-09-13 17:12:21,2026-09-13 18:03:21,25.0,100.72
119,pa193,co46,San Salvador,2026-09-13 05:13:59,2026-09-13 05:48:59,9.8,45.02
120,pa299,co50,San José,2026-09-17 09:54:26,2026-09-17 11:09:26,19.6,95.29
121,pa011,co26,Tegucigalpa,2026-09-14 10:38:52,2026-09-14 11:32:52,14.7,71.47
122,pa267,co29,San José,2026-09-10 12:24:33,2026-09-10 12:55:33,11.9,59.3
123,pa169,co37,Tegucigalpa,2026-09-29 17:33:22,2026-09-29 18:23:22,13.5,64.77
124,pa082,co23,Guatemala,2026-09-21 08:37:54,2026-09-21 09:32:54,17.8,76.96
125,pa053,co33,Tegucigalpa,2026-09-06 07:20:12,2026-09-06 07:28:12,3.8,22.86
126,pa085,co25,Guatemala,2026-09-20 08:07:43,2026-09-20 08:43:43,16.6,82.03
127,pa168,co28,Guatemala,2026-09-17 08:54:39,2026-09-17 09:35:39,15.5,77.67
128,pa026,co78,San José,2026-09-22 07:58:51,2026-09-22 08:22:51,10.6,53.24
129,pa188,co28,Guatemala,2026-09-24 18:49:15,2026-09-24 19:42:15,13.5,71.11
130,pa139,co40,Managua,2026-09-21 19:35:34,2026-09-21 19:42:34,2.0,16.8
131,pa244,co41,Managua,2026-09-19 13:14:53,2026-09-19 14:05:53,21.2,108.98
132,pa200,co34,Tegucigalpa,2026-09-08 20:15:48,2026-09-08 21:35:48,24.8,98.71
133,pa061,co10,Managua,2026-09-30 19:46:56,2026-09-30 20:03:56,4.7,26.89
134,pa113,co03,Guatemala,2026-09-21 11:00:04,2026-09-21 12:14:04,21.2,84.48
135,pa028,co42,San José,2026-09-09 15:57:08,2026-09-09 16:20:08,6.2,32.69
136,pa214,co07,San José,2026-09-06 11:34:44,2026-09-06 12:54:44,20.8,91.4
137,pa053,co23,Guatemala,2026-09-05 10:06:31,2026-09-05 10:48:31,18.4,82.77
138,pa045,co73,Managua,2026-09-03 10:04:15,2026-09-03 10:44:15,19.9,95.81
139,pa119,co31,Tegucigalpa,2026-09-05 13:46:02,2026-09-05 14:23:02,10.2,57.33
140,pa118,co67,San Salvador,2026-09-16 15:22:07,2026-09-16 15:45:07,6.9,36.03
141,pa091,co44,Guatemala,2026-09-21 02:16:30,2026-09-21 03:01:30,22.6,97.67
142,pa163,co60,Tegucigalpa,2026-09-09 15:42:43,2026-09-09 16:03:43,6.0,31.19
143,pa115,co66,San Salvador,2026-09-04 16:17:31,2026-09-04 16:29:31,5.9,36.07
144,pa257,co74,San Salvador,2026-09-03 17:35:08,2026-09-03 17:45:08,4.2,25.35
145,pa285,co35,San José,2026-09-15 08:37:49,2026-09-15 09:19:49,15.8,79.06
146,pa051,co17,San José,2026-09-15 11:59:48,2026-09-15 12:48:48,23.5,115.08
147,pa175,co29,San José,2026-09-02 13:38:04,2026-09-02 14:13:04,15.1,60.99
148,pa135,co14,Guatemala,2026-09-15 11:47:41,2026-09-15 12:50:41,24.1,104.29
149,pa041,co59,Managua,2026-09-02 15:20:19,2026-09-02 16:03:19,12.8,57.74
150,pa161,co22,Tegucigalpa,2026-09-07 17:51:13,2026-09-07 18:37:13,13.7,69.54
151,pa201,co08,Guatemala,2026-09-02 08:45:27,2026-09-02 08:54:27,4.9,29.92
152,pa261,co10,Managua,2026-09-18 01:08:19,2026-09-18 02:08:19,23.6,117.5
153,pa136,co67,San Salvador,2026-09-26 07:25:39,2026-09-26 08:39:39,18.6,87.23
154,pa258,co59,Managua,2026-09-17 20:30:51,2026-09-17 21:46:51,22.0,98.25
155,pa112,co41,Managua,2026-09-10 00:03:20,2026-09-10 00:15:20,4.8,29.54
156,pa077,co67,San Salvador,2026-09-24 19:07:14,2026-09-24 19:14:14,2.1,15.86
157,pa258,co10,Managua,2026-09-26 18:50:13,2026-09-26 19:21:13,10.7,49.83
158,pa277,co51,San Salvador,2026-09-19 11:09:41,2026-09-19 11:46:41,14.8,68.25
159,pa192,co46,San Salvador,2026-09-24 17:37:51,2026-09-24 18:36:51,14.8,67.14
160,pa232,co73,Managua,2026-09-11 09:40:41,2026-09-11 10:44:41,18.9,90.87
161,pa157,co36,San José,2026-09-19 21:00:57,2026-09-19 21:19:57,8.3,46.31
162,pa264,co51,San Salvador,2026-09-10 20:03:54,2026-09-10 21:10:54,24.6,98.45
163,pa034,co57,Tegucigalpa,2026-09-27 10:19:47,2026-09-27 11:28:47,21.1,106.73
164,pa006,co28,Guatemala,2026-09-24 09:29:04,2026-09-24 09:46:04,5.8,32.34
165,pa215,co52,Tegucigalpa,2026-09-07 09:16:51,2026-09-07 09:44:51,11.8,54.16
166,pa256,co65,Guatemala,2026-09-03 13:21:16,2026-09-03 13:44:16,10.4,45.43
167,pa099,co39,San José,2026-09-06 20:15:59,2026-09-06 20:31:59,4.5,28.36
168,pa216,co44,Guatemala,2026-09-02 13:43:09,2026-09-02 13:49:09,1.7,14.96
169,pa069,co29,San José,2026-09-25 05:32:28,2026-09-25 05:46:28,4.0,25.64
170,pa188,co73,Managua,2026-09-16 15:16:06,2026-09-16 15:44:06,12.2,51.86
171,pa264,co46,San Salvador,2026-09-26 10:23:07,2026-09-26 11:26:07,17.9,93.47
172,pa223,co41,Managua,2026-09-25 09:30:53,2026-09-25 09:40:53,3.5,21.5
173,pa216,co67,San Salvador,2026-09-09 09:32:14,2026-09-09 10:05:14,16.8,78.14
174,pa157,co21,San José,2026-09-06 09:57:30,2026-09-06 10:52:30,18.0,92.4
175,pa079,co49,San Salvador,2026-09-22 09:34:15,2026-09-22 09:50:15,4.7,30.69
176,pa157,co18,Guatemala,2026-09-26 14:30:05,2026-09-26 14:56:05,7.9,41.57
177,pa018,co41,Managua,2026-09-23 02:31:03,2026-09-23 03:21:03,19.3,75.59
178,pa098,co29,San José,2026-09-05 13:01:10,2026-09-05 13:34:10,12.1,62.29
179,pa207,co31,Tegucigalpa,2026-09-04 14:42:33,2026-09-04 15:36:33,15.4,66.19
180,pa016,co32,San José,2026-09-17 01:12:47,2026-09-17 02:02:47,19.2,91.57
181,pa069,co11,Tegucigalpa,2026-09-04 09:24:38,2026-09-04 09:40:38,7.6,37.78
182,pa153,co32,San José,2026-09-17 03:39:09,2026-09-17 04:06:09,11.3,61.63
183,pa216,co78,San José,2026-09-24 07:21:30,2026-09-24 07:30:30,3.8,26.12
184,pa237,co11,Tegucigalpa,2026-09-05 21:04:38,2026-09-05 21:27:38,10.0,44.94
185,pa047,co28,Guatemala,2026-09-03 10:29:52,2026-09-03 11:01:52,8.2,39.39
186,pa070,co28,Guatemala,2026-09-03 08:52:19,2026-09-03 09:56:19,16.6,84.62
187,pa276,co21,San José,2026-09-07 08:41:17,2026-09-07 09:05:17,10.8,53.68
188,pa053,co10,Managua,2026-09-23 17:00:22,2026-09-23 17:53:22,19.3,104.34
189,pa106,co76,Tegucigalpa,2026-09-09 09:48:32,2026-09-09 10:26:32,10.5,50.49
190,pa146,co52,Tegucigalpa,2026-09-13 23:11:18,2026-09-14 00:21:18,20.4,94.33
191,pa149,co65,Guatemala,2026-09-04 14:20:30,2026-09-04 14:41:30,9.0,40.7
192,pa077,co23,Guatemala,2026-09-25 11:16:08,2026-09-25 11:36:08,5.5,28.07
193,pa016,co19,San Salvador,2026-09-25 14:44:57,2026-09-25 15:56:57,23.5,123.85
194,pa047,co51,San Salvador,2026-09-20 23:53:51,2026-09-21 01:07:51,22.3,92.4
195,pa243,co67,San Salvador,2026-09-06 15:09:04,2026-09-06 15:54:04,18.0,89.51
196,pa058,co23,Guatemala,2026-09-29 20:37:28,2026-09-29 20:52:28,7.8,46.05
197,pa077,co51,San Salvador,2026-09-17 15:24:56,2026-09-17 16:24:56,21.0,94.63
198,pa243,co76,Tegucigalpa,2026-09-18 20:08:44,2026-09-18 20:42:44,13.2,62.6
199,pa010,co44,Guatemala,2026-09-02 17:53:18,2026-09-02 19:14:18,21.4,114.52
200,pa221,co31,Tegucigalpa,2026-09-24 09:16:08,2026-09-24 10:14:08,24.0,112.61
201,pa006,co36,San José,2026-09-27 04:12:13,2026-09-27 04:28:13,4.5,25.23
202,pa154,co26,Tegucigalpa,2026-09-29 12:20:36,2026-09-29 12:29:36,2.9,18.32
203,pa213,co73,Managua,2026-09-23 12:02:28,2026-09-23 12:34:28,9.8,49.87
204,pa298,co51,San Salvador,2026-09-11 08:29:49,2026-09-11 08:57:49,14.3,68.92
205,pa256,co33,Tegucigalpa,2026-09-01 11:11:05,2026-09-01 11:47:05,9.6,52.7
206,pa027,co31,Tegucigalpa,2026-09-12 13:12:23,2026-09-12 13:47:23,14.8,71.5
207,pa053,co78,San José,2026-09-09 18:51:25,2026-09-09 19:43:25,22.3,96.03
208,pa113,co19,San Salvador,2026-09-06 11:11:55,2026-09-06 12:23:55,20.5,107.84
209,pa265,co20,San José,2026-09-18 06:00:47,2026-09-18 06:09:47,2.6,19.17
210,pa129,co39,San José,2026-09-14 20:39:15,2026-09-14 21:17:15,11.3,59.51
211,pa123,co31,Tegucigalpa,2026-09-05 08:00:10,2026-09-05 08:06:10,2.2,15.88
212,pa210,co36,San José,2026-09-16 22:22:16,2026-09-16 22:44:16,6.1,38.09
213,pa208,co74,San Salvador,2026-09-03 19:10:21,2026-09-03 20:03:21,18.2,86.34
214,pa172,co28,Guatemala,2026-09-12 22:14:30,2026-09-12 23:03:30,17.9,92.06
215,pa266,co32,San José,2026-09-17 13:07:36,2026-09-17 14:07:36,19.0,85.07
216,pa086,co54,Managua,2026-09-01 12:09:26,2026-09-01 12:30:26,7.4,33.91
217,pa202,co42,San José,2026-09-05 18:45:31,2026-09-05 19:25:31,10.2,53.19
218,pa010,co10,Managua,2026-09-22 15:56:10,2026-09-22 16:14:10,7.1,40.61
219,pa179,co76,Tegucigalpa,2026-09-29 10:42:09,2026-09-29 11:47:09,18.8,77.97
220,pa267,co72,Guatemala,2026-09-07 08:10:47,2026-09-07 08:32:47,6.2,35.16
221,pa273,co11,Tegucigalpa,2026-09-11 09:44:46,2026-09-11 09:50:46,2.9,21.65
222,pa247,co33,Tegucigalpa,2026-09-02 12:12:32,2026-09-02 13:13:32,16.6,89.87
223,pa230,co76,Tegucigalpa,2026-09-18 12:56:00,2026-09-18 13:27:00,13.8,65.77
224,pa165,co58,San Salvador,2026-09-14 19:38:17,2026-09-14 19:45:17,2.0,17.86
225,pa005,co49,San Salvador,2026-09-02 19:44:07,2026-09-02 20:07:07,6.9,37.2
226,pa138,co31,Tegucigalpa,2026-09-10 15:09:27,2026-09-10 15:13:27,1.9,15.81
227,pa099,co20,San José,2026-09-06 17:47:57,2026-09-06 18:05:57,8.3,38.32
228,pa034,co45,San José,2026-09-05 14:29:44,2026-09-05 15:23:44,18.1,74.5
229,pa126,co67,San Salvador,2026-09-06 06:59:57,2026-09-06 07:13:57,4.0,27.17
230,pa296,co27,Tegucigalpa,2026-09-02 06:48:29,2026-09-02 07:54:29,23.4,94.89
231,pa267,co03,Guatemala,2026-09-08 21:42:56,2026-09-08 22:13:56,12.7,67.43
232,pa142,co67,San Salvador,2026-09-04 12:59:00,2026-09-04 13:50:00,13.0,67.33
233,pa263,co12,San Salvador,2026-09-18 12:26:34,2026-09-18 12:33:34,2.1,16.99
234,pa068,co70,Tegucigalpa,2026-09-06 11:27:34,2026-09-06 12:11:34,14.5,59.33
235,pa024,co26,Tegucigalpa,2026-09-28 19:31:55,2026-09-28 20:12:55,20.1,95.1
236,pa279,co17,San José,2026-09-06 12:52:29,2026-09-06 13:12:29,9.5,54.2
237,pa018,co72,Guatemala,2026-09-24 21:26:11,2026-09-24 21:42:11,6.9,34.95
238,pa059,co41,Managua,2026-09-07 22:50:33,2026-09-07 23:16:33,8.8,51.19
239,pa133,co36,San José,2026-09-13 06:49:59,2026-09-13 07:34:59,22.8,114.96
240,pa167,co29,San José,2026-09-06 09:41:24,2026-09-06 10:13:24,14.4,72.86
241,pa194,co65,Guatemala,2026-09-17 10:26:48,2026-09-17 10:59:48,10.0,44.08
242,pa207,co26,Tegucigalpa,2026-09-05 08:49:40,2026-09-05 10:05:40,21.4,83.27
243,pa034,co70,Tegucigalpa,2026-09-14 02:44:01,2026-09-14 03:12:01,13.4,67.02
244,pa293,co56,San José,2026-09-28 21:50:41,2026-09-28 22:46:41,14.6,70.53
245,pa118,co78,San José,2026-09-17 19:08:44,2026-09-17 19:23:44,4.7,24.55
246,pa089,co37,Tegucigalpa,2026-09-12 09:17:41,2026-09-12 09:28:41,3.4,22.31
247,pa277,co17,San José,2026-09-11 17:53:18,2026-09-11 18:19:18,11.2,48.28
248,pa018,co20,San José,2026-09-30 19:52:01,2026-09-30 20:49:01,16.7,80.87
249,pa282,co23,Guatemala,2026-09-02 07:14:48,2026-09-02 08:07:48,19.0,88.2
250,pa092,co17,San José,2026-09-11 12:22:04,2026-09-11 12:31:04,4.4,27.45
251,pa025,co07,San José,2026-09-11 17:23:47,2026-09-11 17:37:47,4.2,23.09
252,pa262,co17,San José,2026-09-30 08:22:09,2026-09-30 09:06:09,11.4,61.28
253,pa051,co31,Tegucigalpa,2026-09-09 21:59:07,2026-09-09 23:07:07,17.8,79.4
254,pa249,co32,San José,2026-09-28 12:43:08,2026-09-28 13:26:08,16.8,74.76
255,pa291,co19,San Salvador,2026-09-11 19:06:26,2026-09-11 19:38:26,14.3,78.29
256,pa288,co23,Guatemala,2026-09-06 10:17:37,2026-09-06 11:01:37,11.5,51.28
257,pa020,co50,San José,2026-09-13 13:55:45,2026-09-13 14:57:45,16.1,86.6
258,pa133,co23,Guatemala,2026-09-11 09:32:05,2026-09-11 10:34:05,18.9,100.96
259,pa258,co19,San Salvador,2026-09-23 17:29:09,2026-09-23 18:20:09,19.8,94.41
260,pa292,co73,Managua,2026-09-10 12:13:37,2026-09-10 13:15:37,22.9,88.54
261,pa047,co08,Guatemala,2026-09-10 17:33:10,2026-09-10 18:41:10,17.1,92.88
262,pa279,co80,San Salvador,2026-09-02 18:23:22,2026-09-02 19:18:22,14.9,67.86
263,pa082,co10,Managua,2026-09-21 03:03:59,2026-09-21 03:51:59,24.1,97.52
264,pa199,co79,Guatemala,2026-09-14 19:59:41,2026-09-14 21:16:41,24.5,108.19
265,pa003,co51,San Salvador,2026-09-10 14:03:53,2026-09-10 14:40:53,10.2,50.27
266,pa049,co11,Tegucigalpa,2026-09-13 05:55:18,2026-09-13 06:40:18,16.6,82.4
267,pa153,co14,Guatemala,2026-09-28 18:20:35,2026-09-28 19:21:35,17.9,83.51
268,pa026,co39,San José,2026-09-25 16:00:49,2026-09-25 16:21:49,7.6,42.47
269,pa034,co11,Tegucigalpa,2026-09-09 10:12:07,2026-09-09 11:04:07,24.6,116.27
270,pa156,co79,Guatemala,2026-09-30 10:30:21,2026-09-30 10:51:21,9.0,43.45
271,pa168,co73,Managua,2026-09-20 12:00:32,2026-09-20 12:34:32,16.5,88.71
272,pa158,co29,San José,2026-09-17 11:38:05,2026-09-17 11:58:05,5.3,29.37
273,pa110,co32,San José,2026-09-11 17:37:32,2026-09-11 17:42:32,1.6,13.78
274,pa269,co07,San José,2026-09-09 21:56:35,2026-09-09 22:01:35,2.5,19.74
275,pa068,co24,San José,2026-09-22 20:42:49,2026-09-22 22:06:49,23.1,105.01
276,pa295,co60,Tegucigalpa,2026-09-15 21:54:01,2026-09-15 23:17:01,24.5,124.19
277,pa018,co19,San Salvador,2026-09-01 10:47:57,2026-09-01 11:13:57,12.9,70.29
278,pa050,co14,Guatemala,2026-09-16 19:30:02,2026-09-16 21:01:02,23.8,115.58
279,pa058,co59,Managua,2026-09-28 17:40:41,2026-09-28 18:39:41,21.0,88.01
280,pa070,co26,Tegucigalpa,2026-09-05 16:11:01,2026-09-05 16:42:01,15.5,75.49
281,pa235,co73,Managua,2026-09-02 14:52:56,2026-09-02 15:05:56,3.3,21.03
282,pa205,co28,Guatemala,2026-09-09 20:29:57,2026-09-09 21:38:57,17.8,82.85
283,pa031,co49,San Salvador,2026-09-29 21:05:14,2026-09-29 21:18:14,5.5,32.46
284,pa029,co56,San José,2026-09-11 18:55:36,2026-09-11 19:39:36,12.0,58.87
285,pa297,co47,Managua,2026-09-23 05:28:56,2026-09-23 05:59:56,11.2,52.16
286,pa216,co21,San José,2026-09-19 17:25:52,2026-09-19 18:22:52,14.9,76.5
287,pa280,co70,Tegucigalpa,2026-09-11 06:30:27,2026-09-11 07:29:27,16.9,86.24
288,pa198,co21,San José,2026-09-23 17:33:05,2026-09-23 17:51:05,4.6,25.57
289,pa008,co59,Managua,2026-09-27 11:12:58,2026-09-27 12:06:58,22.6,97.59
290,pa082,co14,Guatemala,2026-09-29 13:08:11,2026-09-29 14:31:11,21.5,98.56
291,pa096,co26,Tegucigalpa,2026-09-24 02:10:27,2026-09-24 02:29:27,5.4,29.75
292,pa091,co36,San José,2026-09-19 14:36:35,2026-09-19 15:09:35,12.7,68.04
293,pa037,co37,Tegucigalpa,2026-09-06 14:41:10,2026-09-06 15:07:10,10.5,47.64
294,pa234,co46,San Salvador,2026-09-28 13:17:07,2026-09-28 14:03:07,22.1,111.01
295,pa213,co24,San José,2026-09-27 22:41:26,2026-09-27 23:42:26,17.5,71.48
296,pa240,co56,San José,2026-09-29 16:10:53,2026-09-29 16:31:53,6.0,33.8
297,pa234,co39,San José,2026-09-08 15:48:20,2026-09-08 16:23:20,15.5,72.02
298,pa287,co28,Guatemala,2026-09-13 15:31:34,2026-09-13 15:55:34,6.3,31.15
299,pa172,co61,Guatemala,2026-09-01 20:25:43,2026-09-01 20:45:43,9.3,50.37
300,pa050,co15,Tegucigalpa,2026-09-20 11:01:50,2026-09-20 11:37:50,13.7,70.99
301,pa193,co52,Tegucigalpa,2026-09-30 16:06:28,2026-09-30 17:00:28,20.4,91.62
302,pa213,co59,Managua,2026-09-16 09:24:18,2026-09-16 10:20:18,21.8,87.66
303,pa107,co67,San Salvador,2026-09-29 07:03:07,2026-09-29 07:21:07,7.2,34.45
304,pa198,co42,San José,2026-09-22 08:57:37,2026-09-22 09:58:37,17.4,71.38
305,pa035,co43,San Salvador,2026-09-04 09:10:04,2026-09-04 10:26:04,19.8,100.82
306,pa165,co23,Guatemala,2026-09-10 08:25:02,2026-09-10 09:53:02,22.6,95.53
307,pa126,co19,San Salvador,2026-09-14 15:44:27,2026-09-14 16:31:27,14.7,71.21
308,pa255,co38,San Salvador,2026-09-27 07:42:08,2026-09-27 08:43:08,17.8,80.85
309,pa087,co17,San José,2026-09-22 09:52:15,2026-09-22 10:02:15,4.1,23.72
310,pa183,co03,Guatemala,2026-09-23 15:58:29,2026-09-23 16:58:29,18.7,88.23
311,pa148,co49,San Salvador,2026-09-12 19:43:59,2026-09-12 19:53:59,3.4,20.39
312,pa136,co26,Tegucigalpa,2026-09-05 19:42:13,2026-09-05 20:32:13,14.3,58.54
313,pa046,co78,San José,2026-09-08 18:32:19,2026-09-08 18:50:19,8.7,45.81
314,pa061,co42,San José,2026-09-23 12:10:34,2026-09-23 12:18:34,2.9,20.72
315,pa251,co03,Guatemala,2026-09-29 16:35:39,2026-09-29 16:40:39,1.9,16.45
316,pa274,co05,Tegucigalpa,2026-09-11 06:44:07,2026-09-11 06:52:07,2.6,19.99
317,pa110,co78,San José,2026-09-19 08:14:39,2026-09-19 09:25:39,22.5,107.03
318,pa109,co03,Guatemala,2026-09-27 18:29:05,2026-09-27 18:42:05,4.2,26.7
319,pa157,co28,Guatemala,2026-09-20 10:02:04,2026-09-20 10:21:04,5.6,32.95
320,pa265,co24,San José,2026-09-08 15:04:29,2026-09-08 16:00:29,21.1,105.72
321,pa051,co47,Managua,2026-09-27 12:16:15,2026-09-27 13:09:15,21.9,91.33
322,pa153,co17,San José,2026-09-11 09:00:27,2026-09-11 09:22:27,10.9,60.52
323,pa082,co29,San José,2026-09-16 22:13:48,2026-09-16 22:25:48,5.3,28.1
324,pa250,co65,Guatemala,2026-09-25 08:22:01,2026-09-25 09:12:01,14.2,77.48
325,pa228,co51,San Salvador,2026-09-12 13:16:02,2026-09-12 13:44:02,8.3,46.22
326,pa164,co46,San Salvador,2026-09-19 08:58:08,2026-09-19 09:19:08,7.7,41.95
327,pa083,co29,San José,2026-09-01 12:09:14,2026-09-01 13:12:14,16.9,88.67
328,pa068,co21,San José,2026-09-10 09:06:27,2026-09-10 09:55:27,12.8,64.18
329,pa063,co40,Managua,2026-09-19 12:34:17,2026-09-19 13:26:17,15.1,63.03
330,pa153,co20,San José,2026-09-03 08:36:06,2026-09-03 09:08:06,10.2,46.06
331,pa211,co10,Managua,2026-09-30 03:14:52,2026-09-30 03:57:52,19.2,79.98
332,pa277,co51,San Salvador,2026-09-27 14:25:50,2026-09-27 14:49:50,7.5,42.59
333,pa008,co51,San Salvador,2026-09-04 11:22:22,2026-09-04 12:18:22,14.4,78.64
334,pa085,co78,San José,2026-09-22 19:33:32,2026-09-22 19:40:32,2.8,20.05
335,pa033,co28,Guatemala,2026-09-22 10:31:09,2026-09-22 11:07:09,9.1,40.21
336,pa050,co46,San Salvador,2026-09-29 15:51:58,2026-09-29 16:44:58,14.4,71.14
337,pa262,co51,San Salvador,2026-09-16 13:28:43,2026-09-16 13:37:43,2.7,18.78
338,pa104,co70,Tegucigalpa,2026-09-01 22:39:37,2026-09-02 00:02:37,24.0,125.67
339,pa168,co25,Guatemala,2026-09-17 05:44:12,2026-09-17 06:45:12,17.1,86.27
340,pa198,co13,San José,2026-09-01 05:14:15,2026-09-01 06:30:15,19.9,89.59
341,pa194,co24,San José,2026-09-30 05:58:23,2026-09-30 06:30:23,15.9,81.4
342,pa104,co34,Tegucigalpa,2026-09-28 20:43:29,2026-09-28 21:45:29,20.1,98.67
343,pa119,co33,Tegucigalpa,2026-09-12 20:33:37,2026-09-12 21:14:37,12.3,58.97
344,pa225,co63,Managua,2026-09-03 12:35:37,2026-09-03 12:56:37,9.7,55.27
345,pa273,co33,Tegucigalpa,2026-09-21 09:30:30,2026-09-21 10:30:30,22.1,88.67
346,pa290,co28,Guatemala,2026-09-25 15:17:58,2026-09-25 15:25:58,3.8,26.87
347,pa033,co14,Guatemala,2026-09-24 06:37:39,2026-09-24 06:51:39,5.2,29.02
348,pa149,co76,Tegucigalpa,2026-09-18 10:11:09,2026-09-18 10:57:09,14.0,58.0
349,pa214,co26,Tegucigalpa,2026-09-30 01:43:35,2026-09-30 02:36:35,24.9,116.39
350,pa171,co74,San Salvador,2026-09-06 12:53:31,2026-09-06 13:19:31,13.0,64.84
351,pa268,co23,Guatemala,2026-09-10 10:56:34,2026-09-10 11:08:34,3.4,24.04
352,pa067,co28,Guatemala,2026-09-20 13:33:50,2026-09-20 14:29:50,15.1,68.83
353,pa286,co44,Guatemala,2026-09-16 08:10:44,2026-09-16 09:26:44,21.5,91.31
354,pa129,co24,San José,2026-09-13 09:20:39,2026-09-13 10:03:39,15.8,63.72
355,pa257,co36,San José,2026-09-07 14:00:53,2026-09-07 14:25:53,7.0,37.92
356,pa161,co29,San José,2026-09-11 12:23:30,2026-09-11 12:41:30,7.4,36.33
357,pa196,co52,Tegucigalpa,2026-09-28 20:07:45,2026-09-28 21:11:45,17.1,85.1
358,pa206,co17,San José,2026-09-12 18:21:21,2026-09-12 19:03:21,17.1,74.12
359,pa193,co59,Managua,2026-09-06 18:29:16,2026-09-06 18:39:16,4.0,24.84
360,pa209,co39,San José,2026-09-25 10:11:51,2026-09-25 11:00:51,17.9,90.4
361,pa107,co29,San José,2026-09-21 16:40:03,2026-09-21 17:44:03,24.5,93.94
362,pa042,co72,Guatemala,2026-09-09 17:17:21,2026-09-09 17:40:21,6.7,35.44
363,pa183,co47,Managua,2026-09-26 18:46:13,2026-09-26 19:06:13,8.2,39.41
364,pa230,co39,San José,2026-09-15 09:50:05,2026-09-15 09:54:05,1.8,14.79
365,pa179,co38,San Salvador,2026-09-05 12:21:36,2026-09-05 12:46:36,7.7,43.01
366,pa244,co03,Guatemala,2026-09-15 17:11:27,2026-09-15 17:56:27,21.6,103.16
367,pa147,co67,San Salvador,2026-09-21 07:37:11,2026-09-21 08:29:11,22.5,114.13
368,pa001,co49,San Salvador,2026-09-28 07:23:31,2026-09-28 07:28:31,1.8,14.9
369,pa209,co67,San Salvador,2026-09-17 18:07:41,2026-09-17 19:23:41,23.4,122.9
370,pa003,co37,Tegucigalpa,2026-09-27 07:25:42,2026-09-27 07:45:42,7.9,39.24
371,pa058,co65,Guatemala,2026-09-03 23:14:06,2026-09-04 00:30:06,21.7,91.49
372,pa230,co68,San Salvador,2026-09-29 18:05:02,2026-09-29 18:48:02,13.0,65.51
373,pa202,co02,San José,2026-09-03 18:54:45,2026-09-03 19:33:45,13.6,56.04
374,pa100,co77,San Salvador,2026-09-10 19:09:12,2026-09-10 19:38:12,10.5,54.18
375,pa015,co23,Guatemala,2026-09-26 11:33:43,2026-09-26 12:11:43,15.5,82.25
376,pa232,co21,San José,2026-09-19 13:19:15,2026-09-19 14:19:15,24.4,128.17
377,pa213,co62,San Salvador,2026-09-27 21:37:49,2026-09-27 23:03:49,24.1,107.39
378,pa152,co70,Tegucigalpa,2026-09-03 20:22:41,2026-09-03 21:08:41,18.7,75.54
379,pa224,co56,San José,2026-09-22 05:52:53,2026-09-22 05:55:53,1.7,16.42
380,pa228,co61,Guatemala,2026-09-15 21:30:19,2026-09-15 22:19:19,13.4,62.04
381,pa067,co22,Tegucigalpa,2026-09-12 08:44:18,2026-09-12 09:22:18,14.8,73.8
382,pa138,co20,San José,2026-09-11 16:51:27,2026-09-11 17:32:27,10.9,54.53
383,pa264,co28,Guatemala,2026-09-01 14:40:47,2026-09-01 15:07:47,12.8,57.98
384,pa116,co43,San Salvador,2026-09-14 07:47:53,2026-09-14 08:52:53,21.9,115.05
385,pa179,co20,San José,2026-09-26 10:19:05,2026-09-26 10:44:05,12.3,68.93
386,pa279,co59,Managua,2026-09-04 12:54:33,2026-09-04 13:03:33,3.5,23.09
387,pa194,co08,Guatemala,2026-09-04 12:58:41,2026-09-04 13:59:41,18.4,77.26
388,pa026,co07,San José,2026-09-25 08:50:30,2026-09-25 09:45:30,22.2,113.16
389,pa228,co21,San José,2026-09-14 17:28:06,2026-09-14 18:22:06,14.1,76.16
390,pa282,co04,Tegucigalpa,2026-09-23 15:16:26,2026-09-23 16:01:26,20.0,97.21
391,pa003,co63,Managua,2026-09-19 14:33:34,2026-09-19 15:35:34,20.8,82.17
392,pa046,co01,San José,2026-09-30 16:07:53,2026-09-30 16:56:53,14.2,60.89
393,pa133,co13,San José,2026-09-05 12:17:33,2026-09-05 12:52:33,12.4,69.53
394,pa274,co77,San Salvador,2026-09-14 16:46:12,2026-09-14 17:52:12,22.0,99.85
395,pa268,co30,San José,2026-09-28 10:12:02,2026-09-28 10:34:02,8.6,40.27
396,pa149,co20,San José,2026-09-18 18:26:29,2026-09-18 18:37:29,4.2,28.38
397,pa228,co41,Managua,2026-09-09 07:00:48,2026-09-09 07:47:48,18.4,76.73
398,pa143,co17,San José,2026-09-20 17:29:11,2026-09-20 17:41:11,4.4,27.44
399,pa179,co61,Guatemala,2026-09-29 16:03:55,2026-09-29 16:12:55,4.1,23.45
400,pa195,co36,San José,2026-09-09 19:41:24,2026-09-09 21:04:24,24.9,124.46
401,pa236,co38,San Salvador,2026-09-15 03:11:46,2026-09-15 03:28:46,6.3,36.89
402,pa274,co72,Guatemala,2026-09-29 13:38:36,2026-09-29 14:02:36,10.3,44.09
403,pa210,co71,San José,2026-09-02 11:01:50,2026-09-02 11:18:50,7.3,38.3
404,pa296,co57,Tegucigalpa,2026-09-13 15:07:41,2026-09-13 16:20:41,19.9,94.61
405,pa180,co78,San José,2026-09-21 15:05:41,2026-09-21 15:45:41,10.7,50.9
406,pa293,co24,San José,2026-09-11 19:05:24,2026-09-11 20:04:24,24.6,110.86
407,pa007,co26,Tegucigalpa,2026-09-24 13:12:05,2026-09-24 14:24:05,21.0,96.77
408,pa121,co13,San José,2026-09-19 14:34:07,2026-09-19 14:48:07,6.0,30.26
409,pa192,co19,San Salvador,2026-09-06 12:33:41,2026-09-06 13:33:41,18.7,92.72
410,pa208,co66,San Salvador,2026-09-16 20:31:21,2026-09-16 20:38:21,3.9,23.55
411,pa272,co54,Managua,2026-09-14 20:50:59,2026-09-14 21:03:59,6.5,38.0
412,pa241,co43,San Salvador,2026-09-14 15:08:14,2026-09-14 15:59:14,22.3,107.19
413,pa113,co14,Guatemala,2026-09-18 17:15:17,2026-09-18 17:59:17,14.3,75.69
414,pa278,co46,San Salvador,2026-09-13 10:59:23,2026-09-13 12:22:23,22.9,118.2
415,pa017,co27,Tegucigalpa,2026-09-29 10:21:40,2026-09-29 11:05:40,11.5,64.31
416,pa076,co12,San Salvador,2026-09-18 17:21:46,2026-09-18 17:36:46,4.7,27.66
417,pa149,co73,Managua,2026-09-07 18:56:56,2026-09-07 19:28:56,12.9,60.07
418,pa144,co10,Managua,2026-09-29 15:26:03,2026-09-29 16:03:03,11.2,51.06
419,pa082,co25,Guatemala,2026-09-30 20:31:25,2026-09-30 21:12:25,15.1,71.02
420,pa011,co76,Tegucigalpa,2026-09-17 12:31:21,2026-09-17 13:02:21,12.2,64.18
421,pa133,co15,Tegucigalpa,2026-09-07 07:52:16,2026-09-07 08:28:16,15.3,67.69
422,pa237,co70,Tegucigalpa,2026-09-17 19:21:21,2026-09-17 19:49:21,13.4,61.97
423,pa294,co15,Tegucigalpa,2026-09-17 13:25:37,2026-09-17 14:22:37,17.6,83.55
424,pa177,co41,Managua,2026-09-24 05:10:39,2026-09-24 06:00:39,14.5,73.36
425,pa139,co02,San José,2026-09-21 16:18:38,2026-09-21 16:54:38,13.8,68.28
426,pa010,co30,San José,2026-09-30 16:33:53,2026-09-30 17:19:53,11.8,54.85
427,pa196,co11,Tegucigalpa,2026-09-26 10:19:29,2026-09-26 10:33:29,6.2,30.28
428,pa053,co56,San José,2026-09-29 07:07:01,2026-09-29 07:43:01,11.1,51.74
429,pa293,co71,San José,2026-09-17 16:02:03,2026-09-17 16:17:03,4.7,25.31
430,pa237,co60,Tegucigalpa,2026-09-29 18:44:02,2026-09-29 19:12:02,13.1,57.15
431,pa287,co03,Guatemala,2026-09-22 01:03:27,2026-09-22 01:30:27,10.7,61.24
432,pa210,co59,Managua,2026-09-03 20:38:55,2026-09-03 21:13:55,13.0,62.59
433,pa153,co12,San Salvador,2026-09-05 01:21:05,2026-09-05 01:59:05,10.5,46.38
434,pa018,co12,San Salvador,2026-09-02 10:10:40,2026-09-02 11:10:40,18.6,73.63
435,pa109,co52,Tegucigalpa,2026-09-02 06:12:50,2026-09-02 07:21:50,18.4,91.53
436,pa213,co72,Guatemala,2026-09-17 10:22:13,2026-09-17 11:46:13,23.0,103.68
437,pa073,co63,Managua,2026-09-07 19:16:55,2026-09-07 20:16:55,19.6,104.56
438,pa291,co10,Managua,2026-09-23 21:14:06,2026-09-23 21:39:06,11.3,56.84
439,pa187,co57,Tegucigalpa,2026-09-13 11:32:27,2026-09-13 11:38:27,2.9,21.92
440,pa244,co36,San José,2026-09-21 19:41:21,2026-09-21 20:28:21,17.4,84.66
441,pa161,co61,Guatemala,2026-09-07 22:59:34,2026-09-07 23:43:34,11.2,51.28
442,pa136,co76,Tegucigalpa,2026-09-27 18:40:41,2026-09-27 18:58:41,8.2,37.22
443,pa136,co27,Tegucigalpa,2026-09-14 19:46:51,2026-09-14 19:59:51,6.2,29.88
444,pa127,co68,San Salvador,2026-09-15 17:35:41,2026-09-15 17:43:41,2.3,17.46
445,pa076,co45,San José,2026-09-09 20:12:01,2026-09-09 20:46:01,9.5,53.12
446,pa084,co27,Tegucigalpa,2026-09-14 13:42:18,2026-09-14 13:54:18,4.1,23.27
447,pa249,co72,Guatemala,2026-09-03 21:37:59,2026-09-03 21:44:59,3.2,21.91
448,pa193,co12,San Salvador,2026-09-05 18:16:01,2026-09-05 18:45:01,12.4,67.45
449,pa284,co28,Guatemala,2026-09-30 17:25:16,2026-09-30 17:59:16,9.2,50.64
450,pa071,co61,Guatemala,2026-09-14 14:39:54,2026-09-14 15:08:54,14.2,77.03
451,pa204,co73,Managua,2026-09-22 09:59:37,2026-09-22 10:58:37,24.1,128.37
452,pa065,co44,Guatemala,2026-09-13 11:24:54,2026-09-13 12:15:54,21.0,111.52
453,pa065,co27,Tegucigalpa,2026-09-03 09:52:58,2026-09-03 10:10:58,6.7,31.89
454,pa151,co29,San José,2026-09-13 11:12:41,2026-09-13 12:37:41,24.3,107.47
455,pa251,co02,San José,2026-09-17 06:06:32,2026-09-17 07:11:32,16.8,74.48
456,pa083,co17,San José,2026-09-09 14:15:48,2026-09-09 15:12:48,24.8,124.84
457,pa259,co39,San José,2026-09-12 16:09:57,2026-09-12 16:37:57,10.4,56.26
458,pa113,co33,Tegucigalpa,2026-09-30 12:42:38,2026-09-30 13:24:38,12.7,59.13
459,pa234,co10,Managua,2026-09-06 14:38:29,2026-09-06 15:28:29,12.9,70.18
460,pa145,co36,San José,2026-09-08 18:53:47,2026-09-08 19:45:47,16.8,71.29
461,pa244,co76,Tegucigalpa,2026-09-13 00:31:38,2026-09-13 00:55:38,8.5,42.49
462,pa100,co73,Managua,2026-09-12 07:41:39,2026-09-12 08:25:39,14.3,69.35
463,pa078,co72,Guatemala,2026-09-20 08:13:56,2026-09-20 08:56:56,19.5,96.51
464,pa091,co78,San José,2026-09-30 12:36:15,2026-09-30 12:56:15,5.4,27.25
465,pa197,co56,San José,2026-09-06 13:22:27,2026-09-06 14:20:27,21.2,106.52
466,pa220,co27,Tegucigalpa,2026-09-24 12:13:59,2026-09-24 13:22:59,22.3,91.14
467,pa072,co23,Guatemala,2026-09-23 21:09:23,2026-09-23 21:55:23,18.7,98.59
468,pa133,co15,Tegucigalpa,2026-09-28 11:09:16,2026-09-28 11:49:16,10.7,56.31
469,pa161,co34,Tegucigalpa,2026-09-30 18:25:55,2026-09-30 18:55:55,10.4,56.25
470,pa202,co36,San José,2026-09-22 21:50:38,2026-09-22 21:57:38,2.0,16.98
471,pa205,co55,San José,2026-09-19 00:55:49,2026-09-19 01:55:49,18.5,84.55
472,pa077,co61,Guatemala,2026-09-25 19:24:03,2026-09-25 19:40:03,7.7,37.97
473,pa201,co29,San José,2026-09-09 17:13:41,2026-09-09 17:41:41,8.3,48.12
474,pa244,co28,Guatemala,2026-09-06 06:24:52,2026-09-06 07:35:52,19.7,100.02
475,pa045,co65,Guatemala,2026-09-15 08:32:58,2026-09-15 09:30:58,22.7,106.8
476,pa198,co46,San Salvador,2026-09-25 19:59:01,2026-09-25 20:16:01,6.7,39.28
477,pa058,co03,Guatemala,2026-09-25 19:25:10,2026-09-25 19:53:10,11.3,61.92
478,pa138,co42,San José,2026-09-03 17:49:25,2026-09-03 18:50:25,21.5,95.2
479,pa244,co08,Guatemala,2026-09-06 17:25:28,2026-09-06 17:44:28,7.9,41.48
480,pa216,co08,Guatemala,2026-09-07 08:18:52,2026-09-07 08:52:52,11.8,55.57
481,pa258,co18,Guatemala,2026-09-18 14:23:54,2026-09-18 14:36:54,3.5,24.63
482,pa197,co19,San Salvador,2026-09-17 10:26:04,2026-09-17 11:27:04,19.8,102.11
483,pa058,co17,San José,2026-09-07 17:44:11,2026-09-07 18:49:11,17.6,90.66
484,pa214,co06,Tegucigalpa,2026-09-11 12:02:16,2026-09-11 12:47:16,15.6,64.2
485,pa126,co52,Tegucigalpa,2026-09-21 07:51:20,2026-09-21 08:08:20,5.5,28.8
486,pa014,co46,San Salvador,2026-09-23 09:58:56,2026-09-23 11:01:56,19.9,95.48
487,pa296,co32,San José,2026-09-21 21:40:34,2026-09-21 22:24:34,15.4,75.34
488,pa203,co36,San José,2026-09-01 14:12:17,2026-09-01 14:36:17,8.8,48.76
489,pa199,co51,San Salvador,2026-09-06 12:36:57,2026-09-06 13:35:57,19.7,104.87
490,pa057,co32,San José,2026-09-25 07:37:43,2026-09-25 08:13:43,12.1,53.92
491,pa068,co20,San José,2026-09-27 15:07:21,2026-09-27 16:28:21,22.0,117.56
492,pa045,co10,Managua,2026-09-09 10:29:16,2026-09-09 11:36:16,23.6,110.93
493,pa216,co73,Managua,2026-09-01 07:34:30,2026-09-01 07:47:30,3.7,23.13
494,pa290,co76,Tegucigalpa,2026-09-10 19:15:24,2026-09-10 20:28:24,18.9,94.42
495,pa172,co31,Tegucigalpa,2026-09-08 13:16:20,2026-09-08 13:47:20,9.3,54.17
496,pa096,co26,Tegucigalpa,2026-09-15 21:06:57,2026-09-15 21:45:57,14.7,67.84
497,pa276,co22,Tegucigalpa,2026-09-18 10:04:05,2026-09-18 11:12:05,23.3,97.96
498,pa278,co59,Managua,2026-09-11 08:27:15,2026-09-11 09:32:15,18.7,93.94
499,pa008,co45,San José,2026-09-29 13:46:20,2026-09-29 13:56:20,4.1,28.19
500,pa152,co37,Tegucigalpa,2026-09-16 09:44:59,2026-09-16 10:36:59,21.3,106.95
501,pa127,co23,Guatemala,2026-09-30 18:11:15,2026-09-30 18:47:15,12.6,66.07
502,pa130,co39,San José,2026-09-03 12:34:38,2026-09-03 12:56:38,10.1,56.09
503,pa058,co43,San Salvador,2026-09-10 19:19:30,2026-09-10 20:20:30,18.3,92.01
504,pa156,co29,San José,2026-09-13 12:21:42,2026-09-13 12:34:42,4.0,26.56
505,pa297,co61,Guatemala,2026-09-01 12:24:11,2026-09-01 13:16:11,23.3,101.87
506,pa173,co04,Tegucigalpa,2026-09-10 20:49:33,2026-09-10 22:00:33,18.8,77.42
507,pa204,co01,San José,2026-09-11 20:39:44,2026-09-11 21:34:44,16.0,74.03
508,pa118,co31,Tegucigalpa,2026-09-14 10:04:48,2026-09-14 10:14:48,5.1,29.12
509,pa041,co65,Guatemala,2026-09-01 13:57:40,2026-09-01 14:31:40,13.7,67.52
510,pa265,co06,Tegucigalpa,2026-09-08 22:52:06,2026-09-08 23:57:06,19.4,98.74
511,pa181,co44,Guatemala,2026-09-23 02:04:00,2026-09-23 02:42:00,10.1,47.82
512,pa104,co53,Managua,2026-09-27 16:23:53,2026-09-27 16:54:53,15.7,76.76
513,pa074,co05,Tegucigalpa,2026-09-30 18:23:58,2026-09-30 19:07:58,20.2,101.24
514,pa153,co15,Tegucigalpa,2026-09-16 15:02:53,2026-09-16 15:37:53,14.6,63.9
515,pa256,co30,San José,2026-09-08 17:48:57,2026-09-08 19:01:57,18.7,90.93
516,pa177,co06,Tegucigalpa,2026-09-29 21:34:27,2026-09-29 22:23:27,12.8,62.18
517,pa116,co26,Tegucigalpa,2026-09-25 00:48:25,2026-09-25 00:59:25,4.7,25.49
518,pa276,co55,San José,2026-09-30 15:30:02,2026-09-30 16:00:02,12.2,60.66
519,pa189,co25,Guatemala,2026-09-17 18:33:50,2026-09-17 18:57:50,9.1,40.71
520,pa204,co26,Tegucigalpa,2026-09-20 16:41:54,2026-09-20 16:47:54,2.0,17.22
521,pa109,co10,Managua,2026-09-28 16:59:17,2026-09-28 17:37:17,10.4,58.46
522,pa111,co30,San José,2026-09-14 10:59:07,2026-09-14 11:29:07,9.1,52.21
523,pa030,co41,Managua,2026-09-29 19:24:28,2026-09-29 19:58:28,9.6,54.77
524,pa179,co15,Tegucigalpa,2026-09-22 12:05:12,2026-09-22 13:14:12,18.0,97.01
525,pa236,co27,Tegucigalpa,2026-09-18 16:14:15,2026-09-18 17:25:15,20.7,102.77
526,pa069,co27,Tegucigalpa,2026-09-15 11:15:06,2026-09-15 11:22:06,2.8,17.93
527,pa235,co27,Tegucigalpa,2026-09-10 11:45:11,2026-09-10 13:02:11,21.6,105.32
528,pa057,co21,San José,2026-09-01 12:25:56,2026-09-01 13:18:56,23.5,112.02
529,pa024,co73,Managua,2026-09-11 15:49:23,2026-09-11 16:05:23,7.4,34.25
530,pa047,co46,San Salvador,2026-09-01 10:49:40,2026-09-01 11:49:40,22.0,106.93
531,pa063,co26,Tegucigalpa,2026-09-18 15:07:08,2026-09-18 15:56:08,24.3,123.94
532,pa111,co57,Tegucigalpa,2026-09-27 06:27:59,2026-09-27 06:52:59,6.6,40.89
533,pa187,co72,Guatemala,2026-09-27 02:26:46,2026-09-27 03:11:46,18.3,98.65
534,pa236,co31,Tegucigalpa,2026-09-09 12:39:32,2026-09-09 12:44:32,2.3,18.32
535,pa078,co50,San José,2026-09-05 07:46:12,2026-09-05 09:04:12,21.7,95.95
536,pa209,co73,Managua,2026-09-19 18:45:41,2026-09-19 19:01:41,5.6,28.81
537,pa069,co39,San José,2026-09-11 07:16:12,2026-09-11 08:06:12,16.3,69.78
538,pa227,co51,San Salvador,2026-09-25 09:11:13,2026-09-25 09:34:13,7.1,37.53
539,pa044,co64,San José,2026-09-20 11:59:54,2026-09-20 12:39:54,14.6,71.58
540,pa277,co14,Guatemala,2026-09-08 17:30:48,2026-09-08 18:04:48,16.5,79.63
541,pa267,co15,Tegucigalpa,2026-09-24 08:14:39,2026-09-24 08:37:39,11.3,49.2
542,pa143,co73,Managua,2026-09-27 20:20:48,2026-09-27 20:43:48,9.0,41.65
543,pa264,co17,San José,2026-09-02 10:57:09,2026-09-02 11:28:09,9.1,49.2
544,pa022,co03,Guatemala,2026-09-27 19:07:50,2026-09-27 19:46:50,12.5,56.35
545,pa170,co02,San José,2026-09-24 12:36:32,2026-09-24 13:29:32,24.3,107.24
546,pa071,co15,Tegucigalpa,2026-09-13 21:02:11,2026-09-13 21:58:11,17.5,84.32
547,pa126,co38,San Salvador,2026-09-30 01:20:29,2026-09-30 02:28:29,17.8,84.49
548,pa215,co15,Tegucigalpa,2026-09-13 11:08:12,2026-09-13 11:29:12,7.1,35.53
549,pa104,co41,Managua,2026-09-06 17:19:58,2026-09-06 17:58:58,13.7,71.98
550,pa232,co63,Managua,2026-09-06 23:02:10,2026-09-06 23:56:10,16.7,68.19
551,pa081,co67,San Salvador,2026-09-10 19:35:51,2026-09-10 20:57:51,20.9,91.59
552,pa086,co01,San José,2026-09-25 08:16:04,2026-09-25 08:32:04,5.9,31.92
553,pa298,co39,San José,2026-09-06 22:28:23,2026-09-06 22:45:23,7.3,40.47
554,pa276,co21,San José,2026-09-06 18:54:30,2026-09-06 19:19:30,11.0,46.81
555,pa216,co36,San José,2026-09-19 16:26:01,2026-09-19 16:35:01,3.5,22.75
556,pa129,co07,San José,2026-09-14 18:20:40,2026-09-14 19:39:40,22.6,95.67
557,pa128,co65,Guatemala,2026-09-08 14:12:18,2026-09-08 14:39:18,8.8,41.45
558,pa223,co02,San José,2026-09-27 18:06:58,2026-09-27 18:14:58,3.6,24.04
559,pa104,co10,Managua,2026-09-30 21:12:55,2026-09-30 21:38:55,11.5,51.65
560,pa275,co29,San José,2026-09-14 06:54:59,2026-09-14 07:41:59,17.2,72.06
561,pa091,co03,Guatemala,2026-09-24 09:51:10,2026-09-24 10:31:10,19.7,93.65
562,pa019,co15,Tegucigalpa,2026-09-28 06:25:28,2026-09-28 07:04:28,18.3,96.77
563,pa100,co59,Managua,2026-09-23 20:38:55,2026-09-23 21:16:55,17.2,71.83
564,pa199,co62,San Salvador,2026-09-25 13:12:23,2026-09-25 13:54:23,12.2,58.26
565,pa069,co57,Tegucigalpa,2026-09-13 23:50:03,2026-09-14 00:32:03,12.9,66.84
566,pa099,co23,Guatemala,2026-09-01 18:04:12,2026-09-01 18:24:12,8.0,36.47
567,pa259,co56,San José,2026-09-14 11:37:17,2026-09-14 13:01:17,23.1,101.27
568,pa247,co15,Tegucigalpa,2026-09-07 13:39:39,2026-09-07 14:20:39,11.3,49.67
569,pa070,co19,San Salvador,2026-09-08 16:28:50,2026-09-08 16:49:50,9.1,47.51
570,pa275,co12,San Salvador,2026-09-18 18:33:32,2026-09-18 19:05:32,8.7,41.73
571,pa207,co17,San José,2026-09-02 20:53:35,2026-09-02 21:41:35,15.3,83.73
572,pa230,co39,San José,2026-09-25 18:16:44,2026-09-25 19:01:44,11.8,66.46
573,pa296,co28,Guatemala,2026-09-21 12:28:54,2026-09-21 13:48:54,22.0,111.5
574,pa071,co51,San Salvador,2026-09-22 20:32:28,2026-09-22 21:11:28,16.6,69.66
575,pa091,co50,San José,2026-09-04 17:26:25,2026-09-04 18:29:25,20.3,93.41
576,pa152,co11,Tegucigalpa,2026-09-25 11:23:31,2026-09-25 12:12:31,14.7,71.63
577,pa044,co44,Guatemala,2026-09-20 21:25:20,2026-09-20 22:36:20,21.4,97.42
578,pa232,co59,Managua,2026-09-16 10:52:13,2026-09-16 11:12:13,7.3,44.3
579,pa047,co74,San Salvador,2026-09-27 11:23:38,2026-09-27 11:51:38,12.9,69.17
580,pa092,co24,San José,2026-09-04 15:05:57,2026-09-04 15:11:57,3.0,22.0
581,pa207,co39,San José,2026-09-02 14:03:38,2026-09-02 14:45:38,14.7,65.31
582,pa024,co55,San José,2026-09-07 19:38:48,2026-09-07 20:23:48,21.1,95.2
583,pa216,co32,San José,2026-09-09 19:28:20,2026-09-09 20:06:20,16.1,72.46
584,pa011,co41,Managua,2026-09-14 07:03:08,2026-09-14 07:45:08,16.1,80.32
585,pa205,co17,San José,2026-09-18 17:51:57,2026-09-18 18:13:57,10.5,51.23
586,pa157,co61,Guatemala,2026-09-30 11:23:24,2026-09-30 11:30:24,3.3,24.44
587,pa083,co38,San Salvador,2026-09-09 20:15:59,2026-09-09 20:30:59,5.2,27.46
588,pa265,co21,San José,2026-09-04 11:55:42,2026-09-04 12:31:42,13.7,69.71
589,pa087,co76,Tegucigalpa,2026-09-18 18:02:54,2026-09-18 18:33:54,9.5,44.0
590,pa058,co46,San Salvador,2026-09-10 22:28:18,2026-09-10 23:09:18,20.5,95.89
591,pa160,co61,Guatemala,2026-09-25 14:14:28,2026-09-25 15:44:28,23.6,90.77
592,pa103,co61,Guatemala,2026-09-17 20:13:33,2026-09-17 20:17:33,1.7,14.42
593,pa072,co63,Managua,2026-09-22 11:16:52,2026-09-22 11:30:52,6.4,35.24
594,pa130,co20,San José,2026-09-01 15:42:52,2026-09-01 16:11:52,7.6,38.13
595,pa109,co65,Guatemala,2026-09-15 16:43:23,2026-09-15 17:26:23,12.5,55.75
596,pa026,co32,San José,2026-09-06 06:32:17,2026-09-06 07:12:17,12.9,62.28
597,pa091,co51,San Salvador,2026-09-10 16:23:21,2026-09-10 17:13:21,20.1,83.18
598,pa069,co67,San Salvador,2026-09-20 07:01:42,2026-09-20 07:38:42,9.8,53.1
599,pa045,co76,Tegucigalpa,2026-09-27 09:45:26,2026-09-27 10:54:26,21.2,107.28
600,pa091,co28,Guatemala,2026-09-08 11:07:52,2026-09-08 11:48:52,13.0,65.33
601,pa167,co13,San José,2026-09-18 23:53:04,2026-09-19 01:11:04,21.3,111.07
602,pa230,co11,Tegucigalpa,2026-09-29 12:20:22,2026-09-29 12:26:22,2.5,17.89
603,pa010,co76,Tegucigalpa,2026-09-16 05:47:51,2026-09-16 06:14:51,9.1,52.4
604,pa258,co41,Managua,2026-09-03 13:49:57,2026-09-03 14:31:57,18.0,75.71
605,pa050,co37,Tegucigalpa,2026-09-15 09:33:08,2026-09-15 10:14:08,11.6,64.69
606,pa041,co42,San José,2026-09-11 08:08:53,2026-09-11 08:49:53,20.2,108.92
607,pa037,co72,Guatemala,2026-09-21 14:17:50,2026-09-21 15:25:50,21.7,87.08
608,pa022,co28,Guatemala,2026-09-17 20:04:17,2026-09-17 20:09:17,1.7,15.44
609,pa006,co31,Tegucigalpa,2026-09-14 20:19:35,2026-09-14 20:37:35,7.6,42.87
610,pa072,co09,Managua,2026-09-08 07:36:16,2026-09-08 07:42:16,1.8,15.73
611,pa219,co05,Tegucigalpa,2026-09-05 21:19:07,2026-09-05 21:26:07,3.0,19.83
612,pa155,co46,San Salvador,2026-09-03 16:14:36,2026-09-03 16:26:36,5.2,29.99
613,pa047,co44,Guatemala,2026-09-13 13:46:08,2026-09-13 14:03:08,6.4,38.0
614,pa277,co13,San José,2026-09-08 10:10:25,2026-09-08 10:40:25,9.1,45.21
615,pa044,co51,San Salvador,2026-09-21 10:05:36,2026-09-21 10:17:36,4.8,26.92
616,pa020,co03,Guatemala,2026-09-08 15:33:52,2026-09-08 16:22:52,24.8,106.91
617,pa271,co78,San José,2026-09-03 21:54:03,2026-09-03 23:04:03,18.4,77.27
618,pa262,co14,Guatemala,2026-09-18 06:21:15,2026-09-18 06:31:15,4.7,29.49
619,pa183,co19,San Salvador,2026-09-30 06:49:50,2026-09-30 07:30:50,10.8,55.0
620,pa116,co14,Guatemala,2026-09-24 17:26:48,2026-09-24 17:50:48,7.7,46.11
621,pa259,co32,San José,2026-09-15 23:31:37,2026-09-15 23:56:37,12.5,70.1
622,pa179,co10,Managua,2026-09-06 19:54:59,2026-09-06 20:34:59,13.7,76.08
623,pa006,co73,Managua,2026-09-15 10:37:56,2026-09-15 11:55:56,20.3,109.02
624,pa132,co36,San José,2026-09-07 11:23:59,2026-09-07 11:57:59,10.6,45.48
625,pa063,co15,Tegucigalpa,2026-09-30 19:24:47,2026-09-30 19:53:47,13.2,55.68
626,pa247,co33,Tegucigalpa,2026-09-13 05:50:13,2026-09-13 06:12:13,9.2,44.6
627,pa158,co28,Guatemala,2026-09-08 09:38:25,2026-09-08 10:39:25,18.8,97.83
628,pa072,co45,San José,2026-09-25 18:05:29,2026-09-25 19:02:29,18.3,88.27
629,pa089,co21,San José,2026-09-04 18:22:25,2026-09-04 18:25:25,1.6,15.66
630,pa198,co67,San Salvador,2026-09-06 08:31:37,2026-09-06 09:13:37,17.6,92.98
631,pa022,co76,Tegucigalpa,2026-09-17 20:33:59,2026-09-17 21:30:59,19.5,92.37
632,pa258,co67,San Salvador,2026-09-22 14:15:42,2026-09-22 14:28:42,3.9,26.82
633,pa113,co59,Managua,2026-09-03 14:34:09,2026-09-03 15:29:09,21.2,101.33
634,pa143,co05,Tegucigalpa,2026-09-28 14:30:45,2026-09-28 14:41:45,4.5,30.45
635,pa255,co26,Tegucigalpa,2026-09-21 08:09:29,2026-09-21 09:13:29,17.9,85.08
636,pa170,co44,Guatemala,2026-09-05 23:16:56,2026-09-06 00:30:56,24.9,116.43
637,pa018,co26,Tegucigalpa,2026-09-19 05:01:27,2026-09-19 05:45:27,20.6,81.8
638,pa135,co26,Tegucigalpa,2026-09-28 18:54:14,2026-09-28 19:00:14,1.9,16.61
639,pa257,co28,Guatemala,2026-09-20 10:17:46,2026-09-20 11:06:46,13.4,55.04
640,pa131,co36,San José,2026-09-22 01:13:15,2026-09-22 01:25:15,5.9,36.02
641,pa006,co56,San José,2026-09-07 19:01:07,2026-09-07 19:35:07,14.5,76.07
642,pa092,co56,San José,2026-09-01 21:36:34,2026-09-01 21:43:34,2.8,21.24
643,pa091,co60,Tegucigalpa,2026-09-14 06:41:52,2026-09-14 07:40:52,20.2,83.51
644,pa131,co31,Tegucigalpa,2026-09-08 21:49:17,2026-09-08 21:54:17,1.6,14.9
645,pa065,co36,San José,2026-09-30 22:46:16,2026-09-30 23:44:16,18.4,86.16
646,pa286,co24,San José,2026-09-12 18:06:02,2026-09-12 18:18:02,6.1,35.96
647,pa219,co15,Tegucigalpa,2026-09-13 17:28:57,2026-09-13 18:21:57,17.9,94.12
648,pa265,co29,San José,2026-09-01 11:28:45,2026-09-01 11:53:45,9.2,43.67
649,pa019,co07,San José,2026-09-11 23:31:10,2026-09-11 23:37:10,2.0,15.54
650,pa185,co63,Managua,2026-09-28 21:24:35,2026-09-28 22:31:35,18.2,76.51
651,pa206,co54,Managua,2026-09-07 14:04:56,2026-09-07 14:56:56,16.0,69.58
652,pa155,co52,Tegucigalpa,2026-09-26 22:18:14,2026-09-26 23:16:14,17.2,82.37
653,pa089,co59,Managua,2026-09-07 23:30:47,2026-09-07 23:51:47,5.7,31.83
654,pa235,co55,San José,2026-09-17 13:09:05,2026-09-17 14:12:05,24.3,107.8
655,pa219,co67,San Salvador,2026-09-25 18:09:46,2026-09-25 19:20:46,18.9,93.21
656,pa061,co55,San José,2026-09-06 16:52:34,2026-09-06 16:57:34,1.6,15.42
657,pa032,co14,Guatemala,2026-09-21 20:19:11,2026-09-21 21:05:11,12.3,52.19
658,pa149,co54,Managua,2026-09-18 07:13:05,2026-09-18 08:08:05,24.9,121.62
659,pa287,co19,San Salvador,2026-09-09 14:16:14,2026-09-09 15:16:14,23.5,100.81
660,pa183,co53,Managua,2026-09-08 16:56:48,2026-09-08 17:18:48,8.5,39.95
661,pa139,co02,San José,2026-09-14 15:59:19,2026-09-14 16:59:19,19.7,100.01
662,pa253,co61,Guatemala,2026-09-22 18:57:50,2026-09-22 19:57:50,18.1,79.49
663,pa161,co44,Guatemala,2026-09-09 19:55:58,2026-09-09 20:48:58,16.5,89.96
664,pa042,co20,San José,2026-09-21 17:45:50,2026-09-21 18:32:50,12.7,69.67
665,pa211,co41,Managua,2026-09-19 11:18:37,2026-09-19 12:19:37,20.6,84.75
666,pa126,co32,San José,2026-09-12 17:28:53,2026-09-12 17:40:53,3.3,21.01
667,pa296,co65,Guatemala,2026-09-18 14:13:58,2026-09-18 14:23:58,3.4,20.19
668,pa115,co36,San José,2026-09-18 20:35:02,2026-09-18 21:10:02,9.4,49.39
669,pa199,co24,San José,2026-09-11 17:51:54,2026-09-11 18:44:54,18.8,81.48
670,pa058,co70,Tegucigalpa,2026-09-07 17:12:05,2026-09-07 18:01:05,14.8,64.14
671,pa173,co14,Guatemala,2026-09-23 14:49:58,2026-09-23 15:05:58,5.6,30.05
672,pa133,co13,San José,2026-09-08 17:59:14,2026-09-08 18:44:14,12.7,58.9
673,pa127,co39,San José,2026-09-02 05:51:16,2026-09-02 06:31:16,13.7,65.54
674,pa077,co59,Managua,2026-09-29 20:59:21,2026-09-29 21:04:21,2.0,15.27
675,pa216,co28,Guatemala,2026-09-06 16:14:29,2026-09-06 16:32:29,5.5,28.77
676,pa022,co28,Guatemala,2026-09-20 20:19:23,2026-09-20 21:53:23,24.6,99.36
677,pa099,co17,San José,2026-09-20 06:44:17,2026-09-20 07:11:17,12.9,58.22
678,pa245,co45,San José,2026-09-30 19:43:22,2026-09-30 20:54:22,24.0,92.61
679,pa143,co37,Tegucigalpa,2026-09-10 05:17:39,2026-09-10 05:41:39,11.3,54.63
680,pa197,co61,Guatemala,2026-09-07 22:22:40,2026-09-07 23:06:40,19.1,94.65
681,pa286,co31,Tegucigalpa,2026-09-07 00:33:48,2026-09-07 01:30:48,17.3,75.75
682,pa297,co67,San Salvador,2026-09-30 17:50:43,2026-09-30 18:55:43,19.9,87.71
683,pa283,co42,San José,2026-09-08 01:24:50,2026-09-08 01:39:50,4.5,30.47
684,pa173,co36,San José,2026-09-06 04:19:29,2026-09-06 05:17:29,22.6,92.93
685,pa074,co04,Tegucigalpa,2026-09-10 14:30:28,2026-09-10 15:52:28,23.6,103.53
686,pa123,co51,San Salvador,2026-09-09 13:23:58,2026-09-09 13:28:58,1.9,16.26
687,pa138,co76,Tegucigalpa,2026-09-14 14:05:59,2026-09-14 14:46:59,15.0,65.22
688,pa130,co61,Guatemala,2026-09-28 13:26:18,2026-09-28 13:47:18,9.3,53.37
689,pa268,co36,San José,2026-09-02 17:06:06,2026-09-02 17:40:06,16.2,84.84
690,pa154,co37,Tegucigalpa,2026-09-05 00:28:30,2026-09-05 00:47:30,9.4,54.09
691,pa187,co76,Tegucigalpa,2026-09-06 20:58:53,2026-09-06 21:03:53,1.9,16.33
692,pa198,co46,San Salvador,2026-09-20 19:35:32,2026-09-20 19:41:32,2.4,18.96
693,pa049,co38,San Salvador,2026-09-19 20:04:05,2026-09-19 20:44:05,20.1,97.88
694,pa190,co07,San José,2026-09-07 10:53:39,2026-09-07 11:47:39,19.7,77.56
695,pa016,co66,San Salvador,2026-09-09 17:18:39,2026-09-09 17:28:39,4.5,28.48
696,pa161,co67,San Salvador,2026-09-20 12:06:29,2026-09-20 13:02:29,22.5,96.14
697,pa234,co79,Guatemala,2026-09-10 18:06:43,2026-09-10 18:52:43,19.9,104.59
698,pa054,co28,Guatemala,2026-09-29 09:57:12,2026-09-29 10:55:12,16.2,80.68
699,pa153,co34,Tegucigalpa,2026-09-06 11:45:52,2026-09-06 12:38:52,14.5,79.04
700,pa075,co45,San José,2026-09-11 10:45:45,2026-09-11 11:59:45,25.0,101.56
701,pa259,co72,Guatemala,2026-09-06 11:20:54,2026-09-06 11:39:54,5.0,29.37
702,pa214,co73,Managua,2026-09-07 18:35:45,2026-09-07 18:55:45,9.1,53.02
703,pa127,co13,San José,2026-09-21 14:13:25,2026-09-21 14:40:25,10.7,55.18
704,pa133,co16,San José,2026-09-09 13:55:26,2026-09-09 14:42:26,22.1,94.66
705,pa098,co42,San José,2026-09-17 20:51:04,2026-09-17 22:04:04,24.5,103.42
706,pa286,co72,Guatemala,2026-09-10 18:10:43,2026-09-10 18:40:43,14.6,79.91
707,pa206,co10,Managua,2026-09-24 16:47:44,2026-09-24 17:46:44,18.0,77.41
708,pa190,co67,San Salvador,2026-09-22 14:53:43,2026-09-22 15:04:43,3.0,22.48
709,pa085,co24,San José,2026-09-03 21:25:53,2026-09-03 22:10:53,22.5,120.42
710,pa065,co49,San Salvador,2026-09-15 12:49:01,2026-09-15 13:53:01,19.3,75.88
711,pa168,co20,San José,2026-09-04 14:02:18,2026-09-04 14:21:18,9.4,54.98
712,pa296,co31,Tegucigalpa,2026-09-18 23:35:33,2026-09-19 00:02:33,9.4,48.75
713,pa170,co76,Tegucigalpa,2026-09-02 14:20:23,2026-09-02 15:41:23,21.5,111.54
714,pa268,co07,San José,2026-09-19 08:18:24,2026-09-19 08:29:24,3.1,21.46
715,pa074,co24,San José,2026-09-29 10:32:16,2026-09-29 11:39:16,18.9,77.34
716,pa180,co07,San José,2026-09-29 08:43:16,2026-09-29 09:00:16,5.1,29.13
717,pa300,co73,Managua,2026-09-07 07:52:50,2026-09-07 08:30:50,15.5,64.56
718,pa187,co26,Tegucigalpa,2026-09-24 18:55:20,2026-09-24 19:45:20,17.2,92.98
719,pa113,co08,Guatemala,2026-09-21 17:40:58,2026-09-21 18:27:58,13.2,65.46
720,pa168,co61,Guatemala,2026-09-29 13:41:20,2026-09-29 14:22:20,19.1,99.34
721,pa185,co24,San José,2026-09-28 22:55:51,2026-09-28 23:48:51,15.4,74.7
722,pa247,co25,Guatemala,2026-09-11 09:03:26,2026-09-11 09:17:26,4.9,25.82
723,pa113,co15,Tegucigalpa,2026-09-21 18:38:18,2026-09-21 19:09:18,7.9,41.49
724,pa018,co67,San Salvador,2026-09-04 16:11:24,2026-09-04 16:17:24,2.3,18.39
725,pa273,co21,San José,2026-09-24 21:34:45,2026-09-24 23:12:45,24.7,115.3
726,pa265,co23,Guatemala,2026-09-10 15:38:39,2026-09-10 16:50:39,22.2,107.3
727,pa268,co72,Guatemala,2026-09-02 15:37:41,2026-09-02 16:44:41,19.5,78.18
728,pa215,co11,Tegucigalpa,2026-09-19 15:43:58,2026-09-19 16:59:58,21.3,112.7
729,pa084,co10,Managua,2026-09-07 10:21:54,2026-09-07 10:27:54,2.0,15.7
730,pa089,co67,San Salvador,2026-09-08 10:38:06,2026-09-08 11:38:06,19.8,102.99
731,pa297,co28,Guatemala,2026-09-30 13:55:30,2026-09-30 15:16:30,24.1,118.25
732,pa005,co51,San Salvador,2026-09-29 19:02:39,2026-09-29 19:39:39,11.7,56.3
733,pa120,co15,Tegucigalpa,2026-09-02 16:56:32,2026-09-02 17:47:32,24.5,129.92
734,pa054,co15,Tegucigalpa,2026-09-16 05:02:34,2026-09-16 05:31:34,9.2,52.79
735,pa232,co77,San Salvador,2026-09-15 09:15:45,2026-09-15 10:40:45,21.5,109.96
736,pa063,co43,San Salvador,2026-09-17 18:28:56,2026-09-17 19:12:56,11.9,57.55
737,pa252,co34,Tegucigalpa,2026-09-21 17:09:29,2026-09-21 18:13:29,18.1,89.96
738,pa127,co60,Tegucigalpa,2026-09-24 12:05:28,2026-09-24 13:21:28,24.9,98.46
739,pa026,co31,Tegucigalpa,2026-09-05 21:06:47,2026-09-05 21:20:47,6.2,34.71
740,pa190,co43,San Salvador,2026-09-22 09:23:19,2026-09-22 10:31:19,23.3,101.65
741,pa241,co25,Guatemala,2026-09-06 07:15:42,2026-09-06 08:25:42,20.0,85.45
742,pa237,co59,Managua,2026-09-10 11:28:43,2026-09-10 12:29:43,17.6,90.43
743,pa103,co51,San Salvador,2026-09-27 07:45:15,2026-09-27 08:10:15,10.2,54.29
744,pa228,co17,San José,2026-09-11 07:26:24,2026-09-11 07:32:24,3.1,23.37
745,pa273,co73,Managua,2026-09-07 19:50:39,2026-09-07 20:37:39,20.1,87.65
746,pa044,co67,San Salvador,2026-09-27 13:28:55,2026-09-27 14:12:55,19.7,100.81
747,pa214,co39,San José,2026-09-13 19:01:55,2026-09-13 19:51:55,24.0,105.07
748,pa232,co37,Tegucigalpa,2026-09-29 08:16:55,2026-09-29 09:31:55,24.6,103.82
749,pa287,co08,Guatemala,2026-09-02 12:37:29,2026-09-02 12:56:29,7.6,38.45
750,pa285,co21,San José,2026-09-26 15:28:37,2026-09-26 16:02:37,12.1,54.66
751,pa211,co42,San José,2026-09-23 10:17:25,2026-09-23 10:40:25,10.2,57.79
752,pa117,co28,Guatemala,2026-09-25 08:35:09,2026-09-25 09:07:09,9.9,47.74
753,pa190,co28,Guatemala,2026-09-07 08:34:41,2026-09-07 09:06:41,9.1,41.92
754,pa299,co26,Tegucigalpa,2026-09-03 20:00:49,2026-09-03 20:23:49,8.6,42.09
755,pa002,co50,San José,2026-09-22 15:46:09,2026-09-22 16:42:09,22.6,103.93
756,pa065,co63,Managua,2026-09-09 14:35:49,2026-09-09 15:25:49,14.9,70.45
757,pa297,co67,San Salvador,2026-09-20 13:20:04,2026-09-20 13:41:04,7.0,39.41
758,pa203,co34,Tegucigalpa,2026-09-19 11:13:26,2026-09-19 11:46:26,15.8,83.79
759,pa252,co75,San José,2026-09-29 08:28:33,2026-09-29 08:41:33,6.4,33.94
760,pa188,co19,San Salvador,2026-09-07 20:13:05,2026-09-07 20:19:05,2.5,18.37
761,pa272,co09,Managua,2026-09-03 06:30:22,2026-09-03 06:47:22,6.8,33.5
762,pa075,co04,Tegucigalpa,2026-09-29 07:27:35,2026-09-29 08:06:35,10.7,61.16
763,pa232,co19,San Salvador,2026-09-11 11:08:04,2026-09-11 11:51:04,14.4,66.37
764,pa243,co60,Tegucigalpa,2026-09-09 12:26:51,2026-09-09 13:33:51,18.9,92.79
765,pa202,co48,Managua,2026-09-03 19:12:26,2026-09-03 20:03:26,24.5,107.73
766,pa061,co50,San José,2026-09-26 17:30:35,2026-09-26 17:50:35,5.2,32.71
767,pa248,co73,Managua,2026-09-21 17:36:13,2026-09-21 18:04:13,13.9,71.45
768,pa190,co37,Tegucigalpa,2026-09-25 17:40:56,2026-09-25 18:40:56,19.3,93.39
769,pa058,co49,San Salvador,2026-09-18 13:29:35,2026-09-18 14:15:35,13.0,70.09
770,pa207,co32,San José,2026-09-15 05:56:00,2026-09-15 06:13:00,5.2,32.32
771,pa058,co69,San José,2026-09-11 20:34:45,2026-09-11 21:13:45,13.5,67.81
772,pa103,co31,Tegucigalpa,2026-09-22 08:29:09,2026-09-22 09:16:09,19.7,99.61
773,pa128,co46,San Salvador,2026-09-14 17:16:10,2026-09-14 18:02:10,15.4,66.33
774,pa243,co08,Guatemala,2026-09-30 18:00:53,2026-09-30 18:52:53,17.9,96.41
775,pa300,co11,Tegucigalpa,2026-09-10 00:37:42,2026-09-10 01:15:42,14.0,73.85
776,pa275,co11,Tegucigalpa,2026-09-08 05:55:57,2026-09-08 06:54:57,17.3,72.69
777,pa072,co20,San José,2026-09-05 12:41:33,2026-09-05 13:04:33,10.2,55.95
778,pa059,co42,San José,2026-09-20 17:56:16,2026-09-20 18:16:16,7.8,35.81
779,pa018,co71,San José,2026-09-29 06:48:11,2026-09-29 08:20:11,24.4,95.02
780,pa269,co16,San José,2026-09-07 06:16:26,2026-09-07 07:16:26,21.2,103.32
781,pa084,co39,San José,2026-09-17 11:51:40,2026-09-17 12:23:40,15.5,72.67
782,pa170,co63,Managua,2026-09-13 10:18:31,2026-09-13 10:46:31,7.6,34.79
783,pa005,co22,Tegucigalpa,2026-09-29 13:28:43,2026-09-29 14:17:43,22.2,90.62
784,pa046,co78,San José,2026-09-16 12:10:10,2026-09-16 12:51:10,14.9,78.27
785,pa217,co56,San José,2026-09-17 14:16:04,2026-09-17 15:51:04,24.2,104.11
786,pa208,co47,Managua,2026-09-02 13:21:21,2026-09-02 13:48:21,10.8,52.66
787,pa232,co44,Guatemala,2026-09-01 18:08:52,2026-09-01 18:38:52,13.2,57.51
788,pa172,co32,San José,2026-09-20 11:02:34,2026-09-20 11:30:34,7.1,34.49
789,pa027,co64,San José,2026-09-08 10:38:21,2026-09-08 11:13:21,11.2,62.93
790,pa237,co59,Managua,2026-09-03 16:12:56,2026-09-03 16:21:56,2.8,17.95
791,pa172,co63,Managua,2026-09-06 20:28:02,2026-09-06 21:07:02,16.0,87.95
792,pa120,co49,San Salvador,2026-09-21 16:03:08,2026-09-21 16:32:08,13.9,57.8
793,pa190,co03,Guatemala,2026-09-30 08:52:38,2026-09-30 09:52:38,17.5,83.24
794,pa259,co59,Managua,2026-09-29 13:07:33,2026-09-29 14:26:33,22.5,89.85
795,pa086,co36,San José,2026-09-28 11:58:56,2026-09-28 12:35:56,11.6,64.35
796,pa104,co11,Tegucigalpa,2026-09-03 10:45:00,2026-09-03 11:56:00,19.8,97.98
797,pa002,co79,Guatemala,2026-09-02 09:52:21,2026-09-02 10:41:21,21.2,82.85
798,pa053,co36,San José,2026-09-03 20:21:42,2026-09-03 21:33:42,20.1,100.05
799,pa057,co56,San José,2026-09-26 10:13:29,2026-09-26 10:53:29,19.8,81.79
800,pa126,co73,Managua,2026-09-29 09:02:11,2026-09-29 09:24:11,6.1,35.86
801,pa235,co21,San José,2026-09-08 12:31:39,2026-09-08 13:22:39,24.0,107.5
802,pa023,co63,Managua,2026-09-28 07:50:26,2026-09-28 08:47:26,17.7,92.25
803,pa122,co36,San José,2026-09-11 07:50:09,2026-09-11 08:46:09,19.9,104.21
804,pa285,co21,San José,2026-09-29 05:14:01,2026-09-29 05:43:01,12.3,52.33
805,pa075,co20,San José,2026-09-28 17:17:31,2026-09-28 18:02:31,13.2,70.68
806,pa248,co17,San José,2026-09-25 09:06:57,2026-09-25 10:07:57,18.7,94.35
807,pa113,co56,San José,2026-09-17 11:56:50,2026-09-17 12:24:50,7.8,44.39
808,pa158,co43,San Salvador,2026-09-16 13:20:53,2026-09-16 13:56:53,15.1,72.01
809,pa272,co37,Tegucigalpa,2026-09-18 16:17:36,2026-09-18 17:25:36,20.8,86.56
810,pa246,co51,San Salvador,2026-09-30 13:20:17,2026-09-30 13:42:17,6.7,38.8
811,pa188,co20,San José,2026-09-06 19:43:16,2026-09-06 20:05:16,10.3,45.04
812,pa296,co76,Tegucigalpa,2026-09-09 08:33:19,2026-09-09 09:05:19,10.2,46.27
813,pa111,co36,San José,2026-09-08 12:40:09,2026-09-08 13:18:09,15.4,79.37
814,pa149,co70,Tegucigalpa,2026-09-17 07:43:22,2026-09-17 08:19:22,17.0,85.42
815,pa063,co61,Guatemala,2026-09-05 14:39:27,2026-09-05 14:55:27,5.6,29.23
816,pa271,co64,San José,2026-09-19 20:23:18,2026-09-19 21:35:18,18.1,93.88
817,pa165,co71,San José,2026-09-03 08:21:18,2026-09-03 09:29:18,19.2,91.68
818,pa190,co57,Tegucigalpa,2026-09-04 20:25:12,2026-09-04 21:24:12,23.4,120.09
819,pa037,co11,Tegucigalpa,2026-09-11 07:26:31,2026-09-11 08:37:31,18.2,98.81
820,pa098,co18,Guatemala,2026-09-30 11:42:51,2026-09-30 12:43:51,19.6,76.88
821,pa264,co42,San José,2026-09-25 14:52:10,2026-09-25 15:06:10,4.6,26.92
822,pa175,co20,San José,2026-09-25 18:48:34,2026-09-25 19:40:34,14.1,66.08
823,pa099,co65,Guatemala,2026-09-28 20:14:02,2026-09-28 21:28:02,20.0,103.38
824,pa154,co52,Tegucigalpa,2026-09-23 01:03:25,2026-09-23 01:59:25,23.4,91.44
825,pa275,co11,Tegucigalpa,2026-09-24 18:07:35,2026-09-24 19:04:35,17.8,95.47
826,pa133,co32,San José,2026-09-06 17:46:29,2026-09-06 19:07:29,20.5,88.25
827,pa193,co76,Tegucigalpa,2026-09-12 07:31:18,2026-09-12 07:49:18,5.7,28.95
828,pa131,co61,Guatemala,2026-09-26 21:22:14,2026-09-26 22:03:14,10.9,58.86
829,pa051,co70,Tegucigalpa,2026-09-29 15:56:58,2026-09-29 16:55:58,15.6,81.73
830,pa116,co49,San Salvador,2026-09-28 19:58:59,2026-09-28 20:17:59,8.2,47.78
831,pa300,co73,Managua,2026-09-29 14:45:47,2026-09-29 16:01:47,24.7,117.95
832,pa025,co28,Guatemala,2026-09-20 20:36:07,2026-09-20 21:27:07,18.9,87.26
833,pa181,co29,San José,2026-09-06 05:21:33,2026-09-06 06:24:33,18.4,90.03
834,pa204,co07,San José,2026-09-13 20:52:44,2026-09-13 21:05:44,6.1,33.49
835,pa199,co31,Tegucigalpa,2026-09-05 13:43:24,2026-09-05 14:48:24,18.5,90.87
836,pa103,co61,Guatemala,2026-09-27 08:28:17,2026-09-27 08:34:17,2.0,18.0
837,pa271,co22,Tegucigalpa,2026-09-13 13:15:59,2026-09-13 13:26:59,3.6,21.61
838,pa156,co45,San José,2026-09-02 16:32:49,2026-09-02 17:37:49,21.0,82.16
839,pa065,co19,San Salvador,2026-09-25 07:48:39,2026-09-25 08:52:39,16.5,66.09
840,pa083,co15,Tegucigalpa,2026-09-18 17:01:50,2026-09-18 17:55:50,15.6,85.34
841,pa113,co65,Guatemala,2026-09-14 20:34:30,2026-09-14 20:53:30,6.0,36.83
842,pa298,co05,Tegucigalpa,2026-09-13 16:42:53,2026-09-13 17:17:53,17.7,75.32
843,pa113,co23,Guatemala,2026-09-29 13:47:11,2026-09-29 13:53:11,3.0,21.57
844,pa077,co56,San José,2026-09-04 17:43:32,2026-09-04 17:49:32,1.9,15.57
845,pa001,co22,Tegucigalpa,2026-09-08 16:21:04,2026-09-08 16:38:04,8.1,37.24
846,pa275,co10,Managua,2026-09-04 13:44:04,2026-09-04 14:37:04,22.3,95.53
847,pa084,co42,San José,2026-09-01 09:44:30,2026-09-01 10:03:30,9.3,48.06
848,pa037,co10,Managua,2026-09-07 09:40:15,2026-09-07 10:37:15,21.4,86.22
849,pa173,co67,San Salvador,2026-09-22 10:41:56,2026-09-22 10:52:56,3.5,21.84
850,pa267,co70,Tegucigalpa,2026-09-24 05:36:40,2026-09-24 06:20:40,18.4,93.94
851,pa204,co61,Guatemala,2026-09-03 01:04:03,2026-09-03 01:26:03,6.0,31.28
852,pa287,co72,Guatemala,2026-09-26 12:57:16,2026-09-26 13:46:16,13.1,61.97
853,pa016,co56,San José,2026-09-16 08:06:53,2026-09-16 08:52:53,13.7,73.84
854,pa276,co52,Tegucigalpa,2026-09-10 07:22:12,2026-09-10 08:12:12,14.8,63.37
855,pa179,co59,Managua,2026-09-01 18:29:54,2026-09-01 18:57:54,12.6,64.72
856,pa044,co06,Tegucigalpa,2026-09-08 20:41:43,2026-09-08 21:01:43,7.3,39.23
857,pa074,co46,San Salvador,2026-09-28 22:32:49,2026-09-28 23:11:49,12.6,69.15
858,pa286,co21,San José,2026-09-25 18:51:44,2026-09-25 19:26:44,11.3,59.35
859,pa076,co59,Managua,2026-09-26 19:35:36,2026-09-26 20:27:36,19.9,90.48
860,pa281,co72,Guatemala,2026-09-08 11:04:40,2026-09-08 11:12:40,2.2,18.43
861,pa065,co67,San Salvador,2026-09-22 08:34:36,2026-09-22 09:16:36,16.2,85.42
862,pa215,co37,Tegucigalpa,2026-09-02 13:39:49,2026-09-02 14:41:49,21.1,83.85
863,pa133,co21,San José,2026-09-13 07:09:24,2026-09-13 08:04:24,14.7,73.01
864,pa265,co71,San José,2026-09-12 09:28:23,2026-09-12 10:12:23,15.4,70.25
865,pa233,co25,Guatemala,2026-09-21 09:19:36,2026-09-21 09:58:36,12.1,52.84
866,pa078,co01,San José,2026-09-22 17:07:03,2026-09-22 17:38:03,13.6,73.25
867,pa268,co57,Tegucigalpa,2026-09-30 16:27:52,2026-09-30 16:58:52,11.3,61.11
868,pa158,co11,Tegucigalpa,2026-09-02 13:34:49,2026-09-02 13:47:49,3.6,23.22
869,pa296,co10,Managua,2026-09-30 15:21:22,2026-09-30 16:36:22,24.8,115.3
870,pa191,co63,Managua,2026-09-03 15:48:02,2026-09-03 16:04:02,5.7,32.59
871,pa059,co25,Guatemala,2026-09-26 14:17:55,2026-09-26 14:54:55,10.9,58.76
872,pa285,co25,Guatemala,2026-09-25 15:24:50,2026-09-25 15:34:50,5.2,28.79
873,pa196,co58,San Salvador,2026-09-14 14:20:09,2026-09-14 15:50:09,23.6,91.76
874,pa243,co59,Managua,2026-09-18 06:20:46,2026-09-18 06:54:46,13.9,67.75
875,pa279,co32,San José,2026-09-11 12:58:14,2026-09-11 13:19:14,8.1,36.63
876,pa136,co36,San José,2026-09-18 12:10:58,2026-09-18 13:11:58,23.1,118.83
877,pa018,co46,San Salvador,2026-09-13 23:35:42,2026-09-14 00:00:42,11.0,50.52
878,pa126,co46,San Salvador,2026-09-26 12:15:21,2026-09-26 13:18:21,19.8,80.19
879,pa077,co13,San José,2026-09-13 18:36:45,2026-09-13 18:40:45,1.7,15.39
880,pa078,co22,Tegucigalpa,2026-09-20 13:09:19,2026-09-20 13:43:19,14.7,69.61
881,pa249,co29,San José,2026-09-07 18:09:23,2026-09-07 18:14:23,2.4,16.4
882,pa185,co70,Tegucigalpa,2026-09-17 23:57:42,2026-09-18 00:31:42,13.7,72.77
883,pa011,co23,Guatemala,2026-09-16 09:06:08,2026-09-16 09:11:08,1.9,16.47
884,pa133,co31,Tegucigalpa,2026-09-22 15:50:20,2026-09-22 16:08:20,6.0,37.21
885,pa144,co78,San José,2026-09-02 18:07:41,2026-09-02 19:28:41,22.5,91.31
886,pa010,co51,San Salvador,2026-09-03 20:00:59,2026-09-03 20:13:59,3.6,21.53
887,pa044,co52,Tegucigalpa,2026-09-25 08:38:32,2026-09-25 09:27:32,16.8,69.0
888,pa262,co49,San Salvador,2026-09-18 20:46:04,2026-09-18 21:19:04,10.9,59.68
889,pa048,co15,Tegucigalpa,2026-09-10 18:32:00,2026-09-10 18:46:00,5.2,29.31
890,pa142,co51,San Salvador,2026-09-06 09:07:04,2026-09-06 09:15:04,2.8,21.37
891,pa214,co14,Guatemala,2026-09-24 17:28:59,2026-09-24 18:43:59,18.9,91.05
892,pa274,co12,San Salvador,2026-09-02 13:27:35,2026-09-02 13:37:35,3.7,22.33
893,pa129,co52,Tegucigalpa,2026-09-10 20:17:59,2026-09-10 21:34:59,20.4,97.7
894,pa241,co05,Tegucigalpa,2026-09-06 23:32:50,2026-09-07 00:09:50,10.3,51.09
895,pa267,co44,Guatemala,2026-09-03 19:37:11,2026-09-03 20:09:11,15.2,61.4
896,pa139,co74,San Salvador,2026-09-26 21:54:31,2026-09-26 22:20:31,8.3,42.78
897,pa079,co60,Tegucigalpa,2026-09-29 10:25:46,2026-09-29 10:38:46,6.7,34.49
898,pa203,co44,Guatemala,2026-09-05 10:47:42,2026-09-05 10:58:42,4.3,28.28
899,pa082,co51,San Salvador,2026-09-12 17:31:05,2026-09-12 18:40:05,21.8,87.58
900,pa090,co73,Managua,2026-09-27 09:47:45,2026-09-27 09:56:45,4.0,24.6
901,pa177,co70,Tegucigalpa,2026-09-15 08:38:52,2026-09-15 08:52:52,3.6,24.82
902,pa075,co80,San Salvador,2026-09-04 17:59:05,2026-09-04 18:22:05,6.2,33.69
903,pa095,co32,San José,2026-09-23 17:55:11,2026-09-23 18:40:11,22.6,95.03
904,pa026,co28,Guatemala,2026-09-27 13:30:26,2026-09-27 14:18:26,21.1,102.13
905,pa179,co36,San José,2026-09-04 17:23:06,2026-09-04 17:37:06,7.1,36.05
906,pa054,co29,San José,2026-09-13 05:36:09,2026-09-13 05:43:09,2.8,21.47
907,pa022,co24,San José,2026-09-26 12:06:09,2026-09-26 12:54:09,14.9,79.57
908,pa131,co76,Tegucigalpa,2026-09-21 11:57:13,2026-09-21 12:30:13,15.1,79.31
909,pa072,co31,Tegucigalpa,2026-09-12 00:45:15,2026-09-12 01:16:15,9.6,50.48
910,pa220,co03,Guatemala,2026-09-20 09:18:15,2026-09-20 10:27:15,21.9,95.21
911,pa244,co39,San José,2026-09-22 00:41:02,2026-09-22 00:55:02,5.8,33.54
912,pa120,co41,Managua,2026-09-23 06:00:09,2026-09-23 06:07:09,3.3,21.95
913,pa260,co17,San José,2026-09-17 08:03:15,2026-09-17 08:20:15,5.2,26.83
914,pa195,co52,Tegucigalpa,2026-09-03 09:15:33,2026-09-03 09:50:33,8.8,45.73
915,pa120,co17,San José,2026-09-13 13:35:57,2026-09-13 13:59:57,7.8,35.83
916,pa127,co17,San José,2026-09-27 19:44:55,2026-09-27 20:30:55,19.0,78.31
917,pa208,co44,Guatemala,2026-09-15 20:02:19,2026-09-15 20:25:19,8.5,39.37
918,pa279,co33,Tegucigalpa,2026-09-17 19:15:56,2026-09-17 20:06:56,13.8,59.07
919,pa094,co59,Managua,2026-09-09 18:48:19,2026-09-09 19:14:19,10.9,51.93
920,pa106,co39,San José,2026-09-09 11:56:38,2026-09-09 12:53:38,15.7,74.38
921,pa152,co10,Managua,2026-09-17 21:56:54,2026-09-17 22:19:54,9.8,49.77
922,pa246,co21,San José,2026-09-03 19:57:18,2026-09-03 20:44:18,15.6,81.8
923,pa072,co55,San José,2026-09-05 05:38:21,2026-09-05 05:59:21,7.9,39.91
924,pa168,co28,Guatemala,2026-09-26 18:18:06,2026-09-26 19:06:06,16.3,73.11
925,pa267,co80,San Salvador,2026-09-24 12:24:53,2026-09-24 12:36:53,3.5,22.45
926,pa190,co74,San Salvador,2026-09-28 08:40:48,2026-09-28 09:00:48,8.3,43.29
927,pa183,co46,San Salvador,2026-09-14 23:52:23,2026-09-15 00:42:23,14.5,73.34
928,pa062,co29,San José,2026-09-10 18:37:22,2026-09-10 19:26:22,16.0,73.86
929,pa180,co04,Tegucigalpa,2026-09-18 08:36:20,2026-09-18 09:29:20,14.7,77.02
930,pa142,co37,Tegucigalpa,2026-09-23 07:10:57,2026-09-23 08:33:57,24.1,97.85
931,pa142,co19,San Salvador,2026-09-10 10:18:32,2026-09-10 10:45:32,8.1,41.0
932,pa094,co21,San José,2026-09-16 16:18:33,2026-09-16 16:54:33,14.7,63.27
933,pa011,co61,Guatemala,2026-09-03 16:54:04,2026-09-03 17:31:04,13.8,74.4
934,pa228,co47,Managua,2026-09-23 13:46:55,2026-09-23 14:48:55,19.7,86.87
935,pa243,co51,San Salvador,2026-09-27 08:42:57,2026-09-27 09:21:57,15.3,67.91
936,pa120,co56,San José,2026-09-29 00:18:30,2026-09-29 00:42:30,11.2,56.34
937,pa198,co10,Managua,2026-09-25 12:59:46,2026-09-25 13:06:46,2.7,20.29
938,pa129,co31,Tegucigalpa,2026-09-24 08:22:07,2026-09-24 09:10:07,13.6,67.61
939,pa032,co54,Managua,2026-09-09 18:26:17,2026-09-09 18:44:17,6.8,39.28
940,pa285,co32,San José,2026-09-01 17:33:06,2026-09-01 18:23:06,15.5,66.49
941,pa205,co14,Guatemala,2026-09-20 10:11:20,2026-09-20 11:00:20,18.9,76.42
942,pa169,co61,Guatemala,2026-09-16 19:58:36,2026-09-16 20:52:36,23.9,102.52
943,pa065,co17,San José,2026-09-07 10:18:39,2026-09-07 10:30:39,5.2,29.94
944,pa066,co63,Managua,2026-09-14 17:54:50,2026-09-14 18:36:50,19.4,91.94
945,pa173,co74,San Salvador,2026-09-30 11:58:39,2026-09-30 12:59:39,23.9,97.03
946,pa282,co11,Tegucigalpa,2026-09-05 09:14:43,2026-09-05 09:49:43,12.4,60.66
947,pa223,co24,San José,2026-09-15 07:06:00,2026-09-15 08:01:00,21.2,111.48
948,pa211,co47,Managua,2026-09-28 14:03:37,2026-09-28 14:42:37,15.8,66.72
949,pa252,co24,San José,2026-09-29 23:39:37,2026-09-30 00:46:37,21.5,110.41
950,pa267,co76,Tegucigalpa,2026-09-26 22:37:46,2026-09-26 23:31:46,20.4,105.94
951,pa098,co79,Guatemala,2026-09-07 23:27:18,2026-09-07 23:48:18,5.6,31.0
952,pa257,co43,San Salvador,2026-09-11 08:59:57,2026-09-11 09:55:57,21.4,100.58
953,pa027,co56,San José,2026-09-14 19:04:58,2026-09-14 19:32:58,8.0,41.23
954,pa033,co22,Tegucigalpa,2026-09-07 04:42:15,2026-09-07 04:56:15,6.5,39.98
955,pa077,co25,Guatemala,2026-09-22 12:50:35,2026-09-22 13:01:35,4.1,22.39
956,pa063,co71,San José,2026-09-07 05:50:29,2026-09-07 07:17:29,24.9,132.33
957,pa154,co43,San Salvador,2026-09-09 16:17:00,2026-09-09 17:25:00,19.2,77.42
958,pa082,co17,San José,2026-09-04 16:06:31,2026-09-04 16:57:31,18.6,80.33
959,pa215,co13,San José,2026-09-12 20:24:44,2026-09-12 20:49:44,8.1,47.87
960,pa278,co65,Guatemala,2026-09-16 21:50:24,2026-09-16 22:22:24,8.3,40.48
961,pa126,co39,San José,2026-09-16 09:16:30,2026-09-16 10:19:30,16.4,65.78
962,pa142,co73,Managua,2026-09-28 22:19:36,2026-09-28 23:04:36,11.6,60.03
963,pa079,co41,Managua,2026-09-24 20:15:00,2026-09-24 20:56:00,10.6,45.2
964,pa283,co44,Guatemala,2026-09-29 12:23:34,2026-09-29 13:07:34,14.6,68.4
965,pa259,co11,Tegucigalpa,2026-09-16 11:24:21,2026-09-16 12:32:21,21.0,103.62
966,pa191,co52,Tegucigalpa,2026-09-16 12:25:53,2026-09-16 13:41:53,21.7,97.67
967,pa074,co49,San Salvador,2026-09-19 04:07:51,2026-09-19 04:15:51,3.4,21.89
968,pa190,co65,Guatemala,2026-09-22 15:59:12,2026-09-22 16:08:12,4.3,26.18
969,pa272,co79,Guatemala,2026-09-23 21:10:31,2026-09-23 21:26:31,7.1,42.55
970,pa158,co65,Guatemala,2026-09-09 17:52:41,2026-09-09 18:45:41,23.6,125.74
971,pa147,co41,Managua,2026-09-28 05:10:25,2026-09-28 06:37:25,22.9,91.44
972,pa271,co46,San Salvador,2026-09-01 00:39:46,2026-09-01 01:02:46,11.1,50.68
973,pa083,co51,San Salvador,2026-09-05 12:35:54,2026-09-05 13:35:54,18.1,78.67
974,pa261,co73,Managua,2026-09-25 21:09:57,2026-09-25 21:16:57,2.0,17.97
975,pa158,co53,Managua,2026-09-01 11:39:18,2026-09-01 11:51:18,6.4,36.2
976,pa193,co38,San Salvador,2026-09-07 22:14:32,2026-09-07 22:41:32,8.3,43.89
977,pa032,co26,Tegucigalpa,2026-09-24 15:32:33,2026-09-24 16:24:33,24.3,113.54
978,pa089,co04,Tegucigalpa,2026-09-16 21:39:04,2026-09-16 22:42:04,22.4,114.68
979,pa083,co01,San José,2026-09-02 06:10:21,2026-09-02 06:36:21,7.1,36.39
980,pa099,co22,Tegucigalpa,2026-09-11 21:09:03,2026-09-11 21:45:03,10.8,50.81
981,pa095,co74,San Salvador,2026-09-28 11:01:20,2026-09-28 11:13:20,6.1,32.86
982,pa139,co51,San Salvador,2026-09-24 18:03:42,2026-09-24 19:14:42,19.0,85.56
983,pa068,co19,San Salvador,2026-09-03 10:26:50,2026-09-03 10:31:50,2.6,19.44
984,pa198,co26,Tegucigalpa,2026-09-10 14:47:22,2026-09-10 15:31:22,12.1,60.03
985,pa168,co24,San José,2026-09-02 21:41:13,2026-09-02 21:49:13,2.7,21.18
986,pa046,co29,San José,2026-09-10 12:47:18,2026-09-10 12:51:18,1.8,16.99
987,pa050,co72,Guatemala,2026-09-17 11:18:31,2026-09-17 11:38:31,7.6,44.36
988,pa197,co44,Guatemala,2026-09-02 19:32:33,2026-09-02 20:18:33,14.6,71.98
989,pa264,co33,Tegucigalpa,2026-09-29 20:32:12,2026-09-29 21:53:12,24.1,128.15
990,pa219,co38,San Salvador,2026-09-15 18:55:38,2026-09-15 19:03:38,2.6,17.67
991,pa047,co30,San José,2026-09-17 13:17:12,2026-09-17 13:39:12,6.0,32.03
992,pa286,co21,San José,2026-09-01 12:05:48,2026-09-01 13:02:48,15.2,80.88
993,pa274,co76,Tegucigalpa,2026-09-03 11:27:57,2026-09-03 12:20:57,23.9,102.97
994,pa165,co25,Guatemala,2026-09-27 09:00:07,2026-09-27 09:26:07,12.8,70.43
995,pa054,co28,Guatemala,2026-09-28 07:38:36,2026-09-28 07:50:36,5.4,34.15
996,pa199,co28,Guatemala,2026-09-18 07:17:03,2026-09-18 08:00:03,19.6,78.73
997,pa144,co73,Managua,2026-09-03 17:29:04,2026-09-03 18:33:04,18.3,94.62
998,pa293,co44,Guatemala,2026-09-09 17:05:21,2026-09-09 18:00:21,22.8,88.64
999,pa202,co56,San José,2026-09-07 20:47:53,2026-09-07 22:03:53,23.3,99.47
1000,pa244,co69,San José,2026-09-16 14:34:15,2026-09-16 14:58:15,6.1,36.36
1001,pa107,co18,Guatemala,2026-09-18 12:48:55,2026-09-18 13:03:55,6.2,37.23
1002,pa083,co67,San Salvador,2026-09-08 19:42:31,2026-09-08 20:21:31,15.6,65.88
1003,pa165,co72,Guatemala,2026-09-27 11:42:13,2026-09-27 12:47:13,20.5,91.42
1004,pa211,co39,San José,2026-09-13 08:39:01,2026-09-13 10:03:01,21.6,101.37
1005,pa173,co64,San José,2026-09-25 08:44:33,2026-09-25 08:49:33,2.0,17.69
1006,pa130,co02,San José,2026-09-27 20:11:57,2026-09-27 20:38:57,8.4,49.06
1007,pa059,co29,San José,2026-09-21 06:35:07,2026-09-21 07:32:07,19.9,100.37
1008,pa278,co36,San José,2026-09-17 11:42:19,2026-09-17 11:58:19,6.5,38.8
1009,pa293,co11,Tegucigalpa,2026-09-01 14:24:33,2026-09-01 15:20:33,20.2,84.65
1010,pa056,co08,Guatemala,2026-09-02 16:37:21,2026-09-02 17:20:21,20.0,106.23
1011,pa189,co19,San Salvador,2026-09-24 14:57:17,2026-09-24 15:15:17,6.3,31.51
1012,pa213,co59,Managua,2026-09-23 09:52:01,2026-09-23 10:29:01,11.5,56.25
1013,pa030,co39,San José,2026-09-07 06:55:04,2026-09-07 07:42:04,18.1,72.97
1014,pa290,co03,Guatemala,2026-09-28 11:41:45,2026-09-28 11:51:45,3.1,22.76
1015,pa116,co51,San Salvador,2026-09-29 04:57:55,2026-09-29 05:01:55,2.0,15.28
1016,pa144,co35,San José,2026-09-02 08:57:11,2026-09-02 09:33:11,16.8,71.04
1017,pa279,co49,San Salvador,2026-09-11 13:07:04,2026-09-11 13:48:04,14.8,69.19
1018,pa280,co17,San José,2026-09-12 06:14:42,2026-09-12 06:22:42,2.4,17.56
1019,pa099,co42,San José,2026-09-29 11:00:53,2026-09-29 11:51:53,14.1,68.6
1020,pa272,co67,San Salvador,2026-09-20 18:00:35,2026-09-20 18:10:35,3.4,20.39
1021,pa259,co36,San José,2026-09-10 04:31:45,2026-09-10 05:22:45,16.3,73.67
1022,pa109,co21,San José,2026-09-22 14:06:51,2026-09-22 15:12:51,18.7,81.35
1023,pa133,co63,Managua,2026-09-16 17:12:17,2026-09-16 18:40:17,24.2,122.26
1024,pa096,co15,Tegucigalpa,2026-09-04 17:34:04,2026-09-04 17:40:04,3.0,20.51
1025,pa078,co72,Guatemala,2026-09-30 18:57:43,2026-09-30 19:11:43,7.3,40.59
1026,pa042,co78,San José,2026-09-08 20:58:14,2026-09-08 21:52:14,15.3,70.61
1027,pa195,co76,Tegucigalpa,2026-09-08 09:56:11,2026-09-08 10:46:11,17.8,96.03
1028,pa073,co05,Tegucigalpa,2026-09-19 13:00:46,2026-09-19 13:31:46,11.9,64.78
1029,pa136,co38,San Salvador,2026-09-11 18:32:39,2026-09-11 19:22:39,17.6,71.78
1030,pa288,co15,Tegucigalpa,2026-09-11 11:08:47,2026-09-11 11:38:47,13.8,75.16
1031,pa007,co30,San José,2026-09-04 21:55:09,2026-09-04 21:59:09,1.6,14.14
1032,pa288,co10,Managua,2026-09-03 09:57:51,2026-09-03 10:36:51,18.2,74.06
1033,pa261,co67,San Salvador,2026-09-09 20:12:22,2026-09-09 21:24:22,23.4,123.26
1034,pa209,co65,Guatemala,2026-09-22 11:10:25,2026-09-22 11:20:25,2.8,20.1
1035,pa110,co37,Tegucigalpa,2026-09-27 10:46:50,2026-09-27 11:34:50,19.9,103.73
1036,pa201,co31,Tegucigalpa,2026-09-29 22:41:39,2026-09-29 23:13:39,11.4,48.34
1037,pa020,co01,San José,2026-09-06 17:57:35,2026-09-06 19:08:35,23.1,107.56
1038,pa288,co30,San José,2026-09-13 23:53:00,2026-09-14 00:41:00,19.8,104.02
1039,pa133,co30,San José,2026-09-28 09:33:21,2026-09-28 10:48:21,21.0,105.5
1040,pa007,co12,San Salvador,2026-09-19 19:40:25,2026-09-19 20:32:25,15.1,82.04
1041,pa106,co59,Managua,2026-09-29 15:35:49,2026-09-29 15:49:49,5.0,32.02
1042,pa175,co66,San Salvador,2026-09-11 12:56:13,2026-09-11 13:06:13,3.8,23.69
1043,pa244,co14,Guatemala,2026-09-04 07:42:07,2026-09-04 08:04:07,6.6,32.36
1044,pa201,co26,Tegucigalpa,2026-09-08 11:07:01,2026-09-08 11:39:01,10.5,56.6
1045,pa070,co01,San José,2026-09-27 19:33:09,2026-09-27 20:57:09,24.8,121.7
1046,pa057,co57,Tegucigalpa,2026-09-10 09:04:59,2026-09-10 09:21:59,8.1,41.8
1047,pa252,co30,San José,2026-09-01 13:57:37,2026-09-01 14:22:37,7.3,34.22
1048,pa296,co01,San José,2026-09-19 08:19:55,2026-09-19 09:33:55,23.2,110.4
1049,pa065,co65,Guatemala,2026-09-04 22:11:37,2026-09-04 22:22:37,4.8,26.73
1050,pa061,co30,San José,2026-09-24 21:20:04,2026-09-24 22:10:04,20.6,93.75
1051,pa132,co19,San Salvador,2026-09-24 09:09:12,2026-09-24 10:22:12,23.1,95.3
1052,pa044,co64,San José,2026-09-07 12:42:43,2026-09-07 13:43:43,23.7,121.16
1053,pa232,co55,San José,2026-09-02 13:03:54,2026-09-02 13:44:54,15.2,76.43
1054,pa087,co39,San José,2026-09-04 17:57:27,2026-09-04 18:40:27,19.0,88.95
1055,pa273,co51,San Salvador,2026-09-30 21:10:37,2026-09-30 21:26:37,5.1,30.57
1056,pa075,co37,Tegucigalpa,2026-09-28 16:28:50,2026-09-28 17:11:50,20.2,98.36
1057,pa157,co22,Tegucigalpa,2026-09-29 06:53:42,2026-09-29 07:05:42,5.5,30.52
1058,pa073,co02,San José,2026-09-07 09:13:11,2026-09-07 10:09:11,21.2,83.81
1059,pa167,co14,Guatemala,2026-09-07 09:45:12,2026-09-07 09:50:12,2.0,16.02
1060,pa265,co30,San José,2026-09-01 13:03:05,2026-09-01 14:01:05,17.0,74.38
1061,pa098,co54,Managua,2026-09-04 12:26:04,2026-09-04 13:16:04,20.7,106.75
1062,pa069,co25,Guatemala,2026-09-16 07:34:27,2026-09-16 07:43:27,3.1,22.72
1063,pa069,co73,Managua,2026-09-17 07:51:45,2026-09-17 08:47:45,17.6,88.7
1064,pa278,co21,San José,2026-09-11 15:55:18,2026-09-11 16:35:18,19.2,99.09
1065,pa069,co31,Tegucigalpa,2026-09-30 18:48:49,2026-09-30 19:55:49,20.5,110.07
1066,pa144,co14,Guatemala,2026-09-23 06:59:57,2026-09-23 07:36:57,11.9,61.07
1067,pa117,co43,San Salvador,2026-09-17 22:30:55,2026-09-17 22:50:55,8.4,38.65
1068,pa033,co71,San José,2026-09-28 16:05:48,2026-09-28 16:21:48,6.7,40.3
1069,pa207,co27,Tegucigalpa,2026-09-20 16:33:18,2026-09-20 17:09:18,12.7,54.46
1070,pa024,co39,San José,2026-09-23 03:43:49,2026-09-23 03:53:49,4.2,28.39
1071,pa043,co13,San José,2026-09-12 06:52:56,2026-09-12 07:00:56,2.3,18.27
1072,pa144,co39,San José,2026-09-14 19:19:31,2026-09-14 20:11:31,23.3,115.04
1073,pa198,co65,Guatemala,2026-09-27 19:23:48,2026-09-27 20:06:48,11.6,60.55
1074,pa195,co37,Tegucigalpa,2026-09-17 14:34:52,2026-09-17 15:24:52,23.0,113.76
1075,pa107,co31,Tegucigalpa,2026-09-23 21:34:39,2026-09-23 21:55:39,5.6,34.3
1076,pa142,co15,Tegucigalpa,2026-09-05 08:28:34,2026-09-05 08:35:34,2.2,16.49
1077,pa206,co43,San Salvador,2026-09-27 14:37:46,2026-09-27 16:00:46,23.2,116.25
1078,pa193,co47,Managua,2026-09-15 07:09:57,2026-09-15 08:23:57,22.2,92.98
1079,pa300,co28,Guatemala,2026-09-08 11:29:53,2026-09-08 12:20:53,23.4,107.71
1080,pa164,co28,Guatemala,2026-09-08 07:51:07,2026-09-08 08:29:07,17.5,83.34
1081,pa068,co23,Guatemala,2026-09-16 09:47:22,2026-09-16 10:56:22,20.6,86.16
1082,pa046,co65,Guatemala,2026-09-20 19:45:56,2026-09-20 20:39:56,16.4,85.53
1083,pa273,co18,Guatemala,2026-09-18 23:07:42,2026-09-19 00:10:42,16.0,64.49
1084,pa242,co50,San José,2026-09-27 05:06:00,2026-09-27 05:50:00,14.0,63.51
1085,pa279,co72,Guatemala,2026-09-10 11:03:36,2026-09-10 11:33:36,11.6,52.34
1086,pa261,co15,Tegucigalpa,2026-09-14 00:09:15,2026-09-14 00:15:15,3.2,23.96
1087,pa164,co10,Managua,2026-09-23 13:06:52,2026-09-23 13:19:52,6.2,34.58
1088,pa016,co23,Guatemala,2026-09-06 07:54:11,2026-09-06 08:35:11,20.3,92.1
1089,pa161,co35,San José,2026-09-04 19:22:33,2026-09-04 20:08:33,13.8,66.08
1090,pa057,co46,San Salvador,2026-09-07 07:41:04,2026-09-07 08:13:04,8.8,45.02
1091,pa154,co08,Guatemala,2026-09-16 16:52:54,2026-09-16 17:24:54,15.5,63.16
1092,pa070,co29,San José,2026-09-30 16:41:18,2026-09-30 17:45:18,19.2,80.9
1093,pa149,co14,Guatemala,2026-09-04 12:20:29,2026-09-04 13:35:29,23.9,117.85
1094,pa015,co53,Managua,2026-09-12 08:51:31,2026-09-12 09:39:31,13.8,63.42
1095,pa040,co10,Managua,2026-09-22 17:51:41,2026-09-22 18:55:41,20.5,91.62
1096,pa111,co46,San Salvador,2026-09-16 03:16:59,2026-09-16 03:59:59,17.4,93.64
1097,pa208,co53,Managua,2026-09-28 17:52:29,2026-09-28 17:56:29,1.8,16.51
1098,pa213,co54,Managua,2026-09-13 14:36:06,2026-09-13 15:15:06,16.2,87.54
1099,pa252,co31,Tegucigalpa,2026-09-17 14:12:38,2026-09-17 14:22:38,3.8,24.68
1100,pa053,co60,Tegucigalpa,2026-09-16 09:19:28,2026-09-16 09:52:28,15.5,75.79
1101,pa041,co38,San Salvador,2026-09-13 15:23:37,2026-09-13 15:54:37,7.9,43.58
1102,pa059,co17,San José,2026-09-13 10:58:25,2026-09-13 11:34:25,17.1,85.57
1103,pa272,co17,San José,2026-09-24 19:42:31,2026-09-24 20:00:31,5.8,33.31
1104,pa103,co32,San José,2026-09-21 17:37:22,2026-09-21 18:27:22,12.8,71.41
1105,pa153,co42,San José,2026-09-21 07:31:22,2026-09-21 07:50:22,8.9,43.01
1106,pa106,co46,San Salvador,2026-09-27 17:42:39,2026-09-27 18:47:39,18.6,73.79
1107,pa051,co43,San Salvador,2026-09-14 14:14:46,2026-09-14 14:37:46,8.3,43.2
1108,pa263,co05,Tegucigalpa,2026-09-22 18:31:16,2026-09-22 18:55:16,6.6,39.08
1109,pa170,co57,Tegucigalpa,2026-09-16 14:04:28,2026-09-16 14:16:28,4.2,25.53
1110,pa139,co15,Tegucigalpa,2026-09-07 14:49:22,2026-09-07 15:35:22,20.8,90.42
1111,pa042,co46,San Salvador,2026-09-07 06:52:03,2026-09-07 08:21:03,24.9,127.34
1112,pa268,co19,San Salvador,2026-09-03 08:08:55,2026-09-03 08:19:55,4.0,23.35
1113,pa024,co30,San José,2026-09-12 08:54:42,2026-09-12 10:08:42,22.9,108.44
1114,pa160,co57,Tegucigalpa,2026-09-14 08:57:16,2026-09-14 10:04:16,18.4,95.52
1115,pa213,co76,Tegucigalpa,2026-09-07 18:43:36,2026-09-07 19:28:36,13.3,71.67
1116,pa258,co39,San José,2026-09-02 08:52:18,2026-09-02 10:17:18,22.9,111.41
1117,pa264,co05,Tegucigalpa,2026-09-11 08:53:32,2026-09-11 09:28:32,12.4,53.15
1118,pa295,co12,San Salvador,2026-09-22 20:43:38,2026-09-22 21:44:38,21.4,110.77
1119,pa216,co76,Tegucigalpa,2026-09-03 06:52:30,2026-09-03 07:10:30,6.2,31.37
1120,pa057,co01,San José,2026-09-01 16:18:13,2026-09-01 17:24:13,20.0,107.05
1121,pa075,co29,San José,2026-09-24 17:20:25,2026-09-24 17:30:25,3.7,23.43
1122,pa155,co42,San José,2026-09-06 10:14:48,2026-09-06 11:12:48,18.8,79.14
1123,pa188,co37,Tegucigalpa,2026-09-06 05:44:35,2026-09-06 05:57:35,5.0,26.51
1124,pa241,co76,Tegucigalpa,2026-09-05 10:59:43,2026-09-05 11:31:43,14.6,62.64
1125,pa003,co41,Managua,2026-09-12 07:57:16,2026-09-12 08:04:16,1.9,14.8
1126,pa260,co61,Guatemala,2026-09-25 01:22:34,2026-09-25 02:32:34,20.2,104.79
1127,pa236,co26,Tegucigalpa,2026-09-10 16:05:35,2026-09-10 17:09:35,16.3,88.43
1128,pa146,co17,San José,2026-09-05 14:17:40,2026-09-05 15:34:40,20.9,83.32
1129,pa145,co74,San Salvador,2026-09-15 05:04:41,2026-09-15 06:25:41,20.5,97.43
1130,pa126,co45,San José,2026-09-08 08:10:12,2026-09-08 09:01:12,15.1,67.75
1131,pa275,co49,San Salvador,2026-09-09 14:44:12,2026-09-09 15:10:12,7.1,37.79
1132,pa278,co31,Tegucigalpa,2026-09-15 19:56:37,2026-09-15 20:01:37,2.1,16.69
1133,pa104,co23,Guatemala,2026-09-12 09:57:07,2026-09-12 10:02:07,2.4,18.58
1134,pa057,co28,Guatemala,2026-09-10 09:51:13,2026-09-10 10:19:13,8.8,47.62
1135,pa098,co29,San José,2026-09-01 20:07:44,2026-09-01 20:27:44,10.0,44.54
1136,pa129,co23,Guatemala,2026-09-09 17:20:45,2026-09-09 18:17:45,16.7,76.81
1137,pa058,co47,Managua,2026-09-22 22:57:43,2026-09-22 23:51:43,14.5,58.89
1138,pa004,co60,Tegucigalpa,2026-09-16 02:31:45,2026-09-16 03:25:45,19.4,99.65
1139,pa061,co46,San Salvador,2026-09-07 11:04:26,2026-09-07 11:14:26,2.7,20.47
1140,pa047,co37,Tegucigalpa,2026-09-12 12:49:19,2026-09-12 13:36:19,15.9,77.53
1141,pa192,co31,Tegucigalpa,2026-09-16 13:49:22,2026-09-16 14:10:22,6.7,32.46
1142,pa171,co52,Tegucigalpa,2026-09-02 11:42:14,2026-09-02 12:55:14,24.8,99.76
1143,pa081,co51,San Salvador,2026-09-28 18:51:54,2026-09-28 19:33:54,13.0,55.89
1144,pa175,co20,San José,2026-09-18 15:02:31,2026-09-18 16:02:31,24.4,97.05
1145,pa117,co51,San Salvador,2026-09-24 01:54:11,2026-09-24 02:38:11,21.5,112.3
1146,pa083,co12,San Salvador,2026-09-07 10:53:04,2026-09-07 11:49:04,17.0,81.15
1147,pa153,co25,Guatemala,2026-09-28 03:39:09,2026-09-28 04:54:09,21.9,90.14
1148,pa165,co50,San José,2026-09-03 08:44:30,2026-09-03 09:16:30,8.4,47.56
1149,pa011,co32,San José,2026-09-18 21:19:53,2026-09-18 21:51:53,8.2,46.44
1150,pa172,co47,Managua,2026-09-12 14:05:27,2026-09-12 15:03:27,17.5,93.32
1151,pa067,co78,San José,2026-09-23 11:58:12,2026-09-23 13:29:12,23.9,101.02
1152,pa160,co29,San José,2026-09-18 03:01:03,2026-09-18 04:04:03,20.2,101.44
1153,pa276,co13,San José,2026-09-30 21:05:16,2026-09-30 21:34:16,11.6,58.04
1154,pa300,co29,San José,2026-09-02 19:41:13,2026-09-02 19:53:13,3.3,23.56
1155,pa068,co61,Guatemala,2026-09-08 15:03:22,2026-09-08 15:51:22,19.9,82.82
1156,pa192,co15,Tegucigalpa,2026-09-15 18:27:50,2026-09-15 19:26:50,19.6,86.97
1157,pa144,co72,Guatemala,2026-09-09 17:51:51,2026-09-09 17:54:51,1.5,15.07
1158,pa002,co58,San Salvador,2026-09-02 07:27:22,2026-09-02 08:46:22,20.6,106.2
1159,pa116,co31,Tegucigalpa,2026-09-15 12:56:48,2026-09-15 13:53:48,16.6,83.3
1160,pa192,co43,San Salvador,2026-09-02 10:16:06,2026-09-02 10:47:06,14.9,79.88
1161,pa271,co73,Managua,2026-09-05 12:53:43,2026-09-05 12:58:43,2.8,19.36
1162,pa265,co59,Managua,2026-09-17 14:41:27,2026-09-17 15:33:27,21.8,101.98
1163,pa170,co12,San Salvador,2026-09-17 20:55:25,2026-09-17 21:05:25,3.3,22.06
1164,pa076,co73,Managua,2026-09-17 14:48:29,2026-09-17 15:22:29,16.0,75.17
1165,pa285,co73,Managua,2026-09-17 13:43:00,2026-09-17 13:57:00,4.9,31.79
1166,pa014,co41,Managua,2026-09-04 13:17:26,2026-09-04 13:25:26,3.7,25.59
1167,pa078,co49,San Salvador,2026-09-07 19:30:03,2026-09-07 19:48:03,6.9,41.06
1168,pa099,co67,San Salvador,2026-09-22 10:58:01,2026-09-22 11:58:01,18.6,91.66
1169,pa209,co31,Tegucigalpa,2026-09-23 17:58:56,2026-09-23 18:07:56,3.0,21.17
1170,pa135,co15,Tegucigalpa,2026-09-11 17:00:38,2026-09-11 17:31:38,12.7,64.4
1171,pa010,co39,San José,2026-09-25 18:12:52,2026-09-25 19:16:52,23.1,99.93
1172,pa102,co39,San José,2026-09-01 11:09:53,2026-09-01 12:02:53,13.5,55.63
1173,pa150,co42,San José,2026-09-08 15:44:58,2026-09-08 17:13:58,23.5,113.85
1174,pa280,co37,Tegucigalpa,2026-09-07 18:03:51,2026-09-07 19:11:51,23.9,118.18
1175,pa185,co04,Tegucigalpa,2026-09-26 14:16:13,2026-09-26 14:45:13,13.4,61.37
1176,pa265,co02,San José,2026-09-17 13:30:10,2026-09-17 14:02:10,13.4,58.61
1177,pa232,co77,San Salvador,2026-09-17 09:47:04,2026-09-17 10:54:04,21.3,112.39
1178,pa082,co23,Guatemala,2026-09-04 13:15:48,2026-09-04 13:47:48,9.1,40.71
1179,pa172,co31,Tegucigalpa,2026-09-13 21:26:44,2026-09-13 21:51:44,8.4,41.49
1180,pa285,co61,Guatemala,2026-09-12 10:43:31,2026-09-12 11:44:31,20.4,89.02
1181,pa211,co22,Tegucigalpa,2026-09-20 11:24:38,2026-09-20 11:35:38,4.6,26.72
1182,pa038,co39,San José,2026-09-18 18:07:08,2026-09-18 18:48:08,13.3,57.65
1183,pa133,co23,Guatemala,2026-09-13 10:59:54,2026-09-13 11:25:54,9.1,46.81
1184,pa290,co67,San Salvador,2026-09-11 09:04:04,2026-09-11 09:09:04,2.4,16.95
1185,pa244,co56,San José,2026-09-07 05:06:58,2026-09-07 05:27:58,10.4,44.72
1186,pa185,co01,San José,2026-09-28 00:38:13,2026-09-28 00:59:13,5.7,31.28
1187,pa203,co30,San José,2026-09-26 11:29:48,2026-09-26 12:05:48,17.8,72.67
1188,pa112,co43,San Salvador,2026-09-27 12:46:52,2026-09-27 13:34:52,16.6,69.98
1189,pa077,co65,Guatemala,2026-09-15 10:31:15,2026-09-15 11:54:15,21.4,86.16
1190,pa178,co30,San José,2026-09-06 20:46:37,2026-09-06 21:49:37,21.4,91.7
1191,pa019,co43,San Salvador,2026-09-29 19:52:09,2026-09-29 20:18:09,10.0,45.27
1192,pa055,co39,San José,2026-09-25 18:59:30,2026-09-25 19:56:30,18.0,81.26
1193,pa268,co76,Tegucigalpa,2026-09-12 08:48:32,2026-09-12 09:24:32,16.0,76.25
1194,pa204,co56,San José,2026-09-16 23:37:35,2026-09-17 00:06:35,8.9,46.74
1195,pa008,co31,Tegucigalpa,2026-09-04 20:06:43,2026-09-04 20:59:43,15.5,64.8
1196,pa185,co56,San José,2026-09-02 18:03:38,2026-09-02 18:34:38,14.2,75.24
1197,pa152,co59,Managua,2026-09-17 14:02:01,2026-09-17 14:47:01,14.9,76.36
1198,pa276,co54,Managua,2026-09-11 16:26:28,2026-09-11 16:47:28,7.7,36.02
1199,pa082,co13,San José,2026-09-11 10:58:46,2026-09-11 12:30:46,24.0,92.7
1200,pa261,co06,Tegucigalpa,2026-09-22 19:20:58,2026-09-22 19:54:58,11.6,57.08
1201,pa232,co47,Managua,2026-09-28 19:22:34,2026-09-28 19:40:34,5.5,27.6
1202,pa131,co44,Guatemala,2026-09-13 13:03:35,2026-09-13 13:45:35,15.2,72.89
1203,pa063,co40,Managua,2026-09-07 18:44:30,2026-09-07 19:26:30,21.0,83.29
1204,pa118,co34,Tegucigalpa,2026-09-22 21:16:45,2026-09-22 21:26:45,3.7,22.0
1205,pa185,co40,Managua,2026-09-03 05:46:38,2026-09-03 06:49:38,18.6,73.2
1206,pa131,co04,Tegucigalpa,2026-09-06 20:23:25,2026-09-06 20:51:25,10.3,50.33
1207,pa082,co61,Guatemala,2026-09-22 19:10:18,2026-09-22 19:48:18,15.6,73.86
1208,pa262,co54,Managua,2026-09-05 16:43:20,2026-09-05 16:50:20,3.1,22.99
1209,pa220,co76,Tegucigalpa,2026-09-01 18:52:06,2026-09-01 19:20:06,14.3,76.02
1210,pa288,co78,San José,2026-09-23 16:49:12,2026-09-23 17:25:12,9.6,50.4
1211,pa201,co59,Managua,2026-09-07 23:02:06,2026-09-07 23:08:06,2.0,15.1
1212,pa018,co15,Tegucigalpa,2026-09-15 17:53:52,2026-09-15 18:54:52,16.3,77.77
1213,pa034,co48,Managua,2026-09-06 20:41:12,2026-09-06 21:16:12,12.5,61.3
1214,pa241,co65,Guatemala,2026-09-12 06:02:01,2026-09-12 06:12:01,3.4,22.31
1215,pa158,co39,San José,2026-09-02 17:05:08,2026-09-02 17:59:08,14.8,66.35
1216,pa052,co43,San Salvador,2026-09-19 21:54:59,2026-09-19 22:39:59,11.8,53.34
1217,pa278,co60,Tegucigalpa,2026-09-13 05:55:37,2026-09-13 07:08:37,23.2,96.68
1218,pa219,co27,Tegucigalpa,2026-09-02 13:58:09,2026-09-02 14:23:09,7.4,44.23
1219,pa227,co24,San José,2026-09-29 13:12:19,2026-09-29 14:23:19,24.4,109.01
1220,pa285,co23,Guatemala,2026-09-25 17:11:45,2026-09-25 18:15:45,16.9,82.03
1221,pa261,co08,Guatemala,2026-09-16 09:25:55,2026-09-16 09:33:55,2.9,18.36
1222,pa082,co64,San José,2026-09-14 17:48:28,2026-09-14 18:08:28,7.0,38.18
1223,pa227,co55,San José,2026-09-10 17:18:09,2026-09-10 17:54:09,18.1,94.39
1224,pa025,co47,Managua,2026-09-07 18:22:12,2026-09-07 18:34:12,4.7,25.38
1225,pa265,co48,Managua,2026-09-30 05:29:28,2026-09-30 06:34:28,23.4,97.79
1226,pa192,co47,Managua,2026-09-24 08:00:33,2026-09-24 08:40:33,10.8,56.84
1227,pa220,co10,Managua,2026-09-17 09:36:26,2026-09-17 09:50:26,4.2,27.0
1228,pa277,co33,Tegucigalpa,2026-09-06 08:17:38,2026-09-06 08:35:38,4.9,27.58
1229,pa297,co51,San Salvador,2026-09-19 10:25:15,2026-09-19 10:44:15,5.5,31.49
1230,pa187,co34,Tegucigalpa,2026-09-19 13:10:34,2026-09-19 13:14:34,1.8,14.9
1231,pa041,co61,Guatemala,2026-09-29 10:39:29,2026-09-29 11:54:29,19.9,85.68
1232,pa001,co56,San José,2026-09-30 12:36:14,2026-09-30 12:49:14,4.5,29.27
1233,pa163,co21,San José,2026-09-09 14:03:13,2026-09-09 14:43:13,15.4,81.29
1234,pa279,co21,San José,2026-09-14 10:16:47,2026-09-14 10:57:47,14.5,60.86
1235,pa152,co01,San José,2026-09-01 08:10:49,2026-09-01 08:54:49,13.7,68.62
1236,pa188,co38,San Salvador,2026-09-18 18:55:32,2026-09-18 19:19:32,11.7,49.44
1237,pa037,co37,Tegucigalpa,2026-09-02 13:50:29,2026-09-02 14:57:29,22.0,85.13
1238,pa183,co17,San José,2026-09-07 07:07:14,2026-09-07 07:18:14,4.5,29.87
1239,pa068,co67,San Salvador,2026-09-06 12:16:15,2026-09-06 12:42:15,8.2,39.95
1240,pa133,co51,San Salvador,2026-09-24 12:23:48,2026-09-24 13:12:48,14.4,78.64
1241,pa300,co39,San José,2026-09-04 08:50:02,2026-09-04 09:20:02,8.9,52.01
1242,pa167,co11,Tegucigalpa,2026-09-11 13:58:39,2026-09-11 14:23:39,9.4,40.9
1243,pa198,co65,Guatemala,2026-09-04 19:04:22,2026-09-04 19:51:22,18.8,99.62
1244,pa253,co29,San José,2026-09-02 09:40:42,2026-09-02 10:49:42,22.5,86.82
1245,pa033,co11,Tegucigalpa,2026-09-25 11:20:27,2026-09-25 12:01:27,13.7,74.0
1246,pa185,co47,Managua,2026-09-29 19:13:29,2026-09-29 19:39:29,8.9,44.58
1247,pa297,co51,San Salvador,2026-09-14 23:40:46,2026-09-14 23:57:46,5.8,31.18
1248,pa029,co61,Guatemala,2026-09-22 18:54:00,2026-09-22 19:30:00,15.4,67.3
1249,pa047,co77,San Salvador,2026-09-08 09:53:16,2026-09-08 10:41:16,14.5,73.7
1250,pa152,co54,Managua,2026-09-19 18:47:37,2026-09-19 19:54:37,18.6,74.39
1251,pa258,co40,Managua,2026-09-25 21:27:06,2026-09-25 22:37:06,21.8,102.28
1252,pa146,co26,Tegucigalpa,2026-09-11 06:55:49,2026-09-11 07:02:49,2.4,17.69
1253,pa144,co33,Tegucigalpa,2026-09-13 07:51:05,2026-09-13 08:05:05,5.4,34.83
1254,pa142,co04,Tegucigalpa,2026-09-21 20:38:02,2026-09-21 21:25:02,20.7,104.79
1255,pa075,co12,San Salvador,2026-09-29 19:24:04,2026-09-29 20:19:04,20.4,90.07
1256,pa223,co36,San José,2026-09-07 09:47:31,2026-09-07 10:31:31,15.4,84.5
1257,pa203,co50,San José,2026-09-23 17:16:51,2026-09-23 18:35:51,20.5,108.9
1258,pa213,co14,Guatemala,2026-09-01 10:34:23,2026-09-01 10:48:23,5.1,32.15
1259,pa146,co10,Managua,2026-09-03 13:38:47,2026-09-03 14:37:47,23.4,107.83
1260,pa274,co44,Guatemala,2026-09-05 10:47:34,2026-09-05 11:51:34,16.9,76.05
1261,pa260,co29,San José,2026-09-12 13:12:08,2026-09-12 14:03:08,22.3,94.89
1262,pa144,co36,San José,2026-09-15 14:59:07,2026-09-15 16:19:07,21.5,86.3
1263,pa213,co12,San Salvador,2026-09-14 20:34:33,2026-09-14 20:42:33,3.1,20.07
1264,pa248,co56,San José,2026-09-19 16:51:01,2026-09-19 17:04:01,5.9,29.86
1265,pa028,co30,San José,2026-09-01 12:25:02,2026-09-01 12:43:02,9.2,41.2
1266,pa208,co37,Tegucigalpa,2026-09-28 13:33:36,2026-09-28 13:44:36,5.8,35.72
1267,pa192,co21,San José,2026-09-24 17:38:00,2026-09-24 18:10:00,13.5,62.34
1268,pa259,co38,San Salvador,2026-09-18 22:52:40,2026-09-18 23:36:40,12.1,50.6
1269,pa255,co61,Guatemala,2026-09-29 19:11:48,2026-09-29 19:46:48,10.4,48.73
1270,pa288,co61,Guatemala,2026-09-18 12:08:22,2026-09-18 12:54:22,14.5,72.42
1271,pa110,co60,Tegucigalpa,2026-09-26 19:30:03,2026-09-26 20:06:03,9.6,53.88
1272,pa060,co29,San José,2026-09-25 06:12:30,2026-09-25 06:49:30,11.0,57.22
1273,pa272,co39,San José,2026-09-09 16:06:11,2026-09-09 16:52:11,13.8,73.94
1274,pa202,co72,Guatemala,2026-09-05 12:35:55,2026-09-05 12:42:55,2.7,21.13
1275,pa008,co64,San José,2026-09-05 19:58:51,2026-09-05 20:01:51,1.6,14.69
1276,pa279,co44,Guatemala,2026-09-23 14:20:46,2026-09-23 15:10:46,19.8,82.57
1277,pa293,co73,Managua,2026-09-12 19:10:45,2026-09-12 19:29:45,5.3,31.33
1278,pa061,co04,Tegucigalpa,2026-09-07 15:21:01,2026-09-07 15:40:01,6.3,37.77
1279,pa074,co65,Guatemala,2026-09-05 17:05:27,2026-09-05 17:17:27,3.7,22.4
1280,pa198,co64,San José,2026-09-30 14:00:04,2026-09-30 14:47:04,12.6,65.56
1281,pa065,co21,San José,2026-09-07 11:01:04,2026-09-07 11:18:04,4.4,26.89
1282,pa297,co43,San Salvador,2026-09-19 14:12:09,2026-09-19 15:35:09,24.7,131.24
1283,pa005,co27,Tegucigalpa,2026-09-20 07:15:50,2026-09-20 08:11:50,15.2,82.27
1284,pa126,co34,Tegucigalpa,2026-09-12 19:36:04,2026-09-12 19:55:04,9.3,42.96
1285,pa120,co44,Guatemala,2026-09-01 19:25:13,2026-09-01 19:55:13,10.4,54.23
1286,pa287,co28,Guatemala,2026-09-05 12:59:31,2026-09-05 13:52:31,20.3,93.37
1287,pa207,co56,San José,2026-09-14 10:33:04,2026-09-14 10:49:04,6.0,32.73
1288,pa198,co55,San José,2026-09-16 21:45:52,2026-09-16 22:27:52,15.4,79.43
1289,pa092,co20,San José,2026-09-08 10:22:18,2026-09-08 10:49:18,7.5,34.72
1290,pa091,co72,Guatemala,2026-09-16 12:21:13,2026-09-16 12:41:13,7.6,40.2
1291,pa211,co58,San Salvador,2026-09-19 01:32:07,2026-09-19 01:37:07,1.6,14.32
1292,pa293,co41,Managua,2026-09-25 12:20:43,2026-09-25 12:40:43,10.1,50.54
1293,pa073,co37,Tegucigalpa,2026-09-12 18:36:12,2026-09-12 19:34:12,18.1,95.0
1294,pa211,co03,Guatemala,2026-09-10 16:46:20,2026-09-10 17:34:20,23.0,114.53
1295,pa185,co66,San Salvador,2026-09-04 10:18:10,2026-09-04 11:08:10,17.7,82.88
1296,pa245,co37,Tegucigalpa,2026-09-27 08:04:51,2026-09-27 08:39:51,9.4,51.05
1297,pa104,co56,San José,2026-09-14 19:21:33,2026-09-14 20:02:33,10.9,57.3
1298,pa120,co01,San José,2026-09-01 07:20:00,2026-09-01 07:29:00,3.2,19.93
1299,pa158,co77,San Salvador,2026-09-01 10:53:37,2026-09-01 11:05:37,3.3,23.36
1300,pa297,co73,Managua,2026-09-07 06:28:34,2026-09-07 06:51:34,7.3,43.76
1301,pa098,co03,Guatemala,2026-09-08 18:43:21,2026-09-08 19:36:21,23.2,93.5
1302,pa085,co39,San José,2026-09-16 11:50:44,2026-09-16 12:32:44,14.7,69.27
1303,pa028,co60,Tegucigalpa,2026-09-22 22:59:39,2026-09-23 00:11:39,23.6,104.51
1304,pa291,co30,San José,2026-09-29 19:56:31,2026-09-29 20:43:31,19.0,89.88
1305,pa059,co78,San José,2026-09-09 20:04:14,2026-09-09 20:45:14,11.8,55.47
1306,pa001,co61,Guatemala,2026-09-25 03:26:58,2026-09-25 03:42:58,7.5,44.44
1307,pa010,co25,Guatemala,2026-09-07 08:59:31,2026-09-07 10:03:31,16.8,73.35
1308,pa026,co42,San José,2026-09-30 20:08:20,2026-09-30 20:48:20,10.1,52.59
1309,pa188,co08,Guatemala,2026-09-27 19:24:06,2026-09-27 20:53:06,24.7,98.31
1310,pa058,co70,Tegucigalpa,2026-09-23 10:22:17,2026-09-23 11:06:17,12.3,60.95
1311,pa063,co65,Guatemala,2026-09-10 18:52:58,2026-09-10 20:02:58,24.9,121.32
1312,pa031,co77,San Salvador,2026-09-16 07:56:27,2026-09-16 08:24:27,10.1,53.9
1313,pa249,co39,San José,2026-09-17 12:33:16,2026-09-17 12:49:16,7.8,42.68
1314,pa132,co49,San Salvador,2026-09-10 16:14:54,2026-09-10 16:42:54,10.5,55.68
1315,pa246,co47,Managua,2026-09-30 07:03:17,2026-09-30 07:32:17,11.9,59.64
1316,pa024,co24,San José,2026-09-22 22:18:18,2026-09-22 23:26:18,21.5,87.52
1317,pa241,co03,Guatemala,2026-09-16 16:56:30,2026-09-16 17:54:30,20.9,98.36
1318,pa204,co26,Tegucigalpa,2026-09-03 19:54:51,2026-09-03 19:58:51,1.9,17.15
1319,pa052,co77,San Salvador,2026-09-14 14:30:51,2026-09-14 15:25:51,16.1,68.38
1320,pa143,co55,San José,2026-09-08 07:40:16,2026-09-08 08:47:16,22.4,104.12
1321,pa099,co67,San Salvador,2026-09-25 21:00:00,2026-09-25 22:20:00,22.5,94.03
1322,pa025,co42,San José,2026-09-11 15:51:22,2026-09-11 16:27:22,14.7,78.62
1323,pa176,co12,San Salvador,2026-09-29 10:10:41,2026-09-29 10:26:41,7.4,40.94
1324,pa073,co19,San Salvador,2026-09-27 17:53:22,2026-09-27 18:36:22,20.3,103.19
1325,pa044,co31,Tegucigalpa,2026-09-18 21:46:10,2026-09-18 22:07:10,6.6,35.85
1326,pa173,co21,San José,2026-09-28 11:52:20,2026-09-28 12:31:20,14.6,59.6
1327,pa044,co25,Guatemala,2026-09-02 15:18:38,2026-09-02 16:08:38,18.5,95.52
1328,pa291,co61,Guatemala,2026-09-02 19:06:33,2026-09-02 19:40:33,9.6,43.52
1329,pa168,co42,San José,2026-09-15 20:25:56,2026-09-15 21:01:56,10.9,48.06
1330,pa152,co76,Tegucigalpa,2026-09-19 19:15:51,2026-09-19 19:20:51,2.4,17.54
1331,pa083,co15,Tegucigalpa,2026-09-26 18:07:03,2026-09-26 18:30:03,10.2,47.01
1332,pa163,co51,San Salvador,2026-09-24 09:38:05,2026-09-24 10:29:05,21.3,83.0
1333,pa067,co28,Guatemala,2026-09-13 13:18:02,2026-09-13 13:26:02,2.1,17.56
1334,pa045,co30,San José,2026-09-04 10:50:22,2026-09-04 12:16:22,22.4,102.28
1335,pa113,co61,Guatemala,2026-09-28 15:36:53,2026-09-28 16:23:53,17.0,92.41
1336,pa214,co40,Managua,2026-09-03 07:56:26,2026-09-03 08:40:26,14.7,68.04
1337,pa044,co56,San José,2026-09-05 19:33:10,2026-09-05 21:08:10,24.1,110.96
1338,pa082,co46,San Salvador,2026-09-17 13:14:26,2026-09-17 13:47:26,13.3,55.49
1339,pa262,co17,San José,2026-09-09 10:49:13,2026-09-09 11:59:13,21.1,100.93
1340,pa226,co27,Tegucigalpa,2026-09-19 11:16:25,2026-09-19 11:20:25,1.7,14.42
1341,pa297,co56,San José,2026-09-12 19:47:22,2026-09-12 20:19:22,8.7,45.48
1342,pa028,co32,San José,2026-09-12 09:47:06,2026-09-12 11:01:06,22.2,104.93
1343,pa232,co33,Tegucigalpa,2026-09-18 18:28:07,2026-09-18 19:36:07,22.2,91.28
1344,pa154,co56,San José,2026-09-07 18:57:17,2026-09-07 19:04:17,1.9,15.5
1345,pa006,co60,Tegucigalpa,2026-09-04 20:15:45,2026-09-04 21:30:45,21.3,107.6
1346,pa112,co36,San José,2026-09-15 12:25:46,2026-09-15 12:46:46,8.5,37.93
1347,pa018,co23,Guatemala,2026-09-30 22:52:58,2026-09-30 22:56:58,1.7,15.67
1348,pa004,co74,San Salvador,2026-09-09 15:44:08,2026-09-09 16:15:08,14.1,76.58
1349,pa019,co47,Managua,2026-09-18 17:20:56,2026-09-18 17:51:56,15.5,85.13
1350,pa218,co34,Tegucigalpa,2026-09-24 19:26:18,2026-09-24 20:00:18,12.9,61.66
1351,pa142,co73,Managua,2026-09-09 09:32:31,2026-09-09 10:07:31,14.3,72.94
1352,pa249,co12,San Salvador,2026-09-13 12:48:04,2026-09-13 13:38:04,24.0,103.64
1353,pa129,co33,Tegucigalpa,2026-09-04 11:55:47,2026-09-04 12:47:47,21.7,93.36
1354,pa299,co15,Tegucigalpa,2026-09-04 18:38:47,2026-09-04 18:54:47,6.7,36.08
1355,pa077,co07,San José,2026-09-12 14:40:18,2026-09-12 15:22:18,14.2,69.29
1356,pa273,co06,Tegucigalpa,2026-09-13 12:41:34,2026-09-13 12:57:34,5.1,32.5
1357,pa250,co49,San Salvador,2026-09-21 17:17:24,2026-09-21 17:44:24,7.5,34.67
1358,pa129,co73,Managua,2026-09-23 08:13:20,2026-09-23 09:10:20,18.9,98.71
1359,pa293,co76,Tegucigalpa,2026-09-23 01:15:52,2026-09-23 02:06:52,23.1,110.23
1360,pa045,co23,Guatemala,2026-09-25 08:39:27,2026-09-25 09:14:27,16.8,81.71
1361,pa275,co05,Tegucigalpa,2026-09-29 18:20:46,2026-09-29 19:42:46,20.7,99.47
1362,pa262,co31,Tegucigalpa,2026-09-07 15:45:53,2026-09-07 16:14:53,7.4,41.5
1363,pa191,co34,Tegucigalpa,2026-09-25 16:19:57,2026-09-25 17:28:57,21.7,103.56
1364,pa113,co79,Guatemala,2026-09-01 06:05:53,2026-09-01 06:11:53,2.9,19.41
1365,pa202,co17,San José,2026-09-12 18:38:18,2026-09-12 19:08:18,8.8,43.22
1366,pa127,co15,Tegucigalpa,2026-09-21 21:13:16,2026-09-21 21:35:16,10.5,48.3
1367,pa196,co36,San José,2026-09-29 16:04:41,2026-09-29 16:42:41,15.0,66.85
1368,pa091,co03,Guatemala,2026-09-17 15:28:03,2026-09-17 16:38:03,19.3,94.79
1369,pa213,co59,Managua,2026-09-29 07:49:35,2026-09-29 09:10:35,20.9,81.8
1370,pa199,co11,Tegucigalpa,2026-09-24 16:56:57,2026-09-24 17:03:57,3.2,21.21
1371,pa050,co78,San José,2026-09-22 15:00:28,2026-09-22 15:19:28,5.9,31.98
1372,pa213,co28,Guatemala,2026-09-17 12:59:53,2026-09-17 13:35:53,13.4,64.22
1373,pa015,co32,San José,2026-09-20 16:42:45,2026-09-20 17:03:45,10.2,57.74
1374,pa228,co51,San Salvador,2026-09-22 13:53:18,2026-09-22 14:43:18,21.0,90.85
1375,pa193,co56,San José,2026-09-25 02:58:31,2026-09-25 03:16:31,8.6,39.74
1376,pa153,co56,San José,2026-09-11 12:29:22,2026-09-11 13:13:22,19.4,94.34
1377,pa053,co78,San José,2026-09-10 13:04:53,2026-09-10 13:54:53,17.3,72.77
1378,pa235,co49,San Salvador,2026-09-14 18:09:58,2026-09-14 18:59:58,19.0,98.24
1379,pa239,co72,Guatemala,2026-09-16 12:59:37,2026-09-16 13:37:37,16.3,70.2
1380,pa107,co11,Tegucigalpa,2026-09-15 20:09:22,2026-09-15 20:45:22,10.3,50.88
1381,pa170,co21,San José,2026-09-09 17:35:38,2026-09-09 17:38:38,1.6,13.82
1382,pa213,co72,Guatemala,2026-09-09 21:09:55,2026-09-09 22:17:55,21.8,91.73
1383,pa125,co15,Tegucigalpa,2026-09-10 23:58:23,2026-09-11 00:15:23,6.9,35.91
1384,pa151,co19,San Salvador,2026-09-21 22:24:57,2026-09-21 22:48:57,7.1,43.1
1385,pa047,co06,Tegucigalpa,2026-09-01 20:07:02,2026-09-01 20:47:02,13.5,68.98
1386,pa023,co78,San José,2026-09-30 10:04:07,2026-09-30 11:05:07,16.4,73.37
1387,pa157,co51,San Salvador,2026-09-12 18:20:19,2026-09-12 19:21:19,20.9,104.28
1388,pa037,co49,San Salvador,2026-09-21 16:35:25,2026-09-21 17:19:25,17.3,69.89
1389,pa030,co51,San Salvador,2026-09-01 12:22:42,2026-09-01 13:24:42,17.8,96.55
1390,pa263,co31,Tegucigalpa,2026-09-06 08:19:12,2026-09-06 09:26:12,21.0,93.55
1391,pa259,co65,Guatemala,2026-09-17 19:48:27,2026-09-17 20:36:27,14.8,63.18
1392,pa019,co42,San José,2026-09-29 14:21:46,2026-09-29 15:14:46,23.5,101.06
1393,pa059,co12,San Salvador,2026-09-14 12:08:49,2026-09-14 12:19:49,4.6,24.88
1394,pa168,co61,Guatemala,2026-09-17 15:00:41,2026-09-17 16:26:41,22.0,115.33
1395,pa220,co74,San Salvador,2026-09-29 13:48:29,2026-09-29 15:02:29,19.6,98.65
1396,pa115,co23,Guatemala,2026-09-20 07:44:11,2026-09-20 07:50:11,2.3,17.94
1397,pa024,co20,San José,2026-09-13 20:27:55,2026-09-13 21:01:55,11.9,64.07
1398,pa059,co70,Tegucigalpa,2026-09-15 16:52:38,2026-09-15 17:07:38,4.2,24.81
1399,pa259,co76,Tegucigalpa,2026-09-16 15:21:58,2026-09-16 16:33:58,20.5,91.05
1400,pa258,co41,Managua,2026-09-25 21:10:46,2026-09-25 22:30:46,22.1,89.04
1401,pa265,co29,San José,2026-09-09 13:59:53,2026-09-09 14:45:53,16.4,73.74
1402,pa025,co29,San José,2026-09-15 23:00:59,2026-09-15 23:50:59,13.1,64.78
1403,pa153,co17,San José,2026-09-21 03:30:59,2026-09-21 04:51:59,24.3,118.05
1404,pa044,co60,Tegucigalpa,2026-09-26 22:36:41,2026-09-26 22:49:41,6.4,34.25
1405,pa272,co08,Guatemala,2026-09-25 14:03:14,2026-09-25 14:20:14,5.5,31.31
1406,pa148,co43,San Salvador,2026-09-20 09:42:37,2026-09-20 10:42:37,17.3,69.22
1407,pa022,co25,Guatemala,2026-09-28 15:03:50,2026-09-28 15:25:50,8.2,48.79
1408,pa106,co52,Tegucigalpa,2026-09-23 16:12:39,2026-09-23 16:18:39,2.0,16.03
1409,pa166,co48,Managua,2026-09-27 15:20:47,2026-09-27 16:04:47,18.0,80.03
1410,pa257,co23,Guatemala,2026-09-16 09:49:34,2026-09-16 10:05:34,7.3,34.52
1411,pa156,co03,Guatemala,2026-09-13 13:40:22,2026-09-13 13:51:22,2.9,19.42
1412,pa211,co74,San Salvador,2026-09-30 09:51:15,2026-09-30 10:24:15,12.6,65.88
1413,pa119,co23,Guatemala,2026-09-08 11:33:15,2026-09-08 11:49:15,4.7,28.34
1414,pa154,co63,Managua,2026-09-25 01:44:18,2026-09-25 03:07:18,23.7,126.24
1415,pa023,co30,San José,2026-09-15 16:29:14,2026-09-15 16:43:14,3.8,26.55
1416,pa044,co50,San José,2026-09-17 14:04:42,2026-09-17 15:21:42,19.6,89.31
1417,pa006,co64,San José,2026-09-19 06:33:50,2026-09-19 06:45:50,5.3,28.53
1418,pa016,co43,San Salvador,2026-09-01 08:02:11,2026-09-01 08:27:11,7.9,41.62
1419,pa211,co21,San José,2026-09-08 14:59:14,2026-09-08 16:17:14,24.3,123.38
1420,pa179,co33,Tegucigalpa,2026-09-20 19:13:18,2026-09-20 20:42:18,22.7,105.51
1421,pa282,co20,San José,2026-09-09 15:36:50,2026-09-09 16:20:50,18.4,79.27
1422,pa297,co38,San Salvador,2026-09-26 18:07:19,2026-09-26 19:05:19,18.1,95.12
1423,pa144,co76,Tegucigalpa,2026-09-03 13:54:30,2026-09-03 14:54:30,23.9,101.59
1424,pa125,co26,Tegucigalpa,2026-09-29 12:15:06,2026-09-29 12:45:06,13.7,75.2
1425,pa189,co79,Guatemala,2026-09-12 19:08:43,2026-09-12 19:50:43,12.4,56.14
1426,pa051,co44,Guatemala,2026-09-15 11:24:02,2026-09-15 12:18:02,18.5,74.01
1427,pa286,co39,San José,2026-09-11 18:23:07,2026-09-11 18:37:07,3.7,24.65
1428,pa272,co11,Tegucigalpa,2026-09-13 09:44:58,2026-09-13 10:18:58,13.4,72.31
1429,pa241,co41,Managua,2026-09-30 17:07:18,2026-09-30 18:13:18,18.0,92.13
1430,pa285,co51,San Salvador,2026-09-23 09:39:14,2026-09-23 10:33:14,13.8,70.35
1431,pa146,co76,Tegucigalpa,2026-09-26 13:05:38,2026-09-26 13:58:38,24.6,114.55
1432,pa279,co60,Tegucigalpa,2026-09-18 16:10:12,2026-09-18 16:31:12,6.8,35.88
1433,pa204,co28,Guatemala,2026-09-19 19:32:35,2026-09-19 20:49:35,19.9,106.49
1434,pa035,co10,Managua,2026-09-25 14:03:20,2026-09-25 14:59:20,18.7,80.54
1435,pa199,co74,San Salvador,2026-09-07 14:37:36,2026-09-07 14:56:36,5.1,25.97
1436,pa274,co15,Tegucigalpa,2026-09-29 18:55:27,2026-09-29 19:34:27,16.2,84.08
1437,pa193,co35,San José,2026-09-24 17:01:58,2026-09-24 17:38:58,15.6,71.84
1438,pa052,co21,San José,2026-09-29 22:59:52,2026-09-29 23:20:52,7.0,33.6
1439,pa098,co21,San José,2026-09-15 07:21:57,2026-09-15 08:24:57,18.9,96.44
1440,pa165,co05,Tegucigalpa,2026-09-06 20:37:21,2026-09-06 20:58:21,6.2,38.07
1441,pa035,co23,Guatemala,2026-09-14 20:04:03,2026-09-14 20:23:03,5.0,30.2
1442,pa239,co59,Managua,2026-09-27 10:53:08,2026-09-27 11:57:08,20.0,83.68
1443,pa236,co14,Guatemala,2026-09-09 23:01:48,2026-09-09 23:32:48,13.2,71.21
1444,pa213,co21,San José,2026-09-18 07:55:49,2026-09-18 08:02:49,3.0,22.68
1445,pa215,co65,Guatemala,2026-09-20 04:23:08,2026-09-20 05:24:08,20.3,98.04
1446,pa261,co31,Tegucigalpa,2026-09-27 13:12:23,2026-09-27 13:54:23,13.4,68.35
1447,pa131,co32,San José,2026-09-25 16:44:49,2026-09-25 17:01:49,7.1,34.04
1448,pa249,co12,San Salvador,2026-09-09 22:59:42,2026-09-10 00:00:42,15.5,62.64
1449,pa109,co13,San José,2026-09-10 15:11:26,2026-09-10 15:52:26,11.8,56.12
1450,pa180,co41,Managua,2026-09-02 08:16:27,2026-09-02 08:22:27,2.1,17.4
1451,pa089,co39,San José,2026-09-26 10:20:33,2026-09-26 10:59:33,14.1,58.05
1452,pa122,co37,Tegucigalpa,2026-09-01 13:55:00,2026-09-01 15:13:00,23.6,120.99
1453,pa232,co80,San Salvador,2026-09-07 17:15:50,2026-09-07 17:52:50,15.1,66.97
1454,pa120,co11,Tegucigalpa,2026-09-18 17:15:09,2026-09-18 17:39:09,8.5,44.84
1455,pa296,co27,Tegucigalpa,2026-09-14 07:25:19,2026-09-14 07:48:19,7.6,36.84
1456,pa069,co24,San José,2026-09-24 02:56:48,2026-09-24 03:13:48,5.4,31.24
1457,pa005,co21,San José,2026-09-08 07:22:28,2026-09-08 07:37:28,4.1,26.34
1458,pa249,co55,San José,2026-09-25 12:16:30,2026-09-25 13:19:30,16.3,88.15
1459,pa227,co63,Managua,2026-09-13 13:55:59,2026-09-13 14:24:59,8.9,49.06
1460,pa230,co01,San José,2026-09-06 19:49:04,2026-09-06 20:43:04,17.5,71.06
1461,pa274,co40,Managua,2026-09-20 20:53:27,2026-09-20 22:12:27,21.4,102.85
1462,pa159,co15,Tegucigalpa,2026-09-02 20:21:32,2026-09-02 20:30:32,2.8,21.42
1463,pa233,co31,Tegucigalpa,2026-09-12 08:27:12,2026-09-12 08:47:12,8.0,44.22
1464,pa216,co05,Tegucigalpa,2026-09-07 11:11:48,2026-09-07 11:49:48,16.3,85.23
1465,pa007,co30,San José,2026-09-19 20:00:45,2026-09-19 20:29:45,10.9,51.38
1466,pa239,co21,San José,2026-09-26 19:28:58,2026-09-26 20:04:58,10.3,51.93
1467,pa275,co77,San Salvador,2026-09-12 12:25:40,2026-09-12 13:31:40,18.1,95.19
1468,pa158,co79,Guatemala,2026-09-01 12:59:24,2026-09-01 13:43:24,11.7,61.93
1469,pa188,co14,Guatemala,2026-09-14 20:46:02,2026-09-14 21:21:02,13.9,75.43
1470,pa010,co38,San Salvador,2026-09-17 13:49:13,2026-09-17 14:29:13,19.2,84.31
1471,pa082,co61,Guatemala,2026-09-15 14:09:03,2026-09-15 14:58:03,14.1,77.17
1472,pa106,co80,San Salvador,2026-09-07 18:18:03,2026-09-07 19:42:03,23.3,103.09
1473,pa192,co42,San José,2026-09-22 10:22:02,2026-09-22 10:36:02,5.5,29.05
1474,pa279,co23,Guatemala,2026-09-27 21:20:10,2026-09-27 21:40:10,5.8,31.05
1475,pa259,co12,San Salvador,2026-09-30 16:27:20,2026-09-30 17:15:20,20.3,102.42
1476,pa236,co02,San José,2026-09-18 09:53:17,2026-09-18 10:23:17,10.8,49.2
1477,pa098,co72,Guatemala,2026-09-21 10:26:15,2026-09-21 11:30:15,19.9,101.39
1478,pa025,co46,San Salvador,2026-09-19 12:48:32,2026-09-19 13:05:32,7.5,39.11
1479,pa160,co64,San José,2026-09-22 09:10:16,2026-09-22 09:27:16,7.5,38.74
1480,pa278,co49,San Salvador,2026-09-26 17:05:47,2026-09-26 17:14:47,2.9,20.52
1481,pa077,co50,San José,2026-09-12 03:32:33,2026-09-12 04:23:33,22.5,95.8
1482,pa060,co55,San José,2026-09-11 11:44:39,2026-09-11 12:16:39,10.9,53.65
1483,pa118,co21,San José,2026-09-06 12:31:12,2026-09-06 13:13:12,15.7,77.14
1484,pa299,co70,Tegucigalpa,2026-09-26 16:00:23,2026-09-26 17:00:23,21.2,85.78
1485,pa031,co76,Tegucigalpa,2026-09-26 14:13:51,2026-09-26 14:25:51,5.3,29.65
1486,pa296,co31,Tegucigalpa,2026-09-14 05:25:38,2026-09-14 06:14:38,13.2,56.78
1487,pa192,co15,Tegucigalpa,2026-09-08 20:17:28,2026-09-08 21:14:28,19.8,104.84
1488,pa291,co21,San José,2026-09-16 14:52:32,2026-09-16 15:06:32,5.2,32.51
1489,pa281,co56,San José,2026-09-26 15:41:49,2026-09-26 16:22:49,11.2,49.31
1490,pa296,co26,Tegucigalpa,2026-09-16 19:45:57,2026-09-16 20:35:57,23.6,122.57
1491,pa029,co06,Tegucigalpa,2026-09-14 18:02:11,2026-09-14 19:17:11,24.7,120.27
1492,pa153,co37,Tegucigalpa,2026-09-20 11:49:28,2026-09-20 12:03:28,5.0,26.89
1493,pa091,co76,Tegucigalpa,2026-09-02 19:50:52,2026-09-02 20:56:52,21.5,92.41
1494,pa221,co23,Guatemala,2026-09-09 17:42:16,2026-09-09 18:37:16,22.8,112.45
1495,pa228,co23,Guatemala,2026-09-04 20:23:28,2026-09-04 21:15:28,22.1,97.77
1496,pa146,co32,San José,2026-09-02 21:17:44,2026-09-02 21:58:44,20.8,90.02
1497,pa041,co49,San Salvador,2026-09-24 19:14:48,2026-09-24 20:07:48,22.4,91.9
1498,pa074,co02,San José,2026-09-28 19:40:21,2026-09-28 20:33:21,19.7,87.02
1499,pa183,co51,San Salvador,2026-09-27 17:03:13,2026-09-27 18:10:13,18.6,74.9
1500,pa022,co37,Tegucigalpa,2026-09-23 03:52:20,2026-09-23 04:44:20,24.6,116.85
1501,pa133,co56,San José,2026-09-13 08:26:48,2026-09-13 09:05:48,10.5,53.72
1502,pa142,co41,Managua,2026-09-13 09:23:29,2026-09-13 10:05:29,10.9,60.39
1503,pa219,co36,San José,2026-09-07 16:27:33,2026-09-07 17:18:33,13.7,69.88
1504,pa178,co50,San José,2026-09-26 11:34:03,2026-09-26 12:24:03,14.8,69.51
1505,pa228,co28,Guatemala,2026-09-10 22:31:41,2026-09-10 22:47:41,6.3,32.42
1506,pa035,co06,Tegucigalpa,2026-09-10 22:38:04,2026-09-10 22:49:04,3.9,22.11
1507,pa170,co46,San Salvador,2026-09-16 21:46:57,2026-09-16 22:11:57,7.3,34.33
1508,pa151,co31,Tegucigalpa,2026-09-10 19:57:42,2026-09-10 20:55:42,17.1,90.57
1509,pa094,co65,Guatemala,2026-09-08 20:39:22,2026-09-08 21:01:22,9.7,43.01
1510,pa051,co65,Guatemala,2026-09-14 17:30:43,2026-09-14 18:13:43,14.1,74.25
1511,pa273,co58,San Salvador,2026-09-20 21:33:38,2026-09-20 21:49:38,5.7,36.42
1512,pa005,co66,San Salvador,2026-09-13 23:29:37,2026-09-14 00:41:37,19.6,93.79
1513,pa299,co44,Guatemala,2026-09-20 20:45:00,2026-09-20 21:00:00,7.3,43.08
1514,pa286,co55,San José,2026-09-14 12:05:53,2026-09-14 13:08:53,24.0,103.8
1515,pa065,co07,San José,2026-09-15 19:58:01,2026-09-15 20:42:01,16.7,77.1
1516,pa087,co43,San Salvador,2026-09-28 09:34:06,2026-09-28 10:18:06,16.4,67.67
1517,pa104,co39,San José,2026-09-09 13:43:20,2026-09-09 14:05:20,9.6,44.06
1518,pa183,co58,San Salvador,2026-09-08 17:39:57,2026-09-08 17:48:57,2.7,17.52
1519,pa213,co17,San José,2026-09-17 18:42:57,2026-09-17 19:12:57,10.4,57.36
1520,pa172,co17,San José,2026-09-10 11:36:43,2026-09-10 11:54:43,5.9,34.36
1521,pa099,co03,Guatemala,2026-09-24 07:56:08,2026-09-24 08:40:08,11.9,58.12
1522,pa018,co70,Tegucigalpa,2026-09-26 08:01:08,2026-09-26 09:17:08,19.8,104.38
1523,pa277,co04,Tegucigalpa,2026-09-20 19:25:27,2026-09-20 20:22:27,23.1,111.62
1524,pa024,co63,Managua,2026-09-01 18:20:28,2026-09-01 19:28:28,22.2,101.49
1525,pa063,co76,Tegucigalpa,2026-09-23 05:58:44,2026-09-23 06:25:44,9.8,47.11
1526,pa271,co10,Managua,2026-09-16 21:44:39,2026-09-16 22:16:39,11.9,57.89
1527,pa198,co05,Tegucigalpa,2026-09-24 17:51:41,2026-09-24 19:07:41,19.7,82.3
1528,pa144,co46,San Salvador,2026-09-27 23:17:11,2026-09-28 00:16:11,21.6,89.98
1529,pa032,co39,San José,2026-09-14 06:24:16,2026-09-14 07:17:16,24.1,114.88
1530,pa145,co36,San José,2026-09-05 21:45:04,2026-09-05 22:56:04,19.3,101.29
1531,pa080,co43,San Salvador,2026-09-14 05:11:06,2026-09-14 05:31:06,6.1,30.99
1532,pa208,co43,San Salvador,2026-09-19 20:59:53,2026-09-19 21:34:53,11.6,55.42
1533,pa077,co73,Managua,2026-09-30 23:22:29,2026-10-01 00:02:29,12.8,61.81
1534,pa154,co24,San José,2026-09-13 17:07:05,2026-09-13 17:30:05,10.5,59.31
1535,pa206,co59,Managua,2026-09-18 21:38:53,2026-09-18 22:40:53,18.0,71.42
1536,pa250,co39,San José,2026-09-14 16:14:23,2026-09-14 16:49:23,13.8,59.2
1537,pa273,co19,San Salvador,2026-09-06 23:25:23,2026-09-07 00:12:23,19.0,83.58
1538,pa083,co21,San José,2026-09-02 06:23:28,2026-09-02 07:16:28,17.8,91.61
1539,pa164,co57,Tegucigalpa,2026-09-11 22:50:40,2026-09-11 23:21:40,11.0,53.62
1540,pa065,co11,Tegucigalpa,2026-09-17 23:04:07,2026-09-18 00:06:07,15.8,85.26
1541,pa278,co44,Guatemala,2026-09-13 19:46:05,2026-09-13 20:34:05,23.7,121.82
1542,pa117,co76,Tegucigalpa,2026-09-02 14:53:34,2026-09-02 15:50:34,16.3,76.71
1543,pa285,co67,San Salvador,2026-09-27 01:27:02,2026-09-27 01:53:02,7.4,37.72
1544,pa251,co61,Guatemala,2026-09-24 08:26:31,2026-09-24 09:09:31,14.7,60.37
1545,pa199,co20,San José,2026-09-01 12:45:28,2026-09-01 13:20:28,16.9,76.09
1546,pa165,co13,San José,2026-09-23 21:37:05,2026-09-23 21:41:05,1.8,15.78
1547,pa104,co25,Guatemala,2026-09-03 19:22:23,2026-09-03 20:24:23,17.0,92.68
1548,pa002,co03,Guatemala,2026-09-12 09:42:41,2026-09-12 10:06:41,6.8,37.29
1549,pa058,co57,Tegucigalpa,2026-09-20 15:20:52,2026-09-20 15:34:52,4.7,29.33
1550,pa106,co01,San José,2026-09-17 21:49:54,2026-09-17 22:29:54,19.4,84.8
1551,pa176,co04,Tegucigalpa,2026-09-25 12:53:30,2026-09-25 13:04:30,3.0,20.67
1552,pa070,co47,Managua,2026-09-26 00:54:43,2026-09-26 02:22:43,23.2,115.64
1553,pa011,co56,San José,2026-09-28 06:43:27,2026-09-28 06:49:27,2.2,16.58
1554,pa234,co66,San Salvador,2026-09-30 19:50:17,2026-09-30 20:47:17,20.1,84.93
1555,pa005,co56,San José,2026-09-14 17:24:43,2026-09-14 18:55:43,24.8,114.53
1556,pa015,co03,Guatemala,2026-09-29 18:27:41,2026-09-29 19:48:41,22.1,91.45
1557,pa226,co56,San José,2026-09-04 18:23:50,2026-09-04 18:57:50,15.3,65.11
1558,pa230,co49,San Salvador,2026-09-01 11:58:16,2026-09-01 12:26:16,13.6,73.42
1559,pa243,co38,San Salvador,2026-09-18 18:24:05,2026-09-18 19:21:05,15.5,72.12
1560,pa214,co36,San José,2026-09-10 20:38:27,2026-09-10 21:15:27,12.3,53.5
1561,pa279,co21,San José,2026-09-02 15:14:50,2026-09-02 15:36:50,7.1,35.76
1562,pa245,co76,Tegucigalpa,2026-09-22 12:07:15,2026-09-22 13:34:15,22.2,117.72
1563,pa172,co49,San Salvador,2026-09-19 13:06:18,2026-09-19 13:42:18,13.8,70.8
1564,pa296,co04,Tegucigalpa,2026-09-02 08:57:29,2026-09-02 09:32:29,13.2,72.49
1565,pa204,co42,San José,2026-09-29 08:29:35,2026-09-29 09:11:35,17.4,89.23
1566,pa077,co59,Managua,2026-09-01 17:27:57,2026-09-01 17:55:57,13.1,69.01
1567,pa042,co21,San José,2026-09-19 13:19:29,2026-09-19 14:13:29,17.7,87.94
1568,pa158,co43,San Salvador,2026-09-02 13:15:51,2026-09-02 13:38:51,9.5,42.85
1569,pa090,co37,Tegucigalpa,2026-09-16 11:05:16,2026-09-16 12:29:16,21.1,96.38
1570,pa269,co51,San Salvador,2026-09-02 20:55:57,2026-09-02 21:17:57,10.4,59.87
1571,pa006,co32,San José,2026-09-30 13:16:25,2026-09-30 14:26:25,24.1,102.06
1572,pa219,co51,San Salvador,2026-09-18 20:24:45,2026-09-18 20:58:45,9.2,44.7
1573,pa177,co29,San José,2026-09-01 14:32:33,2026-09-01 15:00:33,7.8,35.49
1574,pa200,co53,Managua,2026-09-04 19:13:28,2026-09-04 19:40:28,7.9,43.47
1575,pa070,co19,San Salvador,2026-09-29 18:57:58,2026-09-29 19:04:58,2.6,17.89
1576,pa197,co15,Tegucigalpa,2026-09-02 16:01:35,2026-09-02 17:18:35,20.6,82.24
1577,pa059,co28,Guatemala,2026-09-17 05:51:25,2026-09-17 07:13:25,20.7,108.66
1578,pa100,co31,Tegucigalpa,2026-09-06 22:37:23,2026-09-06 22:47:23,3.5,21.55
1579,pa256,co37,Tegucigalpa,2026-09-26 16:25:25,2026-09-26 16:31:25,2.0,16.09
1580,pa165,co67,San Salvador,2026-09-10 04:46:05,2026-09-10 05:54:05,20.1,81.91
1581,pa067,co31,Tegucigalpa,2026-09-16 14:07:49,2026-09-16 14:48:49,19.0,92.44
1582,pa127,co49,San Salvador,2026-09-02 15:56:21,2026-09-02 16:03:21,3.0,20.67
1583,pa261,co03,Guatemala,2026-09-25 19:41:36,2026-09-25 19:51:36,4.6,24.6
1584,pa012,co14,Guatemala,2026-09-10 19:04:05,2026-09-10 19:21:05,7.2,36.49
1585,pa117,co35,San José,2026-09-14 08:39:32,2026-09-14 09:04:32,12.5,53.03
1586,pa217,co15,Tegucigalpa,2026-09-25 06:49:17,2026-09-25 07:45:17,18.5,86.66
1587,pa299,co38,San Salvador,2026-09-06 12:06:22,2026-09-06 12:26:22,8.9,49.86
1588,pa006,co30,San José,2026-09-16 17:54:05,2026-09-16 18:23:05,11.5,60.67
1589,pa017,co08,Guatemala,2026-09-29 15:36:35,2026-09-29 16:21:35,17.3,78.68
1590,pa172,co32,San José,2026-09-21 22:26:19,2026-09-21 22:57:19,10.2,46.91
1591,pa300,co03,Guatemala,2026-09-12 17:21:03,2026-09-12 17:41:03,5.4,28.11
1592,pa291,co70,Tegucigalpa,2026-09-24 17:27:57,2026-09-24 18:20:57,13.5,62.05
1593,pa252,co74,San Salvador,2026-09-28 02:04:15,2026-09-28 02:24:15,9.9,46.83
1594,pa016,co52,Tegucigalpa,2026-09-29 18:45:48,2026-09-29 18:57:48,5.9,33.05
1595,pa070,co17,San José,2026-09-24 12:34:30,2026-09-24 13:33:30,17.6,73.82
1596,pa083,co14,Guatemala,2026-09-28 09:02:05,2026-09-28 09:59:05,20.3,79.28
1597,pa154,co72,Guatemala,2026-09-20 08:45:24,2026-09-20 09:47:24,18.3,91.87
1598,pa213,co43,San Salvador,2026-09-18 13:52:41,2026-09-18 14:37:41,16.3,86.85
1599,pa059,co37,Tegucigalpa,2026-09-22 15:26:56,2026-09-22 15:48:56,6.6,39.54
1600,pa297,co41,Managua,2026-09-08 05:33:48,2026-09-08 06:19:48,20.8,85.04
1601,pa296,co72,Guatemala,2026-09-17 13:52:13,2026-09-17 14:45:13,16.4,83.67
1602,pa051,co47,Managua,2026-09-21 12:18:29,2026-09-21 12:53:29,12.6,62.57
1603,pa188,co24,San José,2026-09-03 05:26:32,2026-09-03 06:22:32,15.1,72.19
1604,pa296,co39,San José,2026-09-20 19:33:49,2026-09-20 20:27:49,20.0,91.23
1605,pa194,co59,Managua,2026-09-05 15:09:45,2026-09-05 15:29:45,8.3,37.8
1606,pa144,co49,San Salvador,2026-09-04 15:02:31,2026-09-04 15:09:31,2.5,17.34
1607,pa098,co76,Tegucigalpa,2026-09-08 09:30:44,2026-09-08 09:53:44,6.3,34.98
1608,pa033,co34,Tegucigalpa,2026-09-02 07:35:51,2026-09-02 08:23:51,14.9,75.31
1609,pa028,co42,San José,2026-09-08 13:40:19,2026-09-08 14:14:19,10.4,51.51
1610,pa279,co73,Managua,2026-09-23 14:35:58,2026-09-23 15:11:58,16.4,83.13
1611,pa154,co07,San José,2026-09-09 12:12:40,2026-09-09 13:28:40,23.6,120.26
1612,pa265,co31,Tegucigalpa,2026-09-27 22:45:38,2026-09-27 23:24:38,11.6,51.08
1613,pa002,co39,San José,2026-09-14 01:39:51,2026-09-14 01:44:51,2.4,19.65
1614,pa133,co59,Managua,2026-09-25 05:26:02,2026-09-25 06:28:02,19.8,90.32
1615,pa250,co76,Tegucigalpa,2026-09-25 17:45:08,2026-09-25 18:20:08,13.4,72.95
1616,pa076,co67,San Salvador,2026-09-24 12:59:45,2026-09-24 13:39:45,10.4,47.16
1617,pa297,co66,San Salvador,2026-09-09 20:17:07,2026-09-09 20:47:07,9.0,40.46
1618,pa157,co36,San José,2026-09-23 16:39:34,2026-09-23 17:14:34,15.2,67.14
1619,pa030,co33,Tegucigalpa,2026-09-22 16:09:04,2026-09-22 16:24:04,6.0,36.47
1620,pa157,co28,Guatemala,2026-09-22 19:15:06,2026-09-22 20:13:06,23.6,94.05
1621,pa159,co01,San José,2026-09-28 13:19:16,2026-09-28 14:11:16,21.7,114.81
1622,pa178,co78,San José,2026-09-11 23:26:04,2026-09-12 00:13:04,16.9,88.54
1623,pa269,co67,San Salvador,2026-09-15 12:42:42,2026-09-15 13:20:42,12.6,66.81
1624,pa096,co49,San Salvador,2026-09-13 12:39:44,2026-09-13 13:20:44,10.3,49.62
1625,pa165,co54,Managua,2026-09-27 07:11:42,2026-09-27 08:00:42,18.0,97.72
1626,pa094,co47,Managua,2026-09-18 17:37:07,2026-09-18 18:39:07,16.8,68.2
1627,pa271,co29,San José,2026-09-09 07:02:25,2026-09-09 07:25:25,8.0,37.8
1628,pa251,co28,Guatemala,2026-09-13 19:15:20,2026-09-13 20:14:20,15.1,65.84
1629,pa277,co28,Guatemala,2026-09-29 09:15:38,2026-09-29 09:51:38,9.7,45.04
1630,pa297,co79,Guatemala,2026-09-07 17:14:44,2026-09-07 17:59:44,19.5,95.55
1631,pa058,co61,Guatemala,2026-09-07 21:18:01,2026-09-07 22:04:01,16.0,66.08
1632,pa011,co70,Tegucigalpa,2026-09-11 15:20:41,2026-09-11 15:49:41,8.8,43.49
1633,pa208,co67,San Salvador,2026-09-10 12:07:21,2026-09-10 12:57:21,20.6,86.7
1634,pa228,co47,Managua,2026-09-07 10:06:43,2026-09-07 10:53:43,13.4,56.45
1635,pa164,co73,Managua,2026-09-19 20:07:55,2026-09-19 20:29:55,10.8,61.13
1636,pa257,co59,Managua,2026-09-02 08:28:35,2026-09-02 08:46:35,5.4,28.35
1637,pa011,co17,San José,2026-09-04 20:10:49,2026-09-04 20:35:49,7.8,44.45
1638,pa202,co46,San Salvador,2026-09-07 06:03:41,2026-09-07 07:03:41,22.8,89.44
1639,pa179,co27,Tegucigalpa,2026-09-22 08:17:43,2026-09-22 08:33:43,7.7,37.94
1640,pa205,co73,Managua,2026-09-20 08:18:43,2026-09-20 08:32:43,3.9,27.29
1641,pa045,co29,San José,2026-09-03 17:59:24,2026-09-03 18:41:24,11.8,57.95
1642,pa212,co72,Guatemala,2026-09-07 16:57:58,2026-09-07 17:38:58,18.8,101.33
1643,pa018,co41,Managua,2026-09-02 18:27:15,2026-09-02 18:32:15,1.6,15.93
1644,pa202,co31,Tegucigalpa,2026-09-07 12:22:51,2026-09-07 13:37:51,23.6,114.55
1645,pa029,co67,San Salvador,2026-09-07 14:53:54,2026-09-07 15:53:54,22.7,92.53
1646,pa017,co47,Managua,2026-09-23 14:56:43,2026-09-23 15:19:43,7.4,35.91
1647,pa075,co28,Guatemala,2026-09-07 09:16:47,2026-09-07 10:29:47,20.4,103.54
1648,pa285,co01,San José,2026-09-15 15:00:09,2026-09-15 15:08:09,2.9,18.72
1649,pa230,co51,San Salvador,2026-09-23 11:53:42,2026-09-23 12:43:42,20.6,109.22
1650,pa076,co76,Tegucigalpa,2026-09-06 12:17:40,2026-09-06 12:28:40,5.1,26.36
1651,pa223,co56,San José,2026-09-19 12:21:21,2026-09-19 13:05:21,11.3,56.49
1652,pa185,co34,Tegucigalpa,2026-09-14 05:58:56,2026-09-14 07:08:56,18.2,91.55
1653,pa257,co12,San Salvador,2026-09-17 06:43:58,2026-09-17 07:51:58,18.4,81.34
1654,pa011,co59,Managua,2026-09-16 07:41:27,2026-09-16 08:18:27,17.3,90.15
1655,pa002,co70,Tegucigalpa,2026-09-20 20:18:32,2026-09-20 21:03:32,13.9,58.65
1656,pa089,co19,San Salvador,2026-09-05 08:31:18,2026-09-05 09:42:18,20.9,86.33
1657,pa226,co40,Managua,2026-09-18 14:22:59,2026-09-18 14:34:59,5.3,33.19
1658,pa178,co31,Tegucigalpa,2026-09-29 01:58:48,2026-09-29 02:16:48,5.7,33.51
1659,pa123,co03,Guatemala,2026-09-15 13:25:28,2026-09-15 13:51:28,7.4,38.52
1660,pa228,co78,San José,2026-09-27 08:48:40,2026-09-27 09:30:40,11.7,59.93
1661,pa245,co04,Tegucigalpa,2026-09-09 00:43:05,2026-09-09 01:09:05,8.5,44.5
1662,pa102,co59,Managua,2026-09-09 15:15:04,2026-09-09 16:05:04,24.9,129.26
1663,pa251,co63,Managua,2026-09-28 09:13:13,2026-09-28 09:26:13,5.0,27.17
1664,pa262,co44,Guatemala,2026-09-20 09:18:58,2026-09-20 10:29:58,20.4,96.54
1665,pa209,co34,Tegucigalpa,2026-09-13 20:53:54,2026-09-13 21:57:54,18.5,73.57
1666,pa284,co23,Guatemala,2026-09-18 07:14:56,2026-09-18 07:19:56,1.9,15.29
1667,pa287,co39,San José,2026-09-15 13:10:55,2026-09-15 13:46:55,17.6,70.47
1668,pa207,co76,Tegucigalpa,2026-09-21 19:47:58,2026-09-21 20:20:58,11.3,49.82
1669,pa177,co72,Guatemala,2026-09-02 20:58:59,2026-09-02 21:30:59,10.0,50.57
1670,pa098,co43,San Salvador,2026-09-11 20:32:21,2026-09-11 21:22:21,16.5,83.89
1671,pa255,co15,Tegucigalpa,2026-09-18 20:05:29,2026-09-18 20:51:29,14.5,74.59
1672,pa068,co30,San José,2026-09-29 21:01:56,2026-09-29 22:07:56,16.9,79.12
1673,pa256,co38,San Salvador,2026-09-23 15:46:12,2026-09-23 16:09:12,7.3,38.02
1674,pa005,co23,Guatemala,2026-09-05 08:30:23,2026-09-05 09:41:23,18.6,90.54
1675,pa118,co30,San José,2026-09-03 23:45:14,2026-09-04 00:52:14,20.0,80.52
1676,pa075,co10,Managua,2026-09-21 17:56:55,2026-09-21 18:09:55,6.9,41.24
1677,pa106,co58,San Salvador,2026-09-28 16:03:03,2026-09-28 17:17:03,20.6,86.63
1678,pa118,co46,San Salvador,2026-09-04 08:13:33,2026-09-04 09:17:33,24.2,96.53
1679,pa249,co15,Tegucigalpa,2026-09-11 08:11:13,2026-09-11 09:37:13,23.6,103.88
1680,pa197,co11,Tegucigalpa,2026-09-30 07:10:30,2026-09-30 08:27:30,20.9,104.57
1681,pa195,co24,San José,2026-09-26 15:17:06,2026-09-26 15:38:06,9.5,52.39
1682,pa074,co29,San José,2026-09-02 03:02:40,2026-09-02 04:05:40,19.6,89.36
1683,pa126,co73,Managua,2026-09-28 21:21:48,2026-09-28 21:28:48,3.3,23.21
1684,pa213,co73,Managua,2026-09-26 00:15:08,2026-09-26 00:50:08,9.3,52.66
1685,pa288,co10,Managua,2026-09-09 13:04:36,2026-09-09 13:39:36,11.7,54.05
1686,pa219,co46,San Salvador,2026-09-15 09:41:19,2026-09-15 10:13:19,9.8,49.27
1687,pa082,co32,San José,2026-09-12 13:29:55,2026-09-12 13:33:55,1.7,15.8
1688,pa275,co16,San José,2026-09-15 20:11:01,2026-09-15 21:18:01,19.3,79.07
1689,pa085,co47,Managua,2026-09-23 10:00:27,2026-09-23 10:12:27,3.6,23.6
1690,pa099,co38,San Salvador,2026-09-12 08:38:38,2026-09-12 09:05:38,12.5,60.99
1691,pa133,co44,Guatemala,2026-09-02 12:05:24,2026-09-02 12:35:24,9.6,50.11
1692,pa023,co61,Guatemala,2026-09-27 21:26:16,2026-09-27 21:46:16,7.7,43.93
1693,pa077,co56,San José,2026-09-16 03:18:11,2026-09-16 04:09:11,20.3,86.71
1694,pa085,co43,San Salvador,2026-09-18 15:42:14,2026-09-18 16:20:14,15.9,86.68
1695,pa032,co63,Managua,2026-09-16 08:19:06,2026-09-16 08:58:06,16.9,89.04
1696,pa078,co03,Guatemala,2026-09-30 13:41:54,2026-09-30 14:40:54,22.4,108.31
1697,pa063,co61,Guatemala,2026-09-30 14:08:45,2026-09-30 15:01:45,17.3,78.15
1698,pa027,co38,San Salvador,2026-09-27 18:05:50,2026-09-27 18:09:50,1.7,14.22
1699,pa082,co79,Guatemala,2026-09-02 19:37:10,2026-09-02 20:53:10,19.2,95.88
1700,pa106,co72,Guatemala,2026-09-25 20:26:00,2026-09-25 20:37:00,4.7,30.6
1701,pa249,co72,Guatemala,2026-09-18 17:06:08,2026-09-18 17:27:08,6.4,32.39
1702,pa146,co38,San Salvador,2026-09-15 19:22:17,2026-09-15 20:05:17,11.5,51.52
1703,pa112,co55,San José,2026-09-08 04:41:28,2026-09-08 05:28:28,13.7,75.25
1704,pa173,co51,San Salvador,2026-09-08 12:56:29,2026-09-08 13:38:29,14.7,60.34
1705,pa042,co04,Tegucigalpa,2026-09-01 07:32:44,2026-09-01 08:35:44,24.8,122.38
1706,pa138,co67,San Salvador,2026-09-17 09:35:53,2026-09-17 10:05:53,9.7,48.33
1707,pa228,co37,Tegucigalpa,2026-09-19 20:12:58,2026-09-19 20:50:58,17.7,85.82
1708,pa256,co26,Tegucigalpa,2026-09-24 16:26:53,2026-09-24 17:21:53,15.7,80.01
1709,pa061,co56,San José,2026-09-25 17:21:25,2026-09-25 17:52:25,10.6,46.06
1710,pa297,co27,Tegucigalpa,2026-09-27 01:49:59,2026-09-27 02:25:59,11.5,63.9
1711,pa131,co05,Tegucigalpa,2026-09-27 02:08:22,2026-09-27 02:45:22,15.6,84.07
1712,pa136,co58,San Salvador,2026-09-25 21:44:59,2026-09-25 22:15:59,12.0,61.98
1713,pa294,co72,Guatemala,2026-09-09 14:19:45,2026-09-09 14:59:45,19.0,90.73
1714,pa278,co39,San José,2026-09-05 09:05:06,2026-09-05 09:49:06,13.1,60.04
1715,pa191,co04,Tegucigalpa,2026-09-01 07:57:15,2026-09-01 08:35:15,18.5,97.67
1716,pa012,co72,Guatemala,2026-09-15 06:30:06,2026-09-15 06:54:06,6.3,37.0
1717,pa143,co24,San José,2026-09-24 19:12:35,2026-09-24 19:45:35,14.1,66.83
1718,pa146,co56,San José,2026-09-02 14:32:07,2026-09-02 14:54:07,7.6,40.19
1719,pa068,co57,Tegucigalpa,2026-09-23 13:36:41,2026-09-23 14:13:41,10.8,59.32
1720,pa096,co01,San José,2026-09-19 07:21:28,2026-09-19 07:50:28,10.2,49.08
1721,pa182,co39,San José,2026-09-24 12:55:34,2026-09-24 13:38:34,15.0,66.38
1722,pa217,co31,Tegucigalpa,2026-09-29 20:00:19,2026-09-29 21:20:19,24.0,116.28
1723,pa222,co15,Tegucigalpa,2026-09-01 21:58:03,2026-09-01 22:04:03,2.9,21.06
1724,pa244,co65,Guatemala,2026-09-08 17:51:36,2026-09-08 18:04:36,5.0,28.4
1725,pa111,co66,San Salvador,2026-09-17 20:25:52,2026-09-17 20:36:52,4.6,29.79
1726,pa188,co57,Tegucigalpa,2026-09-22 20:32:56,2026-09-22 21:35:56,24.4,120.52
1727,pa201,co60,Tegucigalpa,2026-09-08 07:39:03,2026-09-08 08:19:03,12.5,65.56
1728,pa126,co24,San José,2026-09-12 08:15:13,2026-09-12 09:16:13,17.6,89.14
1729,pa006,co58,San Salvador,2026-09-25 16:15:57,2026-09-25 16:23:57,2.4,18.77
1730,pa278,co80,San Salvador,2026-09-10 20:17:08,2026-09-10 20:36:08,6.8,35.49
1731,pa201,co21,San José,2026-09-05 11:39:22,2026-09-05 11:55:22,6.1,38.28
1732,pa170,co42,San José,2026-09-20 21:38:42,2026-09-20 22:56:42,23.3,115.03
1733,pa298,co37,Tegucigalpa,2026-09-25 18:50:31,2026-09-25 19:34:31,18.8,75.0
1734,pa135,co01,San José,2026-09-20 12:28:15,2026-09-20 12:52:15,10.9,51.12
1735,pa006,co43,San Salvador,2026-09-20 10:23:26,2026-09-20 10:37:26,5.4,30.79
1736,pa180,co10,Managua,2026-09-07 11:30:39,2026-09-07 12:16:39,16.8,69.33
1737,pa154,co01,San José,2026-09-16 20:17:09,2026-09-16 20:40:09,8.2,36.76
1738,pa023,co64,San José,2026-09-27 12:50:13,2026-09-27 13:48:13,22.6,88.32
1739,pa075,co37,Tegucigalpa,2026-09-22 11:34:51,2026-09-22 12:03:51,8.1,41.71
1740,pa297,co05,Tegucigalpa,2026-09-13 06:50:50,2026-09-13 07:09:50,6.7,40.09
1741,pa212,co79,Guatemala,2026-09-08 18:32:44,2026-09-08 19:05:44,10.6,47.8
1742,pa172,co49,San Salvador,2026-09-13 09:34:57,2026-09-13 10:00:57,10.6,51.06
1743,pa001,co40,Managua,2026-09-28 16:09:48,2026-09-28 16:24:48,6.0,35.29
1744,pa049,co76,Tegucigalpa,2026-09-21 07:40:26,2026-09-21 08:15:26,12.4,53.29
1745,pa298,co67,San Salvador,2026-09-25 17:37:00,2026-09-25 18:34:00,24.4,129.37
1746,pa112,co61,Guatemala,2026-09-29 19:49:31,2026-09-29 20:40:31,14.7,78.6
1747,pa172,co11,Tegucigalpa,2026-09-23 04:11:26,2026-09-23 05:04:26,14.8,72.24
1748,pa209,co77,San Salvador,2026-09-21 18:04:40,2026-09-21 18:17:40,5.2,26.58
1749,pa111,co03,Guatemala,2026-09-20 18:07:34,2026-09-20 19:01:34,21.5,93.67
1750,pa024,co37,Tegucigalpa,2026-09-24 20:10:19,2026-09-24 21:25:19,22.0,109.93
1751,pa236,co13,San José,2026-09-29 15:43:15,2026-09-29 16:35:15,17.3,70.45
1752,pa191,co51,San Salvador,2026-09-09 21:13:11,2026-09-09 21:33:11,6.7,39.64
1753,pa017,co47,Managua,2026-09-25 09:23:25,2026-09-25 10:07:25,12.5,60.85
1754,pa272,co28,Guatemala,2026-09-13 02:27:32,2026-09-13 03:04:32,13.8,58.75
1755,pa177,co49,San Salvador,2026-09-24 21:34:19,2026-09-24 21:56:19,8.6,49.13
1756,pa288,co51,San Salvador,2026-09-28 17:48:08,2026-09-28 19:07:08,24.8,105.66
1757,pa180,co25,Guatemala,2026-09-21 21:56:36,2026-09-21 22:27:36,9.5,52.31
1758,pa279,co42,San José,2026-09-10 21:19:36,2026-09-10 21:52:36,16.5,87.71
1759,pa272,co47,Managua,2026-09-01 07:48:40,2026-09-01 08:28:40,19.7,80.34
1760,pa047,co07,San José,2026-09-01 03:27:37,2026-09-01 04:01:37,9.7,47.87
1761,pa059,co17,San José,2026-09-09 08:40:51,2026-09-09 09:24:51,11.1,50.41
1762,pa275,co23,Guatemala,2026-09-21 15:20:41,2026-09-21 15:37:41,6.7,37.51
1763,pa215,co66,San Salvador,2026-09-24 11:22:52,2026-09-24 12:19:52,18.6,75.1
1764,pa174,co65,Guatemala,2026-09-14 09:26:56,2026-09-14 10:47:56,20.3,94.31
1765,pa026,co47,Managua,2026-09-13 15:30:59,2026-09-13 15:54:59,6.9,38.1
1766,pa180,co29,San José,2026-09-16 20:02:46,2026-09-16 21:09:46,20.5,91.8
1767,pa172,co79,Guatemala,2026-09-26 21:34:04,2026-09-26 21:42:04,3.4,24.7
1768,pa045,co08,Guatemala,2026-09-09 17:50:26,2026-09-09 19:07:26,24.5,100.04
1769,pa165,co01,San José,2026-09-30 04:21:37,2026-09-30 05:30:37,17.8,91.32
1770,pa185,co19,San Salvador,2026-09-21 12:46:54,2026-09-21 13:25:54,18.7,94.09
1771,pa214,co72,Guatemala,2026-09-04 16:56:07,2026-09-04 17:13:07,5.9,36.39
1772,pa239,co37,Tegucigalpa,2026-09-02 20:25:52,2026-09-02 20:30:52,2.5,19.89
1773,pa069,co27,Tegucigalpa,2026-09-16 16:35:59,2026-09-16 17:04:59,13.7,67.05
1774,pa047,co63,Managua,2026-09-10 17:17:29,2026-09-10 17:54:29,16.8,78.04
1775,pa161,co32,San José,2026-09-01 18:15:24,2026-09-01 19:20:24,17.4,81.18
1776,pa146,co01,San José,2026-09-01 12:35:47,2026-09-01 12:41:47,3.0,22.94
1777,pa018,co28,Guatemala,2026-09-24 20:06:52,2026-09-24 20:57:52,14.7,66.73
1778,pa179,co28,Guatemala,2026-09-28 17:48:21,2026-09-28 18:27:21,10.9,57.37
1779,pa212,co17,San José,2026-09-20 15:51:55,2026-09-20 16:15:55,8.3,44.74
1780,pa111,co28,Guatemala,2026-09-28 21:32:56,2026-09-28 21:59:56,8.5,40.46
1781,pa274,co58,San Salvador,2026-09-08 18:08:24,2026-09-08 18:55:24,18.4,74.94
1782,pa091,co76,Tegucigalpa,2026-09-17 07:06:24,2026-09-17 07:48:24,12.5,57.88
1783,pa211,co20,San José,2026-09-14 09:45:30,2026-09-14 10:07:30,8.2,46.33
1784,pa158,co63,Managua,2026-09-24 10:22:52,2026-09-24 10:38:52,6.0,29.58
1785,pa165,co19,San Salvador,2026-09-28 19:04:48,2026-09-28 19:37:48,15.9,75.4
1786,pa098,co15,Tegucigalpa,2026-09-01 11:46:31,2026-09-01 12:23:31,16.9,67.36
1787,pa109,co67,San Salvador,2026-09-07 16:47:42,2026-09-07 17:19:42,14.4,64.79
1788,pa213,co70,Tegucigalpa,2026-09-03 11:55:00,2026-09-03 12:11:00,4.6,27.12
1789,pa077,co21,San José,2026-09-27 13:13:04,2026-09-27 13:58:04,14.2,68.88
1790,pa020,co72,Guatemala,2026-09-07 19:23:02,2026-09-07 20:53:02,22.9,121.47
1791,pa268,co43,San Salvador,2026-09-25 19:57:42,2026-09-25 20:54:42,16.9,78.26
1792,pa063,co78,San José,2026-09-14 06:18:43,2026-09-14 07:27:43,24.1,126.3
1793,pa083,co03,Guatemala,2026-09-19 14:56:15,2026-09-19 15:28:15,13.3,68.13
1794,pa027,co11,Tegucigalpa,2026-09-25 14:53:56,2026-09-25 14:58:56,2.4,18.33
1795,pa116,co19,San Salvador,2026-09-23 12:21:57,2026-09-23 12:51:57,12.1,51.67
1796,pa126,co59,Managua,2026-09-12 10:52:59,2026-09-12 11:11:59,5.1,30.19
1797,pa075,co61,Guatemala,2026-09-19 14:02:45,2026-09-19 14:45:45,18.8,89.54
1798,pa264,co52,Tegucigalpa,2026-09-15 08:04:30,2026-09-15 08:56:30,14.3,58.21
1799,pa165,co24,San José,2026-09-17 13:13:48,2026-09-17 14:06:48,18.6,89.89
1800,pa031,co25,Guatemala,2026-09-30 06:12:30,2026-09-30 07:09:30,16.2,82.52
1801,pa098,co70,Tegucigalpa,2026-09-28 04:01:33,2026-09-28 05:01:33,19.4,92.36
1802,pa203,co52,Tegucigalpa,2026-09-03 16:40:33,2026-09-03 17:48:33,20.5,86.52
1803,pa063,co32,San José,2026-09-01 12:45:20,2026-09-01 14:02:20,21.9,108.52
1804,pa232,co42,San José,2026-09-20 15:01:28,2026-09-20 15:26:28,9.0,46.11
1805,pa213,co56,San José,2026-09-29 08:04:43,2026-09-29 08:46:43,20.3,105.41
1806,pa025,co39,San José,2026-09-10 06:43:30,2026-09-10 08:02:30,20.6,85.69
1807,pa172,co42,San José,2026-09-11 07:04:50,2026-09-11 07:57:50,18.1,81.08
1808,pa053,co32,San José,2026-09-09 12:27:05,2026-09-09 12:55:05,12.3,60.76
1809,pa063,co47,Managua,2026-09-29 20:50:15,2026-09-29 21:17:15,9.4,48.98
1810,pa285,co76,Tegucigalpa,2026-09-09 21:37:32,2026-09-09 21:50:32,3.8,22.31
1811,pa129,co42,San José,2026-09-28 20:15:38,2026-09-28 21:08:38,14.8,72.56
1812,pa219,co05,Tegucigalpa,2026-09-17 19:52:58,2026-09-17 20:34:58,13.8,70.3
1813,pa133,co17,San José,2026-09-03 19:42:38,2026-09-03 20:24:38,14.3,77.11
1814,pa028,co49,San Salvador,2026-09-29 19:28:23,2026-09-29 20:47:23,21.9,117.11
1815,pa026,co44,Guatemala,2026-09-15 17:09:35,2026-09-15 17:50:35,16.4,75.46
1816,pa138,co28,Guatemala,2026-09-04 16:03:41,2026-09-04 17:00:41,15.3,79.55
1817,pa236,co72,Guatemala,2026-09-23 14:44:58,2026-09-23 15:35:58,20.6,87.12
1818,pa299,co38,San Salvador,2026-09-22 15:32:26,2026-09-22 16:05:26,12.4,63.82
1819,pa083,co07,San José,2026-09-17 07:38:34,2026-09-17 07:59:34,6.4,33.16
1820,pa291,co64,San José,2026-09-09 14:06:53,2026-09-09 14:48:53,18.8,75.66
1821,pa129,co56,San José,2026-09-25 19:25:03,2026-09-25 19:43:03,6.5,32.37
1822,pa147,co80,San Salvador,2026-09-08 16:22:16,2026-09-08 17:54:16,24.1,106.23
1823,pa228,co36,San José,2026-09-15 22:15:15,2026-09-15 23:18:15,21.9,112.24
1824,pa185,co03,Guatemala,2026-09-27 07:45:39,2026-09-27 08:01:39,4.4,28.48
1825,pa111,co25,Guatemala,2026-09-30 17:52:36,2026-09-30 18:18:36,8.2,48.0
1826,pa071,co31,Tegucigalpa,2026-09-03 20:14:38,2026-09-03 20:49:38,14.6,77.24
1827,pa207,co76,Tegucigalpa,2026-09-12 06:15:07,2026-09-12 07:05:07,15.4,77.2
1828,pa234,co30,San José,2026-09-24 13:41:29,2026-09-24 14:44:29,19.2,78.34
1829,pa046,co14,Guatemala,2026-09-28 06:04:22,2026-09-28 06:20:22,7.5,43.17
1830,pa176,co40,Managua,2026-09-21 09:33:22,2026-09-21 10:45:22,21.8,99.03
1831,pa213,co29,San José,2026-09-12 07:26:14,2026-09-12 08:08:14,21.1,105.15
1832,pa168,co44,Guatemala,2026-09-28 19:04:30,2026-09-28 19:36:30,10.8,50.05
1833,pa242,co56,San José,2026-09-16 12:21:37,2026-09-16 13:00:37,14.7,74.69
1834,pa258,co10,Managua,2026-09-01 23:59:55,2026-09-02 00:46:55,13.5,58.8
1835,pa153,co48,Managua,2026-09-14 12:01:27,2026-09-14 12:09:27,3.2,22.31
1836,pa127,co64,San José,2026-09-13 15:28:43,2026-09-13 15:35:43,3.0,19.53
1837,pa077,co28,Guatemala,2026-09-07 13:51:34,2026-09-07 14:39:34,15.0,72.44
1838,pa147,co21,San José,2026-09-21 22:52:37,2026-09-21 23:36:37,11.7,50.3
1839,pa082,co12,San Salvador,2026-09-10 14:22:39,2026-09-10 14:49:39,9.9,48.34
1840,pa241,co72,Guatemala,2026-09-30 13:28:51,2026-09-30 15:00:51,24.0,118.75
1841,pa156,co18,Guatemala,2026-09-26 13:12:40,2026-09-26 13:53:40,16.6,87.26
1842,pa157,co29,San José,2026-09-21 09:49:39,2026-09-21 10:22:39,8.7,38.92
1843,pa287,co25,Guatemala,2026-09-14 11:37:30,2026-09-14 12:59:30,25.0,97.42
1844,pa143,co36,San José,2026-09-20 09:10:53,2026-09-20 09:21:53,5.4,30.92
1845,pa069,co58,San Salvador,2026-09-20 15:40:09,2026-09-20 16:30:09,23.2,91.52
1846,pa275,co76,Tegucigalpa,2026-09-09 06:19:38,2026-09-09 06:24:38,1.7,15.1
1847,pa213,co28,Guatemala,2026-09-23 13:30:00,2026-09-23 14:25:00,20.2,103.65
1848,pa226,co35,San José,2026-09-18 22:04:28,2026-09-18 23:10:28,19.9,81.73
1849,pa286,co11,Tegucigalpa,2026-09-26 23:30:35,2026-09-27 00:31:35,23.5,118.45
1850,pa191,co32,San José,2026-09-25 18:42:20,2026-09-25 18:57:20,6.2,31.58
1851,pa023,co65,Guatemala,2026-09-27 02:22:08,2026-09-27 02:52:08,8.0,39.86
1852,pa053,co39,San José,2026-09-23 12:18:16,2026-09-23 13:40:16,24.2,120.87
1853,pa016,co52,Tegucigalpa,2026-09-19 19:45:07,2026-09-19 21:11:07,23.8,113.27
1854,pa074,co29,San José,2026-09-28 16:11:34,2026-09-28 16:36:34,7.0,34.88
1855,pa113,co21,San José,2026-09-06 15:45:43,2026-09-06 16:02:43,5.4,28.2
1856,pa076,co28,Guatemala,2026-09-23 19:04:19,2026-09-23 19:59:19,14.0,61.16
1857,pa053,co24,San José,2026-09-04 15:41:37,2026-09-04 15:54:37,5.3,27.73
1858,pa276,co80,San Salvador,2026-09-17 19:21:30,2026-09-17 19:52:30,9.1,53.29
1859,pa046,co37,Tegucigalpa,2026-09-25 14:40:22,2026-09-25 15:25:22,11.7,51.74
1860,pa214,co06,Tegucigalpa,2026-09-25 16:03:58,2026-09-25 16:36:58,9.4,52.99
1861,pa205,co44,Guatemala,2026-09-15 18:23:41,2026-09-15 19:01:41,14.2,77.9
1862,pa206,co38,San Salvador,2026-09-01 01:58:07,2026-09-01 02:29:07,15.1,74.24
1863,pa077,co56,San José,2026-09-29 14:47:47,2026-09-29 15:55:47,21.3,102.12
1864,pa286,co44,Guatemala,2026-09-17 21:35:04,2026-09-17 22:04:04,12.2,67.21
1865,pa069,co27,Tegucigalpa,2026-09-08 09:14:13,2026-09-08 09:28:13,6.2,32.36
1866,pa172,co03,Guatemala,2026-09-24 19:49:17,2026-09-24 20:08:17,8.8,48.7
1867,pa164,co76,Tegucigalpa,2026-09-30 14:59:20,2026-09-30 15:05:20,2.4,17.07
1868,pa217,co65,Guatemala,2026-09-13 15:03:53,2026-09-13 15:09:53,2.2,18.33
1869,pa230,co24,San José,2026-09-22 10:42:01,2026-09-22 11:05:01,9.1,43.47
1870,pa015,co36,San José,2026-09-26 09:29:47,2026-09-26 09:48:47,9.3,52.41
1871,pa118,co19,San Salvador,2026-09-01 10:24:41,2026-09-01 11:09:41,13.4,58.72
1872,pa094,co65,Guatemala,2026-09-16 17:37:52,2026-09-16 19:02:52,23.7,118.94
1873,pa285,co08,Guatemala,2026-09-12 22:45:39,2026-09-12 23:36:39,13.1,57.83
1874,pa041,co12,San Salvador,2026-09-24 20:27:21,2026-09-24 21:16:21,16.5,65.83
1875,pa017,co64,San José,2026-09-17 16:44:00,2026-09-17 17:03:00,6.3,35.62
1876,pa288,co13,San José,2026-09-07 18:02:28,2026-09-07 18:53:28,20.5,103.02
1877,pa278,co73,Managua,2026-09-05 11:10:50,2026-09-05 11:28:50,5.3,32.71
1878,pa033,co25,Guatemala,2026-09-27 18:47:10,2026-09-27 18:57:10,2.8,19.45
1879,pa022,co04,Tegucigalpa,2026-09-25 01:42:48,2026-09-25 02:23:48,11.1,49.19
1880,pa098,co72,Guatemala,2026-09-24 06:40:49,2026-09-24 07:25:49,16.7,76.45
1881,pa216,co50,San José,2026-09-06 11:29:22,2026-09-06 11:54:22,12.1,57.25
1882,pa057,co61,Guatemala,2026-09-09 18:10:57,2026-09-09 18:19:57,3.0,21.1
1883,pa277,co59,Managua,2026-09-18 07:41:06,2026-09-18 07:55:06,4.8,26.99
1884,pa048,co33,Tegucigalpa,2026-09-02 15:27:40,2026-09-02 16:01:40,12.1,61.98
1885,pa075,co17,San José,2026-09-14 02:31:13,2026-09-14 02:43:13,5.0,32.38
1886,pa076,co73,Managua,2026-09-04 07:14:04,2026-09-04 08:09:04,23.4,123.04
1887,pa153,co38,San Salvador,2026-09-18 11:40:40,2026-09-18 12:01:40,8.0,41.56
1888,pa040,co52,Tegucigalpa,2026-09-09 00:23:46,2026-09-09 00:54:46,14.0,62.36
1889,pa277,co70,Tegucigalpa,2026-09-16 10:28:01,2026-09-16 11:13:01,20.0,79.36
1890,pa023,co47,Managua,2026-09-20 22:21:47,2026-09-20 22:35:47,4.7,26.75
1891,pa208,co49,San Salvador,2026-09-18 10:41:17,2026-09-18 11:38:17,18.5,75.14
1892,pa046,co61,Guatemala,2026-09-04 15:52:50,2026-09-04 16:56:50,21.5,85.42
1893,pa155,co10,Managua,2026-09-16 05:13:14,2026-09-16 06:31:14,23.6,119.68
1894,pa058,co59,Managua,2026-09-24 17:08:54,2026-09-24 18:27:54,21.9,86.01
1895,pa133,co59,Managua,2026-09-07 19:03:33,2026-09-07 19:39:33,16.7,90.56
1896,pa213,co32,San José,2026-09-22 21:17:28,2026-09-22 21:26:28,3.3,22.0
1897,pa133,co17,San José,2026-09-01 20:32:08,2026-09-01 21:11:08,18.8,78.18
1898,pa145,co26,Tegucigalpa,2026-09-03 18:50:51,2026-09-03 20:12:51,23.7,117.92
1899,pa165,co65,Guatemala,2026-09-19 07:34:53,2026-09-19 08:07:53,13.1,56.0
1900,pa143,co38,San Salvador,2026-09-16 08:13:55,2026-09-16 08:30:55,8.0,38.23
1901,pa220,co15,Tegucigalpa,2026-09-17 16:01:38,2026-09-17 17:01:38,24.6,109.69
1902,pa290,co03,Guatemala,2026-09-09 12:12:45,2026-09-09 12:52:45,17.9,91.92
1903,pa165,co02,San José,2026-09-14 17:03:16,2026-09-14 17:38:16,15.3,78.51
1904,pa272,co12,San Salvador,2026-09-15 13:36:08,2026-09-15 14:15:08,11.6,62.47
1905,pa126,co16,San José,2026-09-26 15:28:50,2026-09-26 16:02:50,11.2,48.42
1906,pa072,co23,Guatemala,2026-09-25 06:51:46,2026-09-25 07:31:46,19.7,96.48
1907,pa042,co10,Managua,2026-09-05 08:01:31,2026-09-05 08:23:31,11.0,55.1
1908,pa268,co72,Guatemala,2026-09-24 08:25:26,2026-09-24 08:40:26,4.4,24.21
1909,pa095,co64,San José,2026-09-01 20:47:41,2026-09-01 21:15:41,8.4,38.63
1910,pa220,co49,San Salvador,2026-09-18 22:01:14,2026-09-18 22:47:14,15.6,74.85
1911,pa213,co72,Guatemala,2026-09-12 08:44:15,2026-09-12 08:55:15,4.1,23.74
1912,pa157,co37,Tegucigalpa,2026-09-23 02:23:26,2026-09-23 03:30:26,22.6,98.19
1913,pa094,co25,Guatemala,2026-09-04 23:42:47,2026-09-04 23:53:47,3.5,20.45
1914,pa057,co14,Guatemala,2026-09-05 15:53:28,2026-09-05 16:00:28,2.8,21.64
1915,pa192,co09,Managua,2026-09-13 13:35:48,2026-09-13 14:09:48,11.3,60.13
1916,pa202,co76,Tegucigalpa,2026-09-20 11:10:56,2026-09-20 11:38:56,9.3,45.4
1917,pa123,co12,San Salvador,2026-09-19 18:08:41,2026-09-19 18:47:41,12.2,53.76
1918,pa234,co67,San Salvador,2026-09-03 10:08:59,2026-09-03 10:13:59,2.3,17.79
1919,pa020,co72,Guatemala,2026-09-09 20:50:37,2026-09-09 21:09:37,5.1,30.39
1920,pa003,co61,Guatemala,2026-09-30 21:38:56,2026-09-30 22:22:56,12.0,60.45
1921,pa201,co31,Tegucigalpa,2026-09-22 10:51:54,2026-09-22 11:39:54,14.9,65.77
1922,pa171,co71,San José,2026-09-25 07:14:28,2026-09-25 07:42:28,9.7,54.53
1923,pa084,co73,Managua,2026-09-14 01:34:09,2026-09-14 02:26:09,14.3,62.44
1924,pa019,co30,San José,2026-09-07 04:28:24,2026-09-07 04:45:24,6.6,34.79
1925,pa265,co01,San José,2026-09-09 17:42:42,2026-09-09 17:51:42,4.4,24.01
1926,pa025,co63,Managua,2026-09-19 22:27:59,2026-09-19 22:49:59,6.7,40.41
1927,pa091,co21,San José,2026-09-11 12:08:32,2026-09-11 12:40:32,10.8,51.36
1928,pa236,co28,Guatemala,2026-09-06 22:00:41,2026-09-06 22:24:41,11.5,61.53
1929,pa126,co73,Managua,2026-09-04 12:21:39,2026-09-04 12:47:39,7.6,45.88
1930,pa275,co78,San José,2026-09-29 10:33:26,2026-09-29 11:28:26,17.9,92.28
1931,pa014,co79,Guatemala,2026-09-04 18:45:53,2026-09-04 19:06:53,7.0,34.35
1932,pa235,co38,San Salvador,2026-09-02 10:31:45,2026-09-02 11:09:45,10.1,56.39
1933,pa133,co56,San José,2026-09-27 21:29:37,2026-09-27 22:16:37,20.8,107.43
1934,pa285,co47,Managua,2026-09-01 08:36:01,2026-09-01 09:00:01,8.6,43.37
1935,pa183,co49,San Salvador,2026-09-09 08:52:24,2026-09-09 09:22:24,9.1,49.59
1936,pa146,co20,San José,2026-09-29 10:55:44,2026-09-29 11:07:44,4.6,27.73
1937,pa077,co65,Guatemala,2026-09-17 15:36:01,2026-09-17 16:21:01,17.0,92.43
1938,pa082,co35,San José,2026-09-16 10:21:01,2026-09-16 10:52:01,9.9,45.04
1939,pa021,co59,Managua,2026-09-10 19:04:13,2026-09-10 19:24:13,7.3,38.09
1940,pa253,co80,San Salvador,2026-09-09 17:13:51,2026-09-09 17:55:51,12.3,61.45
1941,pa158,co67,San Salvador,2026-09-18 13:19:50,2026-09-18 14:07:50,21.3,100.05
1942,pa057,co23,Guatemala,2026-09-06 16:12:33,2026-09-06 17:31:33,22.9,96.12
1943,pa152,co28,Guatemala,2026-09-17 13:16:44,2026-09-17 13:53:44,13.8,64.92
1944,pa160,co11,Tegucigalpa,2026-09-09 19:13:04,2026-09-09 19:51:04,18.9,86.43
1945,pa002,co37,Tegucigalpa,2026-09-26 09:08:36,2026-09-26 10:15:36,19.0,81.4
1946,pa092,co25,Guatemala,2026-09-05 17:36:19,2026-09-05 18:12:19,15.3,80.83
1947,pa026,co67,San Salvador,2026-09-29 09:53:01,2026-09-29 10:34:01,14.5,59.28
1948,pa151,co73,Managua,2026-09-16 19:40:49,2026-09-16 19:59:49,9.0,41.95
1949,pa034,co65,Guatemala,2026-09-24 10:07:00,2026-09-24 10:56:00,13.5,57.92
1950,pa202,co09,Managua,2026-09-29 11:10:00,2026-09-29 11:22:00,4.9,31.5
1951,pa165,co30,San José,2026-09-05 10:07:37,2026-09-05 10:25:37,8.5,39.69
1952,pa246,co24,San José,2026-09-04 09:53:40,2026-09-04 10:29:40,11.4,54.37
1953,pa135,co01,San José,2026-09-13 12:03:05,2026-09-13 12:49:05,22.2,115.83
1954,pa025,co48,Managua,2026-09-26 12:30:11,2026-09-26 13:15:11,11.6,53.28
1955,pa054,co01,San José,2026-09-15 18:30:59,2026-09-15 19:38:59,21.3,101.64
1956,pa192,co04,Tegucigalpa,2026-09-28 00:21:57,2026-09-28 01:01:57,19.1,75.04
1957,pa295,co44,Guatemala,2026-09-14 18:42:13,2026-09-14 19:28:13,21.4,102.65
1958,pa140,co37,Tegucigalpa,2026-09-30 19:46:35,2026-09-30 20:10:35,7.0,38.49
1959,pa037,co28,Guatemala,2026-09-20 13:56:08,2026-09-20 15:02:08,21.5,101.41
1960,pa103,co23,Guatemala,2026-09-15 09:11:23,2026-09-15 09:48:23,11.7,54.03
1961,pa104,co26,Tegucigalpa,2026-09-05 03:26:45,2026-09-05 04:06:45,11.8,54.36
1962,pa206,co38,San Salvador,2026-09-11 14:06:26,2026-09-11 14:36:26,10.0,55.47
1963,pa188,co42,San José,2026-09-13 14:35:43,2026-09-13 15:55:43,22.5,109.12
1964,pa175,co04,Tegucigalpa,2026-09-04 13:09:48,2026-09-04 13:53:48,12.7,62.82
1965,pa111,co28,Guatemala,2026-09-19 15:32:32,2026-09-19 15:48:32,5.0,30.57
1966,pa177,co14,Guatemala,2026-09-01 20:59:20,2026-09-01 21:06:20,2.6,18.52
1967,pa199,co47,Managua,2026-09-21 17:13:35,2026-09-21 17:39:35,7.8,44.54
1968,pa284,co21,San José,2026-09-01 01:38:50,2026-09-01 02:17:50,11.1,54.1
1969,pa269,co39,San José,2026-09-30 15:00:37,2026-09-30 15:15:37,7.0,33.54
1970,pa230,co33,Tegucigalpa,2026-09-14 20:33:37,2026-09-14 22:00:37,25.0,126.14
1971,pa044,co11,Tegucigalpa,2026-09-29 14:31:02,2026-09-29 15:00:02,14.6,77.8
1972,pa046,co14,Guatemala,2026-09-11 05:28:43,2026-09-11 06:46:43,21.5,89.71
1973,pa078,co59,Managua,2026-09-30 17:10:15,2026-09-30 18:24:15,21.2,89.57
1974,pa115,co49,San Salvador,2026-09-20 20:29:52,2026-09-20 20:54:52,9.8,44.97
1975,pa131,co76,Tegucigalpa,2026-09-28 16:20:00,2026-09-28 17:09:00,13.1,67.48
1976,pa085,co42,San José,2026-09-18 06:07:18,2026-09-18 06:11:18,2.0,15.27
1977,pa297,co64,San José,2026-09-25 13:16:04,2026-09-25 13:51:04,14.1,71.85
1978,pa139,co26,Tegucigalpa,2026-09-08 15:07:36,2026-09-08 16:11:36,24.8,104.7
1979,pa131,co63,Managua,2026-09-24 09:46:03,2026-09-24 09:51:03,2.2,16.7
1980,pa142,co65,Guatemala,2026-09-11 21:53:40,2026-09-11 22:01:40,3.2,21.43
1981,pa177,co50,San José,2026-09-05 10:43:24,2026-09-05 11:06:24,6.5,39.29
1982,pa198,co31,Tegucigalpa,2026-09-05 08:05:11,2026-09-05 09:01:11,15.5,68.39
1983,pa233,co25,Guatemala,2026-09-06 20:09:18,2026-09-06 20:33:18,6.5,32.33
1984,pa267,co80,San Salvador,2026-09-30 14:30:29,2026-09-30 15:03:29,15.7,64.91
1985,pa208,co10,Managua,2026-09-06 18:34:11,2026-09-06 19:14:11,12.3,55.14
1986,pa113,co73,Managua,2026-09-11 17:37:24,2026-09-11 18:15:24,12.1,58.2
1987,pa118,co72,Guatemala,2026-09-21 20:55:43,2026-09-21 21:39:43,14.3,60.56
1988,pa044,co47,Managua,2026-09-02 19:58:40,2026-09-02 21:29:40,23.8,115.78
1989,pa028,co36,San José,2026-09-15 14:18:36,2026-09-15 15:07:36,16.6,85.53
1990,pa216,co59,Managua,2026-09-01 20:15:47,2026-09-01 21:08:47,18.8,98.43
1991,pa206,co65,Guatemala,2026-09-16 10:07:21,2026-09-16 10:46:21,16.4,69.17
1992,pa087,co03,Guatemala,2026-09-10 19:12:25,2026-09-10 19:55:25,11.1,46.97
1993,pa020,co17,San José,2026-09-27 14:49:28,2026-09-27 14:54:28,2.3,18.52
1994,pa133,co67,San Salvador,2026-09-22 18:31:34,2026-09-22 18:49:34,8.2,42.41
1995,pa154,co15,Tegucigalpa,2026-09-17 12:40:20,2026-09-17 13:01:20,6.9,38.64
1996,pa232,co46,San Salvador,2026-09-22 18:23:23,2026-09-22 19:00:23,13.9,60.82
1997,pa236,co46,San Salvador,2026-09-26 13:29:57,2026-09-26 14:26:57,21.5,104.44
1998,pa232,co57,Tegucigalpa,2026-09-12 08:35:44,2026-09-12 09:17:44,13.2,68.14
1999,pa262,co46,San Salvador,2026-09-06 07:30:16,2026-09-06 09:00:16,24.8,115.34
2000,pa213,co65,Guatemala,2026-09-06 10:54:28,2026-09-06 12:01:28,23.4,122.29
2001,pa230,co36,San José,2026-09-19 08:15:16,2026-09-19 09:03:16,20.9,107.68
2002,pa219,co14,Guatemala,2026-09-13 11:52:23,2026-09-13 12:09:23,6.8,41.51
2003,pa073,co21,San José,2026-09-11 08:35:13,2026-09-11 09:30:13,19.2,92.71
2004,pa257,co03,Guatemala,2026-09-16 09:32:03,2026-09-16 11:02:03,24.2,95.7
2005,pa129,co08,Guatemala,2026-09-07 18:59:48,2026-09-07 19:15:48,6.6,37.17
2006,pa018,co50,San José,2026-09-15 05:28:43,2026-09-15 06:20:43,15.5,82.74
2007,pa141,co51,San Salvador,2026-09-29 21:04:02,2026-09-29 21:54:02,16.0,78.99
2008,pa138,co52,Tegucigalpa,2026-09-05 12:00:17,2026-09-05 13:01:17,21.2,102.31
2009,pa248,co73,Managua,2026-09-12 13:34:55,2026-09-12 14:20:55,22.7,109.29
2010,pa217,co42,San José,2026-09-18 18:46:29,2026-09-18 19:31:29,12.6,53.99
2011,pa123,co01,San José,2026-09-05 00:05:04,2026-09-05 00:36:04,12.8,54.37
2012,pa203,co63,Managua,2026-09-30 20:30:30,2026-09-30 20:38:30,4.3,25.16
2013,pa053,co57,Tegucigalpa,2026-09-29 05:15:07,2026-09-29 06:23:07,18.0,72.05
2014,pa214,co19,San Salvador,2026-09-24 12:06:30,2026-09-24 12:44:30,11.7,65.77
2015,pa217,co56,San José,2026-09-17 16:21:50,2026-09-17 16:54:50,11.9,55.16
2016,pa050,co77,San Salvador,2026-09-20 13:54:04,2026-09-20 15:09:04,22.8,95.97
2017,pa218,co67,San Salvador,2026-09-02 10:52:11,2026-09-02 11:08:11,4.6,25.97
2018,pa178,co08,Guatemala,2026-09-12 14:30:19,2026-09-12 14:49:19,8.6,39.62
2019,pa113,co08,Guatemala,2026-09-24 21:53:39,2026-09-24 22:06:39,5.3,28.72
2020,pa078,co23,Guatemala,2026-09-03 14:38:17,2026-09-03 15:06:17,8.0,46.32
2021,pa087,co67,San Salvador,2026-09-08 16:53:13,2026-09-08 17:03:13,4.7,29.45
2022,pa226,co60,Tegucigalpa,2026-09-13 16:55:19,2026-09-13 17:50:19,17.8,87.35
2023,pa178,co12,San Salvador,2026-09-15 10:38:37,2026-09-15 11:12:37,13.0,57.85
2024,pa252,co32,San José,2026-09-15 15:45:07,2026-09-15 15:57:07,5.5,29.44
2025,pa217,co39,San José,2026-09-14 20:38:30,2026-09-14 22:05:30,22.4,87.11
2026,pa131,co63,Managua,2026-09-28 12:44:51,2026-09-28 13:40:51,22.4,110.68
2027,pa177,co42,San José,2026-09-14 08:37:41,2026-09-14 09:43:41,18.3,86.05
2028,pa232,co67,San Salvador,2026-09-05 19:55:53,2026-09-05 20:00:53,1.5,14.98
2029,pa141,co21,San José,2026-09-08 15:26:47,2026-09-08 16:24:47,18.4,82.35
2030,pa203,co01,San José,2026-09-24 19:11:52,2026-09-24 20:27:52,23.5,106.52
2031,pa015,co39,San José,2026-09-19 20:02:22,2026-09-19 21:08:22,19.7,106.41
2032,pa191,co41,Managua,2026-09-25 15:55:36,2026-09-25 16:26:36,12.1,51.64
2033,pa073,co73,Managua,2026-09-29 18:57:43,2026-09-29 19:50:43,24.0,96.66
2034,pa098,co12,San Salvador,2026-09-30 18:48:48,2026-09-30 19:51:48,21.9,84.73
2035,pa089,co28,Guatemala,2026-09-28 09:26:34,2026-09-28 09:29:34,1.5,14.84
2036,pa208,co46,San Salvador,2026-09-08 11:15:41,2026-09-08 11:49:41,15.0,75.41
2037,pa184,co31,Tegucigalpa,2026-09-12 23:50:29,2026-09-12 23:59:29,3.8,23.26
2038,pa018,co61,Guatemala,2026-09-07 15:16:47,2026-09-07 15:34:47,6.6,34.78
2039,pa278,co50,San José,2026-09-13 18:17:00,2026-09-13 18:27:00,3.3,20.64
2040,pa054,co76,Tegucigalpa,2026-09-02 19:20:00,2026-09-02 20:31:00,24.1,107.02
2041,pa268,co76,Tegucigalpa,2026-09-12 13:17:23,2026-09-12 13:25:23,4.0,23.69
2042,pa275,co49,San Salvador,2026-09-05 02:04:36,2026-09-05 02:36:36,10.2,51.52
2043,pa058,co36,San José,2026-09-17 14:46:59,2026-09-17 14:59:59,4.9,26.18
2044,pa267,co20,San José,2026-09-25 11:58:19,2026-09-25 13:10:19,23.8,119.92
2045,pa096,co63,Managua,2026-09-18 05:11:43,2026-09-18 06:31:43,22.6,120.85
2046,pa003,co13,San José,2026-09-29 05:28:36,2026-09-29 06:00:36,11.9,58.89
2047,pa123,co63,Managua,2026-09-17 13:43:04,2026-09-17 14:05:04,7.6,35.22
2048,pa044,co21,San José,2026-09-21 12:42:32,2026-09-21 13:20:32,12.0,62.36
2049,pa025,co49,San Salvador,2026-09-13 09:41:38,2026-09-13 11:05:38,22.7,90.02
2050,pa178,co56,San José,2026-09-09 21:30:27,2026-09-09 21:35:27,1.6,14.37
2051,pa094,co73,Managua,2026-09-08 20:08:16,2026-09-08 20:26:16,7.4,40.78
2052,pa214,co34,Tegucigalpa,2026-09-21 07:03:40,2026-09-21 07:11:40,3.4,23.85
2053,pa129,co36,San José,2026-09-27 13:40:05,2026-09-27 14:25:05,20.5,88.71
2054,pa297,co11,Tegucigalpa,2026-09-15 14:18:06,2026-09-15 14:49:06,9.8,50.84
2055,pa217,co25,Guatemala,2026-09-18 12:05:15,2026-09-18 13:24:15,24.9,119.4
2056,pa020,co65,Guatemala,2026-09-29 14:00:27,2026-09-29 15:12:27,23.5,120.04
2057,pa143,co61,Guatemala,2026-09-07 18:10:51,2026-09-07 18:36:51,7.0,34.83
2058,pa237,co58,San Salvador,2026-09-29 08:51:58,2026-09-29 09:14:58,8.7,45.5
2059,pa113,co24,San José,2026-09-03 12:16:32,2026-09-03 12:58:32,13.7,67.34
2060,pa058,co77,San Salvador,2026-09-25 19:33:22,2026-09-25 19:45:22,4.0,26.77
2061,pa096,co19,San Salvador,2026-09-20 16:21:39,2026-09-20 16:54:39,16.3,71.52
2062,pa226,co63,Managua,2026-09-23 11:01:30,2026-09-23 11:52:30,18.3,75.68
2063,pa256,co61,Guatemala,2026-09-18 11:21:16,2026-09-18 11:59:16,11.8,58.12
2064,pa285,co04,Tegucigalpa,2026-09-13 13:42:44,2026-09-13 14:26:44,16.2,73.65
2065,pa095,co49,San Salvador,2026-09-12 08:08:05,2026-09-12 09:05:05,21.2,106.81
2066,pa079,co70,Tegucigalpa,2026-09-26 09:39:04,2026-09-26 10:06:04,9.4,54.67
2067,pa279,co03,Guatemala,2026-09-14 17:08:16,2026-09-14 17:48:16,19.2,88.01
2068,pa092,co29,San José,2026-09-24 08:54:49,2026-09-24 09:46:49,19.1,89.9
2069,pa059,co44,Guatemala,2026-09-17 19:34:33,2026-09-17 20:28:33,14.3,69.47
2070,pa107,co70,Tegucigalpa,2026-09-27 20:35:43,2026-09-27 21:23:43,20.6,106.2
2071,pa034,co06,Tegucigalpa,2026-09-02 12:12:41,2026-09-02 12:38:41,12.3,61.68
2072,pa098,co63,Managua,2026-09-29 20:49:54,2026-09-29 20:54:54,2.0,17.96
2073,pa216,co76,Tegucigalpa,2026-09-04 18:34:07,2026-09-04 18:57:07,11.7,49.89
2074,pa029,co24,San José,2026-09-13 09:28:53,2026-09-13 10:06:53,10.3,53.31
2075,pa226,co01,San José,2026-09-02 09:50:04,2026-09-02 10:08:04,8.1,47.27
2076,pa098,co24,San José,2026-09-24 22:09:32,2026-09-24 22:28:32,7.9,38.91
2077,pa023,co49,San Salvador,2026-09-20 07:17:33,2026-09-20 08:12:33,22.2,104.48
2078,pa277,co23,Guatemala,2026-09-19 15:07:08,2026-09-19 16:08:08,19.5,85.46
2079,pa165,co22,Tegucigalpa,2026-09-17 20:54:43,2026-09-17 22:07:43,24.7,115.98
2080,pa251,co43,San Salvador,2026-09-18 08:15:55,2026-09-18 08:28:55,4.3,28.34
2081,pa261,co43,San Salvador,2026-09-03 19:05:27,2026-09-03 19:43:27,15.2,64.26
2082,pa058,co46,San Salvador,2026-09-18 16:55:45,2026-09-18 18:15:45,20.1,94.82
2083,pa023,co06,Tegucigalpa,2026-09-22 11:24:14,2026-09-22 11:32:14,2.3,19.03
2084,pa132,co73,Managua,2026-09-26 12:26:44,2026-09-26 13:46:44,20.7,107.4
2085,pa196,co54,Managua,2026-09-14 11:32:29,2026-09-14 12:16:29,12.7,65.17
2086,pa057,co21,San José,2026-09-17 17:12:48,2026-09-17 18:14:48,15.7,64.8
2087,pa284,co46,San Salvador,2026-09-19 11:13:23,2026-09-19 11:43:23,9.3,48.58
2088,pa063,co31,Tegucigalpa,2026-09-26 07:21:43,2026-09-26 07:43:43,8.2,41.33
2089,pa112,co05,Tegucigalpa,2026-09-27 18:30:17,2026-09-27 18:43:17,4.7,29.42
2090,pa102,co30,San José,2026-09-04 11:52:00,2026-09-04 12:18:00,11.8,66.22
2091,pa250,co39,San José,2026-09-09 19:44:45,2026-09-09 20:16:45,11.3,63.19
2092,pa042,co29,San José,2026-09-14 16:43:19,2026-09-14 16:48:19,2.3,18.0
2093,pa119,co19,San Salvador,2026-09-26 07:30:13,2026-09-26 08:40:13,20.8,84.8
2094,pa107,co56,San José,2026-09-02 16:58:53,2026-09-02 17:21:53,11.7,57.1
2095,pa106,co10,Managua,2026-09-20 21:40:44,2026-09-20 21:45:44,1.7,14.92
2096,pa269,co73,Managua,2026-09-14 15:40:17,2026-09-14 16:03:17,7.2,33.79
2097,pa061,co43,San Salvador,2026-09-01 21:38:44,2026-09-01 22:37:44,24.6,117.95
2098,pa109,co76,Tegucigalpa,2026-09-30 21:33:19,2026-09-30 22:17:19,16.5,74.38
2099,pa260,co34,Tegucigalpa,2026-09-25 17:56:54,2026-09-25 18:03:54,2.4,16.96
2100,pa149,co20,San José,2026-09-23 07:34:41,2026-09-23 07:55:41,7.5,35.32
2101,pa245,co76,Tegucigalpa,2026-09-04 21:24:58,2026-09-04 22:01:58,15.3,79.92
2102,pa047,co30,San José,2026-09-10 19:52:02,2026-09-10 20:29:02,9.8,49.38
2103,pa146,co32,San José,2026-09-29 07:23:04,2026-09-29 08:49:04,22.9,97.93
2104,pa105,co72,Guatemala,2026-09-01 21:50:38,2026-09-01 21:58:38,3.4,24.58
2105,pa214,co61,Guatemala,2026-09-05 11:49:49,2026-09-05 12:40:49,16.8,90.1
2106,pa193,co70,Tegucigalpa,2026-09-08 15:43:02,2026-09-08 16:29:02,11.6,52.77
2107,pa023,co35,San José,2026-09-05 10:05:45,2026-09-05 11:01:45,21.9,89.64
2108,pa183,co30,San José,2026-09-03 23:29:38,2026-09-03 23:56:38,11.3,64.34
2109,pa129,co25,Guatemala,2026-09-01 12:59:09,2026-09-01 13:38:09,12.1,58.03
2110,pa035,co55,San José,2026-09-26 18:45:24,2026-09-26 19:25:24,17.9,83.86
2111,pa138,co74,San Salvador,2026-09-08 10:55:43,2026-09-08 11:57:43,16.4,71.42
2112,pa098,co46,San Salvador,2026-09-10 20:49:07,2026-09-10 21:04:07,5.7,34.52
2113,pa196,co13,San José,2026-09-29 18:18:06,2026-09-29 18:42:06,6.5,35.76
2114,pa110,co02,San José,2026-09-13 17:58:54,2026-09-13 19:06:54,21.4,91.78
2115,pa272,co55,San José,2026-09-14 16:59:24,2026-09-14 18:07:24,19.6,79.67
2116,pa280,co49,San Salvador,2026-09-28 14:01:54,2026-09-28 14:19:54,4.8,27.82
2117,pa265,co46,San Salvador,2026-09-29 19:57:23,2026-09-29 20:31:23,10.8,60.24
2118,pa210,co18,Guatemala,2026-09-09 14:09:01,2026-09-09 15:39:01,23.3,109.25
2119,pa272,co73,Managua,2026-09-02 17:10:16,2026-09-02 17:38:16,10.5,47.14
2120,pa295,co51,San Salvador,2026-09-11 13:16:54,2026-09-11 13:22:54,3.1,19.34
2121,pa300,co30,San José,2026-09-24 08:01:47,2026-09-24 08:56:47,14.3,75.84
2122,pa167,co39,San José,2026-09-13 05:06:03,2026-09-13 05:20:03,7.3,35.45
2123,pa125,co73,Managua,2026-09-26 14:52:54,2026-09-26 15:41:54,22.6,109.69
2124,pa297,co31,Tegucigalpa,2026-09-06 13:09:25,2026-09-06 13:17:25,3.5,24.15
2125,pa288,co72,Guatemala,2026-09-27 17:39:37,2026-09-27 18:17:37,10.1,50.29
2126,pa133,co23,Guatemala,2026-09-10 19:59:56,2026-09-10 20:04:56,2.6,20.79
2127,pa077,co15,Tegucigalpa,2026-09-08 15:01:37,2026-09-08 15:33:37,11.9,57.78
2128,pa025,co55,San José,2026-09-13 07:38:10,2026-09-13 07:58:10,6.5,39.38
2129,pa152,co12,San Salvador,2026-09-27 14:04:58,2026-09-27 14:59:58,24.5,98.73
2130,pa167,co70,Tegucigalpa,2026-09-05 19:04:09,2026-09-05 19:19:09,6.8,33.88
2131,pa188,co32,San José,2026-09-15 22:28:42,2026-09-15 22:39:42,3.2,21.83
2132,pa211,co59,Managua,2026-09-18 03:42:26,2026-09-18 04:25:26,12.6,61.25
2133,pa148,co20,San José,2026-09-16 14:56:02,2026-09-16 15:52:02,23.5,118.99
2134,pa036,co23,Guatemala,2026-09-03 14:05:23,2026-09-03 15:11:23,20.8,92.6
2135,pa202,co56,San José,2026-09-08 15:23:28,2026-09-08 16:19:28,21.9,84.75
2136,pa052,co23,Guatemala,2026-09-22 07:36:49,2026-09-22 08:13:49,13.4,66.46
2137,pa099,co39,San José,2026-09-20 18:54:53,2026-09-20 19:37:53,12.0,64.89
2138,pa023,co37,Tegucigalpa,2026-09-16 11:49:48,2026-09-16 12:29:48,12.1,60.2
2139,pa272,co53,Managua,2026-09-04 08:34:03,2026-09-04 08:39:03,2.8,19.03
2140,pa262,co07,San José,2026-09-23 19:15:49,2026-09-23 20:00:49,11.4,55.35
2141,pa093,co55,San José,2026-09-15 17:47:00,2026-09-15 19:01:00,23.2,122.81
2142,pa130,co26,Tegucigalpa,2026-09-17 19:12:45,2026-09-17 20:15:45,19.6,98.43
2143,pa286,co32,San José,2026-09-05 16:13:31,2026-09-05 16:51:31,10.2,47.18
2144,pa162,co32,San José,2026-09-14 13:19:15,2026-09-14 14:23:15,18.3,77.68
2145,pa238,co36,San José,2026-09-26 18:12:10,2026-09-26 19:44:10,24.3,100.62
2146,pa190,co23,Guatemala,2026-09-04 13:03:31,2026-09-04 14:05:31,23.5,92.69
2147,pa044,co25,Guatemala,2026-09-19 21:26:47,2026-09-19 21:39:47,5.3,26.97
2148,pa025,co19,San Salvador,2026-09-04 18:52:22,2026-09-04 18:58:22,2.8,18.14
2149,pa121,co59,Managua,2026-09-14 12:14:22,2026-09-14 13:01:22,12.4,51.76
2150,pa033,co47,Managua,2026-09-25 06:03:48,2026-09-25 07:00:48,24.1,99.4
2151,pa142,co59,Managua,2026-09-13 15:15:00,2026-09-13 16:06:00,22.4,107.09
2152,pa219,co21,San José,2026-09-23 20:55:48,2026-09-23 21:02:48,2.8,19.74
2153,pa175,co49,San Salvador,2026-09-05 21:52:55,2026-09-05 21:59:55,2.2,16.01
2154,pa098,co29,San José,2026-09-25 20:15:51,2026-09-25 21:24:51,21.3,98.53
2155,pa205,co32,San José,2026-09-11 11:31:55,2026-09-11 12:27:55,18.7,94.94
2156,pa274,co49,San Salvador,2026-09-29 10:21:24,2026-09-29 10:49:24,9.2,42.89
2157,pa250,co11,Tegucigalpa,2026-09-12 16:20:32,2026-09-12 17:15:32,14.5,70.38
2158,pa182,co04,Tegucigalpa,2026-09-21 13:54:24,2026-09-21 14:35:24,10.8,53.25
2159,pa219,co08,Guatemala,2026-09-04 20:17:31,2026-09-04 21:09:31,24.3,103.4
2160,pa069,co21,San José,2026-09-02 23:00:17,2026-09-02 23:11:17,3.2,21.44
2161,pa291,co17,San José,2026-09-09 00:57:44,2026-09-09 01:20:44,9.0,40.9
2162,pa180,co60,Tegucigalpa,2026-09-04 10:07:37,2026-09-04 11:15:37,20.0,89.41
2163,pa172,co20,San José,2026-09-05 11:42:57,2026-09-05 12:54:57,22.5,89.99
2164,pa112,co21,San José,2026-09-26 07:02:41,2026-09-26 07:36:41,13.6,75.4
2165,pa292,co72,Guatemala,2026-09-30 08:03:27,2026-09-30 08:21:27,7.2,34.6
2166,pa183,co61,Guatemala,2026-09-27 20:33:19,2026-09-27 20:39:19,2.6,18.46
2167,pa085,co74,San Salvador,2026-09-17 18:03:58,2026-09-17 18:11:58,3.9,26.96
2168,pa046,co67,San Salvador,2026-09-07 22:00:41,2026-09-07 22:42:41,18.8,94.76
2169,pa156,co17,San José,2026-09-04 22:08:29,2026-09-04 22:24:29,5.3,29.79
2170,pa227,co19,San Salvador,2026-09-11 08:50:08,2026-09-11 09:30:08,14.1,72.74
2171,pa098,co29,San José,2026-09-29 16:34:06,2026-09-29 17:19:06,21.4,97.23
2172,pa167,co40,Managua,2026-09-26 18:04:52,2026-09-26 18:12:52,4.1,25.58
2173,pa299,co54,Managua,2026-09-20 20:14:20,2026-09-20 20:41:20,12.5,63.03
2174,pa113,co39,San José,2026-09-10 17:54:54,2026-09-10 18:37:54,19.0,96.13
2175,pa143,co32,San José,2026-09-06 23:02:55,2026-09-06 23:33:55,8.8,40.31
2176,pa187,co01,San José,2026-09-26 21:28:41,2026-09-26 21:58:41,11.5,54.81
2177,pa268,co01,San José,2026-09-20 03:57:58,2026-09-20 04:43:58,18.0,91.18
2178,pa147,co28,Guatemala,2026-09-16 13:05:51,2026-09-16 13:50:51,22.0,99.93
2179,pa083,co61,Guatemala,2026-09-12 23:03:43,2026-09-12 23:14:43,4.1,25.25
2180,pa041,co37,Tegucigalpa,2026-09-24 10:12:56,2026-09-24 10:29:56,4.6,24.4
2181,pa026,co11,Tegucigalpa,2026-09-11 08:46:03,2026-09-11 09:39:03,19.9,98.31
2182,pa082,co31,Tegucigalpa,2026-09-30 23:06:16,2026-09-30 23:38:16,8.3,40.2
2183,pa290,co79,Guatemala,2026-09-11 20:13:29,2026-09-11 21:10:29,14.6,70.5
2184,pa230,co72,Guatemala,2026-09-02 14:32:17,2026-09-02 14:40:17,2.8,21.49
2185,pa054,co73,Managua,2026-09-22 23:28:11,2026-09-23 00:16:11,17.4,77.99
2186,pa158,co73,Managua,2026-09-07 08:29:52,2026-09-07 08:42:52,5.1,29.41
2187,pa213,co36,San José,2026-09-22 12:09:12,2026-09-22 12:24:12,5.1,26.87
2188,pa223,co43,San Salvador,2026-09-07 03:02:26,2026-09-07 04:04:26,19.3,79.3
2189,pa098,co26,Tegucigalpa,2026-09-16 12:37:33,2026-09-16 13:18:33,13.4,73.59
2190,pa218,co63,Managua,2026-09-17 11:23:44,2026-09-17 11:35:44,3.8,26.83
2191,pa091,co23,Guatemala,2026-09-22 05:08:55,2026-09-22 05:37:55,11.2,48.07
2192,pa096,co15,Tegucigalpa,2026-09-14 18:38:54,2026-09-14 19:31:54,14.3,79.39
2193,pa164,co76,Tegucigalpa,2026-09-08 14:54:30,2026-09-08 16:03:30,24.2,120.17
2194,pa051,co24,San José,2026-09-06 14:41:01,2026-09-06 16:00:01,22.9,106.45
2195,pa046,co34,Tegucigalpa,2026-09-11 13:26:54,2026-09-11 14:17:54,22.2,102.74
2196,pa272,co73,Managua,2026-09-07 19:44:43,2026-09-07 20:55:43,18.9,98.86
2197,pa022,co73,Managua,2026-09-04 08:12:03,2026-09-04 08:36:03,10.7,56.32
2198,pa063,co23,Guatemala,2026-09-15 23:37:36,2026-09-16 00:09:36,8.2,37.37
2199,pa233,co06,Tegucigalpa,2026-09-19 12:43:44,2026-09-19 13:16:44,13.2,71.42
2200,pa042,co15,Tegucigalpa,2026-09-22 18:23:54,2026-09-22 19:33:54,17.8,94.29
2201,pa300,co17,San José,2026-09-09 18:40:21,2026-09-09 19:03:21,9.9,48.28
2202,pa228,co39,San José,2026-09-30 05:20:36,2026-09-30 05:29:36,3.9,25.83
2203,pa172,co49,San Salvador,2026-09-17 12:37:59,2026-09-17 13:16:59,15.1,70.93
2204,pa058,co17,San José,2026-09-16 03:13:35,2026-09-16 03:59:35,14.5,65.38
2205,pa208,co74,San Salvador,2026-09-23 10:48:21,2026-09-23 11:38:21,21.0,108.3
2206,pa091,co11,Tegucigalpa,2026-09-16 07:02:12,2026-09-16 07:53:12,24.1,112.11
2207,pa292,co05,Tegucigalpa,2026-09-14 13:21:46,2026-09-14 14:15:46,23.8,117.28
2208,pa111,co72,Guatemala,2026-09-18 18:04:47,2026-09-18 18:23:47,7.2,38.87
2209,pa172,co10,Managua,2026-09-06 19:44:57,2026-09-06 21:21:57,25.0,112.04
2210,pa124,co67,San Salvador,2026-09-12 20:34:54,2026-09-12 20:59:54,7.3,40.36
2211,pa297,co37,Tegucigalpa,2026-09-21 00:55:02,2026-09-21 01:35:02,16.2,82.1
2212,pa010,co02,San José,2026-09-19 13:35:56,2026-09-19 13:40:56,1.9,15.82
2213,pa236,co25,Guatemala,2026-09-27 09:36:12,2026-09-27 10:20:12,15.7,79.39
2214,pa226,co65,Guatemala,2026-09-08 17:24:32,2026-09-08 17:59:32,10.7,47.04
2215,pa244,co33,Tegucigalpa,2026-09-11 10:20:00,2026-09-11 11:00:00,11.8,62.28
2216,pa110,co24,San José,2026-09-08 20:24:47,2026-09-08 21:24:47,19.4,104.08
2217,pa272,co37,Tegucigalpa,2026-09-05 02:12:15,2026-09-05 03:23:15,21.3,111.84
2218,pa172,co47,Managua,2026-09-15 13:55:54,2026-09-15 14:34:54,10.6,51.74
2219,pa083,co70,Tegucigalpa,2026-09-12 17:26:03,2026-09-12 17:59:03,13.3,66.91
2220,pa223,co46,San Salvador,2026-09-30 08:09:58,2026-09-30 08:27:58,5.3,28.18
2221,pa257,co13,San José,2026-09-13 14:42:46,2026-09-13 14:46:46,2.1,17.35
2222,pa157,co36,San José,2026-09-02 14:11:48,2026-09-02 14:30:48,9.7,53.7
2223,pa129,co15,Tegucigalpa,2026-09-29 07:20:08,2026-09-29 07:47:08,10.9,60.63
2224,pa058,co63,Managua,2026-09-10 17:08:00,2026-09-10 17:28:00,6.9,36.41
2225,pa269,co03,Guatemala,2026-09-12 16:56:28,2026-09-12 17:01:28,2.1,15.6
2226,pa094,co79,Guatemala,2026-09-25 18:40:10,2026-09-25 19:03:10,7.3,40.37
2227,pa044,co76,Tegucigalpa,2026-09-06 22:56:06,2026-09-06 23:29:06,14.3,68.17
2228,pa249,co34,Tegucigalpa,2026-09-14 15:07:53,2026-09-14 15:22:53,4.2,28.35
2229,pa089,co29,San José,2026-09-20 04:43:56,2026-09-20 05:44:56,20.1,84.12
2230,pa060,co42,San José,2026-09-23 07:09:11,2026-09-23 07:58:11,22.4,97.32
2231,pa133,co51,San Salvador,2026-09-21 17:16:18,2026-09-21 18:02:18,18.5,85.18
2232,pa286,co55,San José,2026-09-14 15:17:05,2026-09-14 16:10:05,16.6,87.93
2233,pa072,co26,Tegucigalpa,2026-09-05 17:28:47,2026-09-05 17:44:47,7.4,34.41
2234,pa272,co56,San José,2026-09-24 08:36:49,2026-09-24 08:59:49,8.0,43.58
2235,pa202,co31,Tegucigalpa,2026-09-11 12:49:11,2026-09-11 13:51:11,19.0,77.84
2236,pa153,co51,San Salvador,2026-09-01 17:52:11,2026-09-01 18:39:11,12.7,53.37
2237,pa272,co29,San José,2026-09-05 16:45:19,2026-09-05 17:27:19,16.7,77.35
2238,pa245,co72,Guatemala,2026-09-27 06:51:30,2026-09-27 07:10:30,5.7,35.96
2239,pa095,co44,Guatemala,2026-09-14 10:55:48,2026-09-14 11:52:48,15.7,65.57
2240,pa044,co74,San Salvador,2026-09-04 17:11:22,2026-09-04 18:23:22,22.9,110.78
2241,pa084,co72,Guatemala,2026-09-13 22:59:27,2026-09-13 23:42:27,16.9,83.9
2242,pa264,co29,San José,2026-09-26 01:19:54,2026-09-26 01:38:54,7.7,40.66
2243,pa022,co41,Managua,2026-09-22 20:41:59,2026-09-22 20:50:59,2.7,18.07
2244,pa293,co14,Guatemala,2026-09-16 19:11:26,2026-09-16 20:05:26,21.8,112.55
2245,pa059,co72,Guatemala,2026-09-16 18:50:14,2026-09-16 20:13:14,24.5,129.83
2246,pa068,co76,Tegucigalpa,2026-09-08 08:33:43,2026-09-08 09:28:43,22.7,101.63
2247,pa143,co30,San José,2026-09-15 13:17:54,2026-09-15 13:54:54,10.3,53.78
2248,pa271,co41,Managua,2026-09-26 19:37:31,2026-09-26 20:16:31,10.5,57.18
2249,pa217,co30,San José,2026-09-16 17:46:17,2026-09-16 19:03:17,24.4,123.8
2250,pa275,co10,Managua,2026-09-06 14:32:32,2026-09-06 15:02:32,12.2,53.84
2251,pa113,co59,Managua,2026-09-29 20:04:56,2026-09-29 21:06:56,17.1,77.35
2252,pa214,co28,Guatemala,2026-09-20 18:00:34,2026-09-20 18:14:34,4.3,26.57
2253,pa120,co19,San Salvador,2026-09-03 12:01:46,2026-09-03 12:20:46,5.0,29.14
2254,pa078,co44,Guatemala,2026-09-26 21:11:17,2026-09-26 22:14:17,24.8,110.64
2255,pa001,co04,Tegucigalpa,2026-09-12 11:49:19,2026-09-12 12:37:19,23.8,113.36
2256,pa199,co59,Managua,2026-09-12 22:10:58,2026-09-12 22:27:58,7.7,41.07
2257,pa042,co15,Tegucigalpa,2026-09-15 07:22:35,2026-09-15 07:36:35,7.3,38.05
2258,pa202,co28,Guatemala,2026-09-11 20:21:24,2026-09-11 21:32:24,25.0,120.9
2259,pa083,co17,San José,2026-09-07 20:12:35,2026-09-07 20:44:35,8.8,49.02
2260,pa207,co63,Managua,2026-09-13 10:09:56,2026-09-13 10:22:56,5.6,34.93
2261,pa220,co44,Guatemala,2026-09-18 07:05:07,2026-09-18 07:57:07,18.0,94.81
2262,pa192,co03,Guatemala,2026-09-30 13:49:32,2026-09-30 14:28:32,17.8,78.06
2263,pa215,co65,Guatemala,2026-09-21 13:58:37,2026-09-21 14:38:37,12.1,66.54
2264,pa077,co13,San José,2026-09-24 09:51:24,2026-09-24 10:04:24,3.9,25.06
2265,pa055,co59,Managua,2026-09-11 11:54:46,2026-09-11 12:34:46,13.8,66.68
2266,pa015,co35,San José,2026-09-15 10:55:39,2026-09-15 11:02:39,3.6,24.94
2267,pa196,co21,San José,2026-09-28 11:40:54,2026-09-28 12:06:54,9.3,44.86
2268,pa011,co22,Tegucigalpa,2026-09-05 10:02:34,2026-09-05 11:13:34,20.7,94.01
2269,pa034,co29,San José,2026-09-09 18:48:24,2026-09-09 19:30:24,18.3,84.17
2270,pa002,co07,San José,2026-09-10 19:57:27,2026-09-10 20:40:27,11.6,57.37
2271,pa172,co15,Tegucigalpa,2026-09-04 15:14:55,2026-09-04 16:12:55,16.6,77.81
2272,pa104,co49,San Salvador,2026-09-29 13:50:29,2026-09-29 14:37:29,13.1,56.03
2273,pa278,co07,San José,2026-09-16 18:44:20,2026-09-16 19:49:20,20.2,102.14
2274,pa112,co11,Tegucigalpa,2026-09-13 15:33:43,2026-09-13 16:14:43,20.2,97.43
2275,pa110,co77,San Salvador,2026-09-18 17:31:56,2026-09-18 18:42:56,19.0,94.48
2276,pa011,co51,San Salvador,2026-09-23 09:02:02,2026-09-23 09:09:02,3.1,21.94
2277,pa252,co58,San Salvador,2026-09-06 00:41:51,2026-09-06 02:02:51,23.4,110.49
2278,pa295,co63,Managua,2026-09-22 09:53:48,2026-09-22 10:31:48,15.9,76.59
2279,pa027,co57,Tegucigalpa,2026-09-28 12:52:36,2026-09-28 13:46:36,13.7,60.33
2280,pa147,co25,Guatemala,2026-09-03 12:09:16,2026-09-03 12:47:16,15.8,86.99
2281,pa047,co67,San Salvador,2026-09-17 09:59:44,2026-09-17 10:44:44,15.8,69.54
2282,pa172,co73,Managua,2026-09-10 15:07:44,2026-09-10 16:07:44,16.8,88.45
2283,pa014,co70,Tegucigalpa,2026-09-01 21:18:55,2026-09-01 21:48:55,8.0,47.03
2284,pa166,co19,San Salvador,2026-09-06 08:45:53,2026-09-06 09:12:53,12.5,57.27
2285,pa003,co49,San Salvador,2026-09-24 20:10:55,2026-09-24 20:28:55,8.0,39.35
2286,pa028,co67,San Salvador,2026-09-05 11:12:23,2026-09-05 11:33:23,7.3,35.19
2287,pa032,co24,San José,2026-09-26 18:05:05,2026-09-26 18:33:05,10.6,59.27
2288,pa082,co02,San José,2026-09-16 14:13:00,2026-09-16 14:19:00,2.3,16.23
2289,pa027,co26,Tegucigalpa,2026-09-09 08:21:55,2026-09-09 08:59:55,12.3,67.28
2290,pa129,co76,Tegucigalpa,2026-09-23 13:15:38,2026-09-23 14:02:38,12.7,68.29
2291,pa152,co67,San Salvador,2026-09-24 17:08:31,2026-09-24 18:05:31,17.8,79.21
2292,pa182,co59,Managua,2026-09-17 21:41:01,2026-09-17 22:40:01,16.2,68.34
2293,pa099,co51,San Salvador,2026-09-12 12:07:02,2026-09-12 12:37:02,9.8,46.74
2294,pa181,co51,San Salvador,2026-09-16 15:28:28,2026-09-16 16:09:28,16.0,79.36
2295,pa284,co21,San José,2026-09-25 12:14:31,2026-09-25 12:44:31,10.0,53.35
2296,pa049,co36,San José,2026-09-26 18:23:30,2026-09-26 18:34:30,3.0,19.85
2297,pa190,co19,San Salvador,2026-09-01 14:40:02,2026-09-01 15:18:02,14.2,71.63
2298,pa237,co05,Tegucigalpa,2026-09-07 23:04:05,2026-09-07 23:51:05,12.3,51.41
2299,pa207,co21,San José,2026-09-05 15:13:35,2026-09-05 15:32:35,8.7,50.8
2300,pa011,co42,San José,2026-09-05 19:44:46,2026-09-05 20:24:46,18.0,93.76
2301,pa288,co05,Tegucigalpa,2026-09-12 12:11:50,2026-09-12 12:33:50,7.7,42.13
2302,pa292,co19,San Salvador,2026-09-15 13:09:21,2026-09-15 13:29:21,8.7,45.22
2303,pa259,co73,Managua,2026-09-21 13:48:43,2026-09-21 14:41:43,23.7,123.6
2304,pa070,co14,Guatemala,2026-09-10 21:12:16,2026-09-10 21:44:16,9.5,51.27
2305,pa073,co37,Tegucigalpa,2026-09-01 11:27:16,2026-09-01 11:56:16,7.6,40.24
2306,pa166,co03,Guatemala,2026-09-01 17:35:02,2026-09-01 18:02:02,12.9,54.86
2307,pa041,co14,Guatemala,2026-09-25 20:01:21,2026-09-25 20:32:21,10.1,53.35
2308,pa073,co30,San José,2026-09-23 21:31:37,2026-09-23 21:40:37,2.4,18.27
2309,pa031,co78,San José,2026-09-28 14:41:50,2026-09-28 15:27:50,11.6,49.37
2310,pa188,co37,Tegucigalpa,2026-09-30 18:50:28,2026-09-30 20:13:28,24.0,96.06
2311,pa146,co51,San Salvador,2026-09-29 15:25:21,2026-09-29 15:57:21,15.5,84.49
2312,pa170,co31,Tegucigalpa,2026-09-22 14:36:08,2026-09-22 15:46:08,22.7,89.88
2313,pa213,co46,San Salvador,2026-09-30 01:09:37,2026-09-30 01:42:37,12.1,63.05
2314,pa083,co80,San Salvador,2026-09-06 10:12:04,2026-09-06 10:54:04,12.1,66.28
2315,pa236,co09,Managua,2026-09-29 14:31:25,2026-09-29 15:32:25,20.7,108.68
2316,pa188,co32,San José,2026-09-06 15:48:16,2026-09-06 16:34:16,15.4,66.63
2317,pa076,co67,San Salvador,2026-09-27 00:45:15,2026-09-27 01:23:15,9.7,44.35
2318,pa190,co21,San José,2026-09-15 10:21:32,2026-09-15 11:08:32,15.2,65.36
2319,pa139,co78,San José,2026-09-29 10:25:01,2026-09-29 10:48:01,6.5,31.81
2320,pa228,co78,San José,2026-09-10 06:59:27,2026-09-10 08:12:27,24.1,125.54
2321,pa089,co42,San José,2026-09-20 15:34:29,2026-09-20 16:02:29,12.0,62.31
2322,pa160,co61,Guatemala,2026-09-05 13:36:06,2026-09-05 13:57:06,8.5,46.72
2323,pa154,co43,San Salvador,2026-09-01 07:55:42,2026-09-01 07:58:42,1.6,13.7
2324,pa296,co15,Tegucigalpa,2026-09-27 09:43:00,2026-09-27 10:36:00,15.4,70.58
2325,pa217,co59,Managua,2026-09-09 17:33:37,2026-09-09 18:22:37,14.9,81.62
2326,pa037,co70,Tegucigalpa,2026-09-12 04:04:05,2026-09-12 04:44:05,14.1,76.66
2327,pa133,co59,Managua,2026-09-03 15:14:05,2026-09-03 15:20:05,2.4,17.81
2328,pa022,co37,Tegucigalpa,2026-09-12 13:15:50,2026-09-12 14:19:50,20.6,97.19
2329,pa251,co39,San José,2026-09-23 17:45:54,2026-09-23 19:03:54,24.3,123.04
2330,pa244,co28,Guatemala,2026-09-15 10:23:31,2026-09-15 11:02:31,19.7,106.12
2331,pa075,co28,Guatemala,2026-09-28 17:22:29,2026-09-28 17:25:29,1.8,16.41
2332,pa071,co10,Managua,2026-09-22 14:32:55,2026-09-22 15:14:55,12.5,52.26
2333,pa112,co42,San José,2026-09-05 13:29:35,2026-09-05 13:38:35,2.5,18.71
2334,pa113,co47,Managua,2026-09-12 08:39:29,2026-09-12 09:09:29,11.7,60.03
2335,pa149,co59,Managua,2026-09-25 15:10:16,2026-09-25 15:41:16,10.3,59.27
2336,pa217,co32,San José,2026-09-06 17:16:32,2026-09-06 18:17:32,25.0,109.56
2337,pa032,co57,Tegucigalpa,2026-09-11 09:00:23,2026-09-11 09:27:23,9.4,54.54
2338,pa211,co21,San José,2026-09-07 19:26:29,2026-09-07 19:35:29,2.7,17.71
2339,pa026,co10,Managua,2026-09-12 20:13:35,2026-09-12 20:36:35,7.4,39.01
2340,pa051,co23,Guatemala,2026-09-13 14:03:05,2026-09-13 14:32:05,10.9,51.39
2341,pa178,co51,San Salvador,2026-09-26 14:16:28,2026-09-26 14:40:28,9.3,42.15
2342,pa276,co51,San Salvador,2026-09-14 13:34:38,2026-09-14 14:07:38,13.9,61.78
2343,pa072,co60,Tegucigalpa,2026-09-02 11:31:30,2026-09-02 11:59:30,8.2,48.3
2344,pa020,co20,San José,2026-09-16 05:46:04,2026-09-16 06:19:04,16.2,71.95
2345,pa162,co43,San Salvador,2026-09-27 10:01:13,2026-09-27 10:22:13,7.5,42.73
2346,pa181,co29,San José,2026-09-10 20:08:24,2026-09-10 20:17:24,4.0,23.46
2347,pa029,co67,San Salvador,2026-09-01 20:56:37,2026-09-01 21:24:37,11.1,55.74
2348,pa033,co01,San José,2026-09-02 17:19:52,2026-09-02 17:41:52,6.4,36.73
2349,pa206,co29,San José,2026-09-01 08:20:51,2026-09-01 09:06:51,13.0,63.12
2350,pa075,co25,Guatemala,2026-09-18 10:36:58,2026-09-18 10:46:58,3.5,21.1
2351,pa126,co25,Guatemala,2026-09-24 18:01:19,2026-09-24 18:26:19,12.1,64.87
2352,pa127,co58,San Salvador,2026-09-01 13:40:46,2026-09-01 14:32:46,15.7,80.71
2353,pa006,co47,Managua,2026-09-15 18:19:51,2026-09-15 18:49:51,8.5,39.34
2354,pa278,co80,San Salvador,2026-09-30 14:09:18,2026-09-30 14:40:18,15.4,77.15
2355,pa059,co15,Tegucigalpa,2026-09-12 10:28:22,2026-09-12 10:51:22,7.1,35.85
2356,pa295,co50,San José,2026-09-07 14:38:54,2026-09-07 15:46:54,22.0,99.26
2357,pa123,co28,Guatemala,2026-09-12 06:30:08,2026-09-12 06:45:08,5.2,31.82
2358,pa239,co37,Tegucigalpa,2026-09-17 07:34:49,2026-09-17 08:21:49,13.9,64.66
2359,pa011,co74,San Salvador,2026-09-16 19:59:08,2026-09-16 20:09:08,4.4,24.68
2360,pa023,co59,Managua,2026-09-30 14:57:57,2026-09-30 15:25:57,9.2,43.19
2361,pa065,co36,San José,2026-09-02 17:26:43,2026-09-02 17:38:43,5.0,27.75
2362,pa044,co49,San Salvador,2026-09-27 14:02:55,2026-09-27 15:12:55,17.9,79.36
2363,pa243,co26,Tegucigalpa,2026-09-02 22:50:18,2026-09-02 23:24:18,13.2,64.13
2364,pa003,co25,Guatemala,2026-09-15 22:03:25,2026-09-15 22:31:25,11.7,60.41
2365,pa113,co28,Guatemala,2026-09-07 00:23:58,2026-09-07 00:45:58,9.6,45.68
2366,pa249,co47,Managua,2026-09-04 06:37:27,2026-09-04 06:56:27,9.0,49.82
2367,pa187,co19,San Salvador,2026-09-05 19:45:09,2026-09-05 20:02:09,4.5,29.41
2368,pa216,co26,Tegucigalpa,2026-09-12 12:37:58,2026-09-12 13:42:58,19.6,97.34
2369,pa215,co61,Guatemala,2026-09-25 10:26:52,2026-09-25 10:47:52,5.6,28.34
2370,pa210,co36,San José,2026-09-18 07:41:33,2026-09-18 07:55:33,4.5,24.77
2371,pa026,co32,San José,2026-09-07 11:47:17,2026-09-07 12:30:17,16.1,82.53
2372,pa133,co34,Tegucigalpa,2026-09-14 10:51:14,2026-09-14 12:00:14,24.6,99.68
2373,pa218,co34,Tegucigalpa,2026-09-23 09:56:02,2026-09-23 10:29:02,15.8,66.5
2374,pa244,co36,San José,2026-09-05 19:02:59,2026-09-05 19:18:59,4.3,26.16
2375,pa136,co54,Managua,2026-09-21 16:37:54,2026-09-21 18:06:54,22.9,90.56
2376,pa146,co34,Tegucigalpa,2026-09-08 15:11:45,2026-09-08 15:30:45,6.8,33.63
2377,pa252,co31,Tegucigalpa,2026-09-27 18:59:38,2026-09-27 19:27:38,12.2,55.05
2378,pa287,co76,Tegucigalpa,2026-09-14 17:46:51,2026-09-14 18:20:51,10.1,46.46
2379,pa148,co70,Tegucigalpa,2026-09-11 18:05:39,2026-09-11 19:13:39,20.8,96.66
2380,pa300,co67,San Salvador,2026-09-16 13:21:39,2026-09-16 14:31:39,22.2,96.61
2381,pa267,co42,San José,2026-09-28 12:40:16,2026-09-28 13:15:16,14.3,58.84
2382,pa198,co23,Guatemala,2026-09-13 11:09:19,2026-09-13 11:47:19,14.6,71.2
2383,pa011,co37,Tegucigalpa,2026-09-17 06:27:49,2026-09-17 07:27:49,18.0,77.96
2384,pa096,co48,Managua,2026-09-20 17:02:05,2026-09-20 17:33:05,14.7,72.23
2385,pa139,co17,San José,2026-09-16 09:02:17,2026-09-16 09:35:17,13.5,62.57
2386,pa126,co70,Tegucigalpa,2026-09-25 19:56:23,2026-09-25 21:00:23,18.1,73.63
2387,pa154,co03,Guatemala,2026-09-11 12:17:58,2026-09-11 12:39:58,9.0,45.53
2388,pa259,co07,San José,2026-09-29 07:09:24,2026-09-29 07:34:24,9.5,41.82
2389,pa215,co70,Tegucigalpa,2026-09-29 12:01:10,2026-09-29 13:13:10,18.9,88.84
2390,pa170,co74,San Salvador,2026-09-07 14:23:55,2026-09-07 14:50:55,7.6,42.88
2391,pa066,co28,Guatemala,2026-09-02 08:52:32,2026-09-02 09:08:32,7.9,44.63
2392,pa067,co03,Guatemala,2026-09-28 12:26:48,2026-09-28 12:57:48,8.1,40.77
2393,pa029,co01,San José,2026-09-27 06:10:36,2026-09-27 07:15:36,23.1,113.38
2394,pa213,co25,Guatemala,2026-09-19 18:40:21,2026-09-19 19:14:21,11.0,49.23
2395,pa219,co01,San José,2026-09-11 17:30:50,2026-09-11 17:33:50,1.5,15.28
2396,pa078,co76,Tegucigalpa,2026-09-27 15:12:08,2026-09-27 16:16:08,24.0,94.35
2397,pa209,co27,Tegucigalpa,2026-09-03 03:35:28,2026-09-03 04:38:28,17.7,77.5
2398,pa036,co30,San José,2026-09-23 22:50:22,2026-09-23 23:14:22,6.8,34.3
2399,pa061,co61,Guatemala,2026-09-19 14:32:06,2026-09-19 15:28:06,19.0,87.66
2400,pa075,co39,San José,2026-09-30 07:31:45,2026-09-30 08:22:45,16.3,72.95
2401,pa208,co37,Tegucigalpa,2026-09-20 21:03:33,2026-09-20 22:03:33,18.8,78.43
2402,pa088,co63,Managua,2026-09-17 21:08:24,2026-09-17 21:36:24,7.3,43.6
2403,pa077,co61,Guatemala,2026-09-09 13:19:23,2026-09-09 14:12:23,16.5,79.0
2404,pa287,co17,San José,2026-09-16 18:52:47,2026-09-16 20:08:47,21.6,96.73
2405,pa138,co73,Managua,2026-09-08 17:23:41,2026-09-08 17:48:41,6.7,37.98
2406,pa110,co36,San José,2026-09-07 23:02:39,2026-09-07 23:13:39,5.6,34.96
2407,pa126,co61,Guatemala,2026-09-18 16:24:33,2026-09-18 17:07:33,19.0,101.95
2408,pa204,co79,Guatemala,2026-09-27 19:50:44,2026-09-27 20:38:44,19.3,90.25
2409,pa223,co31,Tegucigalpa,2026-09-19 22:02:57,2026-09-19 22:46:57,20.7,83.49
2410,pa274,co46,San Salvador,2026-09-25 09:17:00,2026-09-25 09:34:00,6.1,33.04
2411,pa184,co67,San Salvador,2026-09-28 16:42:42,2026-09-28 17:00:42,4.8,28.44
2412,pa267,co43,San Salvador,2026-09-19 08:04:21,2026-09-19 08:17:21,5.4,32.77
2413,pa112,co03,Guatemala,2026-09-09 17:36:48,2026-09-09 18:26:48,16.0,66.28
2414,pa249,co36,San José,2026-09-10 01:19:12,2026-09-10 02:34:12,21.6,113.32
2415,pa211,co36,San José,2026-09-17 19:19:52,2026-09-17 19:24:52,2.3,18.57
2416,pa160,co21,San José,2026-09-09 12:54:22,2026-09-09 13:37:22,11.2,58.59
2417,pa161,co21,San José,2026-09-11 07:48:08,2026-09-11 08:31:08,13.1,72.81
2418,pa091,co23,Guatemala,2026-09-13 15:53:53,2026-09-13 16:19:53,12.0,59.23
2419,pa230,co41,Managua,2026-09-04 10:40:22,2026-09-04 11:17:22,14.4,77.84
2420,pa176,co23,Guatemala,2026-09-17 10:41:07,2026-09-17 11:34:07,22.6,92.16
2421,pa044,co61,Guatemala,2026-09-14 08:37:09,2026-09-14 09:28:09,19.1,79.0
2422,pa026,co32,San José,2026-09-14 11:34:09,2026-09-14 11:56:09,9.4,53.12
2423,pa071,co57,Tegucigalpa,2026-09-03 12:08:47,2026-09-03 12:39:47,8.4,43.8
2424,pa031,co56,San José,2026-09-17 09:02:02,2026-09-17 10:28:02,24.5,127.64
2425,pa296,co44,Guatemala,2026-09-01 04:46:54,2026-09-01 06:14:54,24.0,114.9
2426,pa015,co22,Tegucigalpa,2026-09-11 11:22:24,2026-09-11 12:01:24,12.5,52.91
2427,pa275,co49,San Salvador,2026-09-24 19:09:20,2026-09-24 19:45:20,17.0,91.84
2428,pa077,co31,Tegucigalpa,2026-09-27 15:26:04,2026-09-27 15:36:04,3.3,20.03
2429,pa015,co32,San José,2026-09-02 13:29:57,2026-09-02 14:11:57,11.6,64.33
2430,pa297,co78,San José,2026-09-30 08:43:31,2026-09-30 09:09:31,6.8,33.24
2431,pa208,co10,Managua,2026-09-26 06:26:44,2026-09-26 07:28:44,19.0,98.43
2432,pa096,co29,San José,2026-09-25 17:42:50,2026-09-25 18:06:50,6.5,40.31
2433,pa079,co12,San Salvador,2026-09-09 16:34:39,2026-09-09 18:01:39,22.9,98.12
2434,pa187,co36,San José,2026-09-03 12:34:13,2026-09-03 12:53:13,8.2,42.17
2435,pa135,co73,Managua,2026-09-14 07:38:52,2026-09-14 08:20:52,18.3,95.49
2436,pa078,co29,San José,2026-09-09 16:27:32,2026-09-09 17:21:32,15.0,75.02
2437,pa223,co06,Tegucigalpa,2026-09-10 16:27:42,2026-09-10 17:28:42,15.6,80.45
2438,pa019,co61,Guatemala,2026-09-14 10:30:09,2026-09-14 10:55:09,8.9,48.74
2439,pa154,co60,Tegucigalpa,2026-09-27 07:50:04,2026-09-27 08:39:04,20.2,89.53
2440,pa136,co29,San José,2026-09-09 15:04:27,2026-09-09 15:50:27,22.3,90.64
2441,pa110,co73,Managua,2026-09-09 16:30:42,2026-09-09 16:45:42,6.5,33.78
2442,pa093,co64,San José,2026-09-27 16:43:48,2026-09-27 17:45:48,20.2,83.92
2443,pa283,co25,Guatemala,2026-09-26 07:21:19,2026-09-26 07:43:19,6.5,36.92
2444,pa251,co61,Guatemala,2026-09-06 13:43:45,2026-09-06 14:32:45,19.6,80.18
2445,pa136,co39,San José,2026-09-30 00:11:49,2026-09-30 01:21:49,20.6,99.64
2446,pa180,co24,San José,2026-09-09 06:52:46,2026-09-09 07:12:46,5.6,30.32
2447,pa188,co26,Tegucigalpa,2026-09-29 14:30:15,2026-09-29 14:34:15,2.0,16.98
2448,pa285,co65,Guatemala,2026-09-19 19:58:54,2026-09-19 20:45:54,20.3,85.71
2449,pa044,co03,Guatemala,2026-09-20 11:39:20,2026-09-20 11:43:20,1.8,15.62
2450,pa028,co36,San José,2026-09-03 08:36:24,2026-09-03 09:21:24,14.5,69.57
2451,pa037,co03,Guatemala,2026-09-03 04:30:07,2026-09-03 04:59:07,8.1,47.58
2452,pa112,co49,San Salvador,2026-09-29 07:16:33,2026-09-29 07:52:33,11.6,49.36
2453,pa195,co51,San Salvador,2026-09-07 22:23:55,2026-09-07 22:48:55,10.5,56.94
2454,pa075,co02,San José,2026-09-14 13:48:42,2026-09-14 14:06:42,8.2,44.1
2455,pa024,co31,Tegucigalpa,2026-09-01 12:05:11,2026-09-01 12:17:11,3.7,25.33
2456,pa113,co41,Managua,2026-09-17 16:01:52,2026-09-17 16:41:52,15.4,75.78
2457,pa015,co33,Tegucigalpa,2026-09-04 03:53:42,2026-09-04 05:16:42,23.4,99.67
2458,pa026,co17,San José,2026-09-25 14:40:57,2026-09-25 15:32:57,19.3,104.37
2459,pa087,co31,Tegucigalpa,2026-09-08 14:10:29,2026-09-08 15:36:29,23.4,123.03
2460,pa267,co78,San José,2026-09-03 12:24:46,2026-09-03 13:05:46,17.1,91.45
2461,pa174,co15,Tegucigalpa,2026-09-07 15:58:17,2026-09-07 16:31:17,13.4,67.87
2462,pa098,co12,San Salvador,2026-09-05 19:22:16,2026-09-05 20:37:16,20.5,108.33
2463,pa129,co73,Managua,2026-09-09 14:52:41,2026-09-09 15:49:41,14.4,59.18
2464,pa262,co14,Guatemala,2026-09-04 07:44:37,2026-09-04 08:36:37,13.6,67.09
2465,pa168,co12,San Salvador,2026-09-14 13:07:27,2026-09-14 13:51:27,11.3,50.11
2466,pa256,co07,San José,2026-09-18 12:19:26,2026-09-18 12:50:26,9.3,48.62
2467,pa063,co25,Guatemala,2026-09-29 12:18:03,2026-09-29 12:57:03,13.3,64.71
2468,pa059,co76,Tegucigalpa,2026-09-01 16:42:05,2026-09-01 17:38:05,14.8,67.5
2469,pa112,co41,Managua,2026-09-18 05:31:49,2026-09-18 06:34:49,18.8,84.72
2470,pa255,co32,San José,2026-09-04 19:22:55,2026-09-04 19:36:55,5.5,32.86
2471,pa288,co03,Guatemala,2026-09-16 03:49:06,2026-09-16 04:09:06,7.8,39.89
2472,pa003,co46,San Salvador,2026-09-26 15:14:00,2026-09-26 16:10:00,23.5,96.32
2473,pa234,co67,San Salvador,2026-09-05 13:48:29,2026-09-05 14:45:29,19.3,95.12
2474,pa170,co45,San José,2026-09-05 21:10:06,2026-09-05 22:03:06,23.8,118.01
2475,pa116,co23,Guatemala,2026-09-23 10:25:04,2026-09-23 10:29:04,1.9,16.2
2476,pa010,co76,Tegucigalpa,2026-09-29 16:39:41,2026-09-29 17:03:41,8.4,49.26
2477,pa100,co76,Tegucigalpa,2026-09-19 21:15:54,2026-09-19 21:58:54,17.7,79.26
2478,pa100,co28,Guatemala,2026-09-30 08:47:28,2026-09-30 09:28:28,20.3,87.15
2479,pa057,co73,Managua,2026-09-19 10:27:52,2026-09-19 10:32:52,2.0,16.56
2480,pa245,co39,San José,2026-09-26 12:56:24,2026-09-26 13:30:24,14.0,58.85
2481,pa297,co05,Tegucigalpa,2026-09-04 11:07:00,2026-09-04 11:33:00,7.3,37.23
2482,pa110,co28,Guatemala,2026-09-20 09:24:05,2026-09-20 10:37:05,20.0,78.38
2483,pa133,co24,San José,2026-09-12 19:29:37,2026-09-12 20:39:37,19.3,103.5
2484,pa274,co30,San José,2026-09-22 19:26:48,2026-09-22 20:37:48,23.7,106.27
2485,pa139,co76,Tegucigalpa,2026-09-07 12:10:03,2026-09-07 12:14:03,1.5,15.4
2486,pa045,co37,Tegucigalpa,2026-09-05 21:27:24,2026-09-05 22:06:24,10.1,57.99
2487,pa274,co32,San José,2026-09-04 18:51:10,2026-09-04 19:34:10,17.8,91.86
2488,pa079,co17,San José,2026-09-30 08:05:55,2026-09-30 09:04:55,22.3,117.75
2489,pa072,co37,Tegucigalpa,2026-09-13 20:43:04,2026-09-13 21:37:04,14.6,63.87
2490,pa204,co67,San Salvador,2026-09-04 14:56:21,2026-09-04 15:32:21,10.7,59.99
2491,pa168,co57,Tegucigalpa,2026-09-24 19:37:30,2026-09-24 20:15:30,15.4,82.26
2492,pa078,co44,Guatemala,2026-09-21 22:14:17,2026-09-21 22:45:17,12.4,55.28
2493,pa012,co19,San Salvador,2026-09-27 22:28:31,2026-09-27 23:05:31,17.6,72.96
2494,pa180,co78,San José,2026-09-28 19:05:18,2026-09-28 19:19:18,3.6,21.92
2495,pa072,co34,Tegucigalpa,2026-09-28 18:16:53,2026-09-28 18:35:53,6.2,30.96
2496,pa236,co16,San José,2026-09-19 21:32:36,2026-09-19 21:56:36,11.4,60.04
2497,pa208,co51,San Salvador,2026-09-07 09:20:57,2026-09-07 09:48:57,9.1,49.08
2498,pa278,co69,San José,2026-09-07 10:50:37,2026-09-07 11:35:37,22.6,92.09
2499,pa246,co67,San Salvador,2026-09-17 19:09:27,2026-09-17 20:00:27,21.2,84.46
2500,pa044,co46,San Salvador,2026-09-09 19:26:24,2026-09-09 19:37:24,3.3,23.38
2501,pa053,co65,Guatemala,2026-09-05 21:00:58,2026-09-05 21:40:58,19.7,102.1
2502,pa078,co78,San José,2026-09-28 01:43:23,2026-09-28 02:58:23,20.2,89.01
2503,pa290,co20,San José,2026-09-22 14:31:21,2026-09-22 15:25:21,20.9,83.03
2504,pa205,co49,San Salvador,2026-09-10 18:15:34,2026-09-10 18:33:34,8.4,39.8
2505,pa279,co29,San José,2026-09-15 19:51:30,2026-09-15 20:54:30,17.2,80.33
2506,pa188,co38,San Salvador,2026-09-29 17:46:14,2026-09-29 18:41:14,19.5,85.63
2507,pa075,co67,San Salvador,2026-09-10 03:58:21,2026-09-10 04:15:21,8.1,41.49
2508,pa268,co74,San Salvador,2026-09-04 09:06:23,2026-09-04 09:12:23,1.7,16.36
2509,pa235,co31,Tegucigalpa,2026-09-07 08:14:05,2026-09-07 09:28:05,24.4,99.45
2510,pa173,co29,San José,2026-09-01 17:55:45,2026-09-01 19:31:45,24.2,102.59
2511,pa155,co14,Guatemala,2026-09-15 17:47:32,2026-09-15 19:07:32,22.1,86.11
2512,pa135,co02,San José,2026-09-22 09:03:04,2026-09-22 09:54:04,17.8,96.98
2513,pa019,co46,San Salvador,2026-09-02 08:40:02,2026-09-02 09:51:02,24.6,123.69
2514,pa084,co43,San Salvador,2026-09-26 08:53:40,2026-09-26 09:59:40,19.6,96.04
2515,pa198,co31,Tegucigalpa,2026-09-03 17:56:52,2026-09-03 19:05:52,18.0,79.83
2516,pa189,co04,Tegucigalpa,2026-09-08 08:12:39,2026-09-08 08:39:39,8.5,49.14
2517,pa179,co46,San Salvador,2026-09-07 04:47:28,2026-09-07 05:03:28,7.9,35.92
2518,pa041,co57,Tegucigalpa,2026-09-18 09:32:32,2026-09-18 09:43:32,5.3,27.93
2519,pa152,co46,San Salvador,2026-09-18 13:20:13,2026-09-18 13:32:13,6.1,29.86
2520,pa215,co43,San Salvador,2026-09-13 14:38:04,2026-09-13 14:45:04,2.7,20.71
2521,pa249,co27,Tegucigalpa,2026-09-26 21:32:08,2026-09-26 22:06:08,8.7,51.01
2522,pa063,co80,San Salvador,2026-09-20 10:37:57,2026-09-20 11:12:57,13.7,74.52
2523,pa208,co21,San José,2026-09-20 20:17:20,2026-09-20 21:15:20,24.6,103.88
2524,pa296,co56,San José,2026-09-04 10:28:49,2026-09-04 10:35:49,2.4,17.63
2525,pa033,co08,Guatemala,2026-09-29 09:51:21,2026-09-29 09:58:21,3.0,18.64
2526,pa211,co63,Managua,2026-09-29 16:31:10,2026-09-29 17:05:10,8.7,44.84
2527,pa095,co31,Tegucigalpa,2026-09-12 19:29:57,2026-09-12 19:59:57,8.8,44.22
2528,pa195,co31,Tegucigalpa,2026-09-17 15:03:53,2026-09-17 15:41:53,11.7,65.67
2529,pa006,co19,San Salvador,2026-09-13 03:03:06,2026-09-13 03:35:06,13.8,70.01
2530,pa014,co13,San José,2026-09-02 10:20:02,2026-09-02 10:29:02,4.7,24.62
2531,pa199,co15,Tegucigalpa,2026-09-13 19:37:53,2026-09-13 20:19:53,10.8,46.15
2532,pa047,co60,Tegucigalpa,2026-09-03 13:36:10,2026-09-03 13:47:10,5.8,32.6
2533,pa289,co39,San José,2026-09-12 00:18:04,2026-09-12 01:08:04,16.0,86.8
2534,pa045,co32,San José,2026-09-27 13:17:18,2026-09-27 13:56:18,9.9,44.79
2535,pa096,co46,San Salvador,2026-09-24 13:12:07,2026-09-24 13:20:07,3.5,24.43
2536,pa275,co59,Managua,2026-09-20 07:59:05,2026-09-20 08:39:05,13.7,60.01
2537,pa158,co47,Managua,2026-09-10 16:31:59,2026-09-10 17:07:59,10.0,48.24
2538,pa152,co56,San José,2026-09-10 12:47:03,2026-09-10 13:17:03,8.8,43.55
2539,pa253,co25,Guatemala,2026-09-09 09:34:32,2026-09-09 10:07:32,15.7,86.09
2540,pa053,co74,San Salvador,2026-09-26 17:30:53,2026-09-26 17:43:53,6.1,30.13
2541,pa130,co37,Tegucigalpa,2026-09-25 16:38:41,2026-09-25 17:15:41,15.8,80.68
2542,pa288,co19,San Salvador,2026-09-09 19:32:54,2026-09-09 20:42:54,24.8,130.03
2543,pa217,co67,San Salvador,2026-09-24 11:28:02,2026-09-24 11:42:02,4.1,23.09
2544,pa192,co43,San Salvador,2026-09-05 16:53:12,2026-09-05 17:52:12,23.3,91.31
2545,pa113,co67,San Salvador,2026-09-14 15:49:49,2026-09-14 16:38:49,15.5,72.07
2546,pa028,co38,San Salvador,2026-09-17 08:15:13,2026-09-17 08:41:13,7.2,39.53
2547,pa188,co12,San Salvador,2026-09-07 08:55:16,2026-09-07 10:26:16,23.4,118.99
2548,pa100,co23,Guatemala,2026-09-17 15:05:09,2026-09-17 15:10:09,1.7,15.95
2549,pa206,co56,San José,2026-09-07 08:26:51,2026-09-07 09:31:51,19.1,77.52
2550,pa272,co37,Tegucigalpa,2026-09-05 16:01:26,2026-09-05 17:24:26,21.3,92.93
2551,pa057,co25,Guatemala,2026-09-19 19:00:05,2026-09-19 19:57:05,18.6,74.12
2552,pa189,co30,San José,2026-09-05 10:19:08,2026-09-05 11:01:08,19.2,102.29
2553,pa261,co61,Guatemala,2026-09-19 23:29:12,2026-09-19 23:36:12,2.6,18.33
2554,pa131,co51,San Salvador,2026-09-24 02:32:48,2026-09-24 02:57:48,12.1,51.91
2555,pa286,co50,San José,2026-09-04 21:21:27,2026-09-04 22:35:27,21.4,105.77
2556,pa249,co14,Guatemala,2026-09-08 11:10:55,2026-09-08 11:17:55,2.8,20.06
2557,pa065,co39,San José,2026-09-25 20:39:18,2026-09-25 21:05:18,12.2,54.47
2558,pa091,co26,Tegucigalpa,2026-09-29 01:15:22,2026-09-29 02:09:22,13.7,72.3
2559,pa210,co72,Guatemala,2026-09-21 19:37:58,2026-09-21 21:01:58,21.1,99.81
2560,pa158,co23,Guatemala,2026-09-11 21:09:07,2026-09-11 22:11:07,21.0,102.33
2561,pa222,co43,San Salvador,2026-09-12 16:42:07,2026-09-12 17:17:07,9.5,52.13
2562,pa113,co65,Guatemala,2026-09-16 19:15:41,2026-09-16 19:50:41,12.4,56.14
2563,pa078,co15,Tegucigalpa,2026-09-17 19:29:00,2026-09-17 20:15:00,18.1,94.27
2564,pa165,co11,Tegucigalpa,2026-09-20 11:15:07,2026-09-20 11:41:07,7.0,35.65
2565,pa158,co23,Guatemala,2026-09-30 01:00:08,2026-09-30 01:47:08,14.6,62.67
2566,pa125,co79,Guatemala,2026-09-17 13:45:09,2026-09-17 14:30:09,11.5,57.76
2567,pa227,co59,Managua,2026-09-24 06:55:41,2026-09-24 07:24:41,8.2,38.78
2568,pa077,co25,Guatemala,2026-09-14 20:58:26,2026-09-14 21:42:26,11.7,56.16
2569,pa131,co41,Managua,2026-09-24 17:49:38,2026-09-24 18:38:38,21.1,86.16
2570,pa261,co78,San José,2026-09-20 08:39:19,2026-09-20 09:18:19,16.7,84.2
2571,pa181,co65,Guatemala,2026-09-19 19:30:56,2026-09-19 19:48:56,7.5,35.8
2572,pa168,co05,Tegucigalpa,2026-09-30 09:05:38,2026-09-30 09:10:38,2.3,16.36
2573,pa129,co61,Guatemala,2026-09-10 15:24:49,2026-09-10 15:34:49,4.3,24.5
2574,pa078,co31,Tegucigalpa,2026-09-06 07:18:02,2026-09-06 08:15:02,19.9,81.39
2575,pa205,co63,Managua,2026-09-11 13:09:45,2026-09-11 13:33:45,8.4,38.11
2576,pa113,co63,Managua,2026-09-29 11:21:49,2026-09-29 12:29:49,24.1,117.5
2577,pa271,co29,San José,2026-09-16 12:09:30,2026-09-16 12:16:30,3.0,18.62
2578,pa220,co30,San José,2026-09-04 19:02:32,2026-09-04 19:29:32,11.3,49.93
2579,pa223,co25,Guatemala,2026-09-15 10:13:23,2026-09-15 11:25:23,23.7,110.95
2580,pa138,co23,Guatemala,2026-09-06 07:07:41,2026-09-06 07:40:41,15.9,76.63
2581,pa026,co49,San Salvador,2026-09-23 07:42:16,2026-09-23 07:59:16,8.7,43.79
2582,pa133,co02,San José,2026-09-14 11:11:46,2026-09-14 11:55:46,11.4,55.44
2583,pa177,co67,San Salvador,2026-09-10 06:18:46,2026-09-10 06:42:46,11.2,47.91
2584,pa170,co42,San José,2026-09-01 18:50:40,2026-09-01 19:24:40,13.8,56.42
2585,pa104,co30,San José,2026-09-30 12:02:29,2026-09-30 12:19:29,8.1,46.82
2586,pa232,co21,San José,2026-09-02 19:53:54,2026-09-02 20:39:54,12.2,60.17
2587,pa192,co79,Guatemala,2026-09-05 12:46:31,2026-09-05 13:15:31,13.0,71.2
2588,pa075,co65,Guatemala,2026-09-26 18:57:31,2026-09-26 19:34:31,17.0,92.37
2589,pa056,co38,San Salvador,2026-09-09 12:37:44,2026-09-09 12:48:44,5.3,33.93
2590,pa215,co73,Managua,2026-09-18 22:03:16,2026-09-18 22:27:16,7.6,40.23
2591,pa023,co49,San Salvador,2026-09-06 15:28:33,2026-09-06 16:47:33,22.2,102.23
2592,pa038,co12,San Salvador,2026-09-28 14:48:42,2026-09-28 15:12:42,10.7,46.05
2593,pa183,co20,San José,2026-09-12 07:25:01,2026-09-12 08:16:01,13.3,61.41
2594,pa146,co56,San José,2026-09-30 08:05:40,2026-09-30 08:46:40,16.3,71.41
2595,pa250,co61,Guatemala,2026-09-25 10:55:40,2026-09-25 12:03:40,22.3,117.56
2596,pa069,co45,San José,2026-09-24 07:49:41,2026-09-24 09:18:41,24.4,96.16
2597,pa249,co38,San Salvador,2026-09-03 05:07:53,2026-09-03 05:23:53,4.2,28.75
2598,pa068,co66,San Salvador,2026-09-21 16:42:11,2026-09-21 17:14:11,9.0,41.52
2599,pa077,co72,Guatemala,2026-09-16 15:01:48,2026-09-16 15:22:48,10.5,52.86
2600,pa262,co44,Guatemala,2026-09-30 08:59:16,2026-09-30 09:30:16,8.3,47.33
2601,pa077,co70,Tegucigalpa,2026-09-03 10:16:43,2026-09-03 10:37:43,5.5,34.66
2602,pa002,co74,San Salvador,2026-09-19 11:28:40,2026-09-19 11:44:40,7.3,36.9
2603,pa278,co65,Guatemala,2026-09-20 12:07:52,2026-09-20 13:25:52,23.9,99.19
2604,pa242,co80,San Salvador,2026-09-29 11:36:52,2026-09-29 11:57:52,8.5,46.38
2605,pa051,co44,Guatemala,2026-09-18 21:53:56,2026-09-18 22:51:56,21.3,95.45
2606,pa168,co47,Managua,2026-09-24 20:54:28,2026-09-24 21:28:28,12.7,62.38
2607,pa214,co03,Guatemala,2026-09-03 18:34:34,2026-09-03 18:50:34,6.1,35.31
2608,pa157,co67,San Salvador,2026-09-03 10:00:23,2026-09-03 11:01:23,20.3,91.99
2609,pa230,co36,San José,2026-09-26 15:20:47,2026-09-26 15:52:47,16.3,72.08
2610,pa258,co43,San Salvador,2026-09-22 14:11:08,2026-09-22 14:54:08,11.3,62.06
2611,pa212,co73,Managua,2026-09-10 09:32:39,2026-09-10 11:02:39,23.0,117.79
2612,pa216,co36,San José,2026-09-07 12:41:47,2026-09-07 13:03:47,7.9,36.49
2613,pa213,co26,Tegucigalpa,2026-09-27 15:32:26,2026-09-27 15:58:26,10.4,50.22
2614,pa072,co51,San Salvador,2026-09-23 14:18:51,2026-09-23 14:40:51,6.9,33.58
2615,pa227,co41,Managua,2026-09-15 15:42:56,2026-09-15 16:04:56,6.5,37.98
2616,pa029,co80,San Salvador,2026-09-22 14:51:04,2026-09-22 16:11:04,24.0,116.28
2617,pa173,co04,Tegucigalpa,2026-09-22 16:17:20,2026-09-22 16:30:20,3.6,23.19
2618,pa161,co60,Tegucigalpa,2026-09-13 14:07:44,2026-09-13 14:53:44,17.2,78.94
2619,pa199,co56,San José,2026-09-23 05:59:18,2026-09-23 06:17:18,7.2,33.53
2620,pa131,co17,San José,2026-09-13 10:56:26,2026-09-13 11:50:26,24.0,102.93
2621,pa236,co40,Managua,2026-09-23 20:18:17,2026-09-23 21:41:17,23.1,109.13
2622,pa006,co73,Managua,2026-09-03 11:55:10,2026-09-03 12:05:10,2.9,22.18
2623,pa300,co61,Guatemala,2026-09-16 18:06:17,2026-09-16 19:20:17,21.2,100.66
2624,pa272,co08,Guatemala,2026-09-30 07:52:14,2026-09-30 08:28:14,13.3,63.93
2625,pa158,co03,Guatemala,2026-09-15 11:46:19,2026-09-15 12:54:19,18.1,79.89
2626,pa219,co73,Managua,2026-09-25 18:31:11,2026-09-25 18:55:11,6.5,35.93
2627,pa297,co32,San José,2026-09-28 16:41:53,2026-09-28 17:53:53,20.0,85.93
2628,pa081,co70,Tegucigalpa,2026-09-11 13:24:33,2026-09-11 14:40:33,22.9,94.45
2629,pa036,co42,San José,2026-09-12 09:23:07,2026-09-12 10:10:07,13.3,54.77
2630,pa203,co65,Guatemala,2026-09-15 08:24:23,2026-09-15 08:31:23,2.4,17.22
2631,pa172,co73,Managua,2026-09-07 15:23:44,2026-09-07 15:33:44,3.5,24.34
2632,pa095,co11,Tegucigalpa,2026-09-19 10:55:40,2026-09-19 11:45:40,13.4,74.56
2633,pa044,co51,San Salvador,2026-09-07 08:10:33,2026-09-07 08:59:33,16.0,73.84
2634,pa126,co13,San José,2026-09-15 17:44:27,2026-09-15 18:54:27,23.4,102.1
2635,pa160,co21,San José,2026-09-13 15:17:42,2026-09-13 16:26:42,22.1,93.29
2636,pa103,co29,San José,2026-09-22 19:39:59,2026-09-22 21:03:59,21.1,102.78
2637,pa146,co30,San José,2026-09-22 19:54:45,2026-09-22 21:24:45,24.9,109.95
2638,pa127,co26,Tegucigalpa,2026-09-09 15:09:15,2026-09-09 15:21:15,4.2,27.04
2639,pa262,co13,San José,2026-09-10 07:48:20,2026-09-10 08:38:20,17.3,73.3
2640,pa276,co35,San José,2026-09-10 10:23:48,2026-09-10 10:57:48,9.5,49.25
2641,pa055,co51,San Salvador,2026-09-21 13:05:02,2026-09-21 13:37:02,11.3,55.43
2642,pa259,co60,Tegucigalpa,2026-09-29 11:36:59,2026-09-29 12:01:59,8.2,47.08
2643,pa078,co32,San José,2026-09-02 19:46:12,2026-09-02 20:10:12,11.6,52.59
2644,pa018,co56,San José,2026-09-24 07:50:33,2026-09-24 08:14:33,8.4,49.91
2645,pa173,co02,San José,2026-09-30 10:24:52,2026-09-30 11:22:52,24.5,110.56
2646,pa006,co73,Managua,2026-09-17 21:06:53,2026-09-17 22:19:53,24.3,123.52
2647,pa299,co15,Tegucigalpa,2026-09-13 16:03:58,2026-09-13 16:28:58,6.5,39.52
2648,pa192,co61,Guatemala,2026-09-20 12:45:17,2026-09-20 12:57:17,3.5,23.83
2649,pa163,co47,Managua,2026-09-30 07:53:03,2026-09-30 08:04:03,5.7,30.6
2650,pa023,co79,Guatemala,2026-09-08 14:39:16,2026-09-08 15:10:16,13.5,66.47
2651,pa189,co24,San José,2026-09-25 06:33:35,2026-09-25 06:49:35,5.7,29.2
2652,pa019,co28,Guatemala,2026-09-24 18:48:56,2026-09-24 18:55:56,1.9,15.92
2653,pa162,co28,Guatemala,2026-09-04 10:02:38,2026-09-04 10:42:38,12.8,57.41
2654,pa010,co05,Tegucigalpa,2026-09-19 12:02:41,2026-09-19 12:45:41,15.9,69.68
2655,pa284,co59,Managua,2026-09-05 17:35:19,2026-09-05 18:19:19,20.7,109.77
2656,pa141,co59,Managua,2026-09-21 20:18:45,2026-09-21 21:10:45,13.2,60.28
2657,pa047,co41,Managua,2026-09-26 19:02:28,2026-09-26 19:16:28,4.8,30.78
2658,pa223,co37,Tegucigalpa,2026-09-16 08:07:50,2026-09-16 09:14:50,22.5,107.23
2659,pa063,co17,San José,2026-09-13 10:54:58,2026-09-13 11:32:58,10.4,47.37
2660,pa193,co21,San José,2026-09-03 12:24:01,2026-09-03 13:09:01,11.8,55.17
2661,pa084,co65,Guatemala,2026-09-14 10:59:25,2026-09-14 11:08:25,4.0,27.79
2662,pa131,co11,Tegucigalpa,2026-09-15 07:46:58,2026-09-15 08:04:58,8.9,48.23
2663,pa074,co03,Guatemala,2026-09-20 17:28:33,2026-09-20 18:04:33,16.3,76.89
2664,pa199,co24,San José,2026-09-24 20:54:20,2026-09-24 22:09:20,23.7,108.79
2665,pa033,co10,Managua,2026-09-18 07:59:22,2026-09-18 09:11:22,19.0,99.31
2666,pa127,co17,San José,2026-09-23 16:56:54,2026-09-23 17:10:54,4.0,25.23
2667,pa170,co30,San José,2026-09-23 08:18:32,2026-09-23 09:07:32,24.6,119.51
2668,pa289,co13,San José,2026-09-21 00:40:25,2026-09-21 01:43:25,17.9,80.18
2669,pa126,co76,Tegucigalpa,2026-09-28 16:57:58,2026-09-28 17:25:58,13.0,61.09
2670,pa166,co36,San José,2026-09-14 21:13:28,2026-09-14 22:07:28,15.2,75.83
2671,pa074,co61,Guatemala,2026-09-13 19:23:01,2026-09-13 19:39:01,4.5,25.32
2672,pa152,co46,San Salvador,2026-09-17 02:17:27,2026-09-17 03:05:27,12.8,58.08
2673,pa276,co57,Tegucigalpa,2026-09-16 19:39:55,2026-09-16 20:44:55,16.5,79.53
2674,pa178,co15,Tegucigalpa,2026-09-11 12:51:53,2026-09-11 13:54:53,24.6,113.18
2675,pa172,co26,Tegucigalpa,2026-09-05 13:03:43,2026-09-05 13:32:43,12.2,53.02
2676,pa129,co51,San Salvador,2026-09-07 19:12:33,2026-09-07 19:30:33,5.3,30.17
2677,pa144,co15,Tegucigalpa,2026-09-18 18:53:56,2026-09-18 19:20:56,7.3,40.64
2678,pa151,co42,San José,2026-09-14 06:08:39,2026-09-14 06:24:39,7.3,41.25
2679,pa143,co39,San José,2026-09-24 07:19:04,2026-09-24 08:18:04,18.5,86.3
2680,pa110,co42,San José,2026-09-26 13:13:44,2026-09-26 13:29:44,4.8,29.93
2681,pa131,co73,Managua,2026-09-30 03:57:29,2026-09-30 04:35:29,11.4,60.98
2682,pa061,co72,Guatemala,2026-09-04 07:31:13,2026-09-04 08:19:13,19.3,97.74
2683,pa075,co43,San Salvador,2026-09-25 22:55:42,2026-09-26 00:02:42,19.0,102.01
2684,pa061,co23,Guatemala,2026-09-29 12:15:54,2026-09-29 13:18:54,21.4,97.29
2685,pa082,co72,Guatemala,2026-09-28 10:02:08,2026-09-28 10:44:08,11.7,63.82
2686,pa203,co59,Managua,2026-09-22 07:02:47,2026-09-22 07:16:47,4.4,25.89
2687,pa081,co62,San Salvador,2026-09-02 17:59:14,2026-09-02 19:19:14,21.4,100.13
2688,pa299,co63,Managua,2026-09-16 19:57:36,2026-09-16 20:42:36,19.3,100.91
2689,pa152,co31,Tegucigalpa,2026-09-17 21:57:51,2026-09-17 22:34:51,18.8,78.86
2690,pa234,co14,Guatemala,2026-09-21 14:18:58,2026-09-21 14:58:58,15.3,69.53
2691,pa051,co21,San José,2026-09-15 16:33:00,2026-09-15 17:16:00,21.4,97.56
2692,pa028,co76,Tegucigalpa,2026-09-14 20:12:46,2026-09-14 21:16:46,19.5,95.43
2693,pa057,co59,Managua,2026-09-16 22:41:19,2026-09-16 22:55:19,3.8,24.59
2694,pa137,co41,Managua,2026-09-13 20:28:55,2026-09-13 21:40:55,22.3,111.56
2695,pa041,co30,San José,2026-09-21 17:15:32,2026-09-21 17:20:32,1.6,14.46
2696,pa118,co32,San José,2026-09-27 10:13:38,2026-09-27 10:42:38,7.9,38.7
2697,pa144,co39,San José,2026-09-30 17:07:06,2026-09-30 17:37:06,8.0,44.8
2698,pa293,co56,San José,2026-09-18 12:45:48,2026-09-18 12:58:48,3.9,21.79
2699,pa265,co59,Managua,2026-09-25 18:50:50,2026-09-25 19:13:50,8.2,43.78
2700,pa142,co12,San Salvador,2026-09-12 21:05:03,2026-09-12 22:28:03,22.4,106.34
2701,pa204,co65,Guatemala,2026-09-04 23:08:42,2026-09-05 00:03:42,19.8,103.78
2702,pa003,co28,Guatemala,2026-09-19 12:35:45,2026-09-19 13:06:45,10.5,47.45
2703,pa204,co33,Tegucigalpa,2026-09-30 17:42:21,2026-09-30 19:00:21,20.1,78.73
2704,pa179,co33,Tegucigalpa,2026-09-15 11:49:44,2026-09-15 12:44:44,21.1,101.81
2705,pa107,co12,San Salvador,2026-09-14 10:56:35,2026-09-14 11:10:35,5.5,32.02
2706,pa145,co79,Guatemala,2026-09-28 10:18:51,2026-09-28 10:48:51,10.2,53.87
2707,pa198,co19,San Salvador,2026-09-14 10:28:12,2026-09-14 11:49:12,22.9,104.49
2708,pa116,co23,Guatemala,2026-09-12 05:51:30,2026-09-12 07:06:30,23.5,120.53
2709,pa051,co25,Guatemala,2026-09-06 12:29:58,2026-09-06 13:11:58,12.3,65.19
2710,pa183,co21,San José,2026-09-29 18:19:09,2026-09-29 19:28:09,23.0,116.77
2711,pa054,co26,Tegucigalpa,2026-09-30 16:23:04,2026-09-30 17:37:04,18.9,77.3
2712,pa207,co22,Tegucigalpa,2026-09-27 21:38:25,2026-09-27 22:04:25,9.0,50.13
2713,pa079,co51,San Salvador,2026-09-21 20:49:31,2026-09-21 21:08:31,5.4,33.53
2714,pa160,co56,San José,2026-09-30 07:51:55,2026-09-30 08:33:55,15.0,75.44
2715,pa098,co31,Tegucigalpa,2026-09-01 21:19:23,2026-09-01 21:40:23,9.0,49.54
2716,pa214,co14,Guatemala,2026-09-15 12:02:35,2026-09-15 12:45:35,17.8,75.77
2717,pa236,co44,Guatemala,2026-09-03 08:29:48,2026-09-03 08:40:48,4.4,28.43
2718,pa132,co56,San José,2026-09-15 22:51:57,2026-09-15 23:46:57,17.4,88.6
2719,pa259,co22,Tegucigalpa,2026-09-06 13:48:27,2026-09-06 14:29:27,12.5,58.02
2720,pa135,co23,Guatemala,2026-09-11 06:11:38,2026-09-11 07:18:38,19.5,89.44
2721,pa256,co23,Guatemala,2026-09-23 08:40:58,2026-09-23 09:20:58,13.3,55.45
2722,pa149,co39,San José,2026-09-24 12:48:39,2026-09-24 12:55:39,2.1,16.06
2723,pa189,co63,Managua,2026-09-02 00:49:55,2026-09-02 01:38:55,13.0,70.14
2724,pa104,co56,San José,2026-09-08 10:14:31,2026-09-08 10:49:31,8.8,45.33
2725,pa299,co36,San José,2026-09-02 13:10:37,2026-09-02 13:57:37,17.4,87.22
2726,pa189,co41,Managua,2026-09-21 19:19:18,2026-09-21 20:07:18,13.7,58.8
2727,pa089,co46,San Salvador,2026-09-17 23:27:21,2026-09-18 00:22:21,22.5,116.65
2728,pa046,co65,Guatemala,2026-09-22 16:15:59,2026-09-22 16:32:59,7.6,43.22
2729,pa091,co24,San José,2026-09-19 17:31:03,2026-09-19 18:26:03,15.9,84.8
2730,pa195,co43,San Salvador,2026-09-06 19:44:05,2026-09-06 20:10:05,11.1,52.75
2731,pa236,co73,Managua,2026-09-30 08:48:31,2026-09-30 09:20:31,14.1,68.26
2732,pa292,co30,San José,2026-09-24 15:40:00,2026-09-24 16:51:00,23.4,100.85
2733,pa288,co39,San José,2026-09-26 02:39:25,2026-09-26 02:45:25,3.1,20.33
2734,pa279,co65,Guatemala,2026-09-27 13:54:52,2026-09-27 14:09:52,6.5,34.74
2735,pa289,co31,Tegucigalpa,2026-09-18 20:50:46,2026-09-18 21:37:46,14.7,69.19
2736,pa058,co36,San José,2026-09-20 21:58:05,2026-09-20 22:15:05,7.5,40.99
2737,pa146,co63,Managua,2026-09-08 10:28:17,2026-09-08 10:49:17,8.6,47.97
2738,pa020,co23,Guatemala,2026-09-29 11:11:46,2026-09-29 11:34:46,7.9,41.67
2739,pa080,co11,Tegucigalpa,2026-09-23 11:44:02,2026-09-23 11:47:02,1.6,15.78
2740,pa300,co17,San José,2026-09-18 19:21:13,2026-09-18 19:33:13,3.7,22.81
2741,pa034,co31,Tegucigalpa,2026-09-19 13:16:30,2026-09-19 13:31:30,5.8,33.03
2742,pa262,co76,Tegucigalpa,2026-09-24 13:37:29,2026-09-24 14:41:29,17.5,69.96
2743,pa298,co54,Managua,2026-09-29 14:55:07,2026-09-29 15:30:07,9.1,45.73
2744,pa164,co42,San José,2026-09-01 15:53:13,2026-09-01 16:04:13,3.6,21.71
2745,pa217,co25,Guatemala,2026-09-28 19:35:37,2026-09-28 20:18:37,20.6,109.97
2746,pa253,co05,Tegucigalpa,2026-09-26 09:00:50,2026-09-26 09:05:50,1.9,15.22
2747,pa170,co49,San Salvador,2026-09-14 17:54:51,2026-09-14 18:19:51,8.3,44.87
2748,pa067,co60,Tegucigalpa,2026-09-06 04:07:44,2026-09-06 04:34:44,7.6,37.64
2749,pa234,co76,Tegucigalpa,2026-09-27 09:31:32,2026-09-27 09:56:32,6.5,35.04
2750,pa226,co44,Guatemala,2026-09-17 14:13:28,2026-09-17 14:39:28,9.4,41.51
2751,pa053,co44,Guatemala,2026-09-19 17:49:39,2026-09-19 18:17:39,10.6,60.89
2752,pa286,co32,San José,2026-09-17 23:16:47,2026-09-17 23:26:47,4.8,29.33
2753,pa272,co30,San José,2026-09-06 17:40:45,2026-09-06 17:49:45,3.3,20.94
2754,pa106,co37,Tegucigalpa,2026-09-07 17:45:06,2026-09-07 18:23:06,16.6,67.01
2755,pa015,co65,Guatemala,2026-09-13 20:31:37,2026-09-13 20:58:37,11.8,55.36
2756,pa269,co41,Managua,2026-09-26 09:32:23,2026-09-26 10:31:23,15.8,76.4
2757,pa262,co38,San Salvador,2026-09-30 13:59:28,2026-09-30 15:20:28,24.9,121.83
2758,pa275,co49,San Salvador,2026-09-09 11:44:19,2026-09-09 12:53:19,20.2,86.09
2759,pa145,co76,Tegucigalpa,2026-09-24 21:00:15,2026-09-24 22:10:15,23.2,108.0
2760,pa274,co49,San Salvador,2026-09-30 18:11:33,2026-09-30 18:38:33,11.3,58.32
2761,pa179,co17,San José,2026-09-09 10:42:02,2026-09-09 11:33:02,23.2,115.99
2762,pa192,co08,Guatemala,2026-09-17 22:52:08,2026-09-17 23:12:08,8.9,44.85
2763,pa185,co77,San Salvador,2026-09-12 18:35:49,2026-09-12 19:09:49,11.7,56.19
2764,pa274,co73,Managua,2026-09-18 07:39:25,2026-09-18 09:07:25,23.4,100.15
2765,pa208,co63,Managua,2026-09-16 17:25:28,2026-09-16 18:04:28,17.9,88.95
2766,pa269,co65,Guatemala,2026-09-17 21:25:10,2026-09-17 21:36:10,3.4,20.43
2767,pa195,co44,Guatemala,2026-09-30 12:59:11,2026-09-30 13:06:11,2.5,20.07
2768,pa164,co74,San Salvador,2026-09-18 05:25:51,2026-09-18 05:37:51,3.2,20.84
2769,pa131,co77,San Salvador,2026-09-17 10:03:24,2026-09-17 10:15:24,5.3,33.51
2770,pa117,co21,San José,2026-09-15 10:06:23,2026-09-15 10:45:23,15.6,80.54
2771,pa278,co50,San José,2026-09-24 08:47:37,2026-09-24 09:49:37,20.8,106.33
2772,pa274,co52,Tegucigalpa,2026-09-14 06:49:40,2026-09-14 06:57:40,3.1,19.77
2773,pa149,co42,San José,2026-09-10 07:08:42,2026-09-10 07:33:42,8.9,48.22
2774,pa083,co73,Managua,2026-09-28 00:32:01,2026-09-28 00:47:01,5.5,28.4
2775,pa063,co43,San Salvador,2026-09-13 15:23:34,2026-09-13 16:46:34,22.6,110.01
2776,pa285,co63,Managua,2026-09-30 20:53:21,2026-09-30 21:32:21,16.4,74.95
2777,pa219,co31,Tegucigalpa,2026-09-15 01:33:42,2026-09-15 01:42:42,4.5,26.1
2778,pa054,co63,Managua,2026-09-02 19:48:07,2026-09-02 20:48:07,23.6,114.64
2779,pa191,co08,Guatemala,2026-09-13 15:23:38,2026-09-13 16:12:38,18.5,95.63
2780,pa204,co29,San José,2026-09-12 06:06:45,2026-09-12 06:11:45,1.7,14.03
2781,pa020,co41,Managua,2026-09-15 11:51:48,2026-09-15 12:23:48,10.6,50.61
2782,pa171,co05,Tegucigalpa,2026-09-11 18:33:38,2026-09-11 18:47:38,5.8,29.98
2783,pa042,co67,San Salvador,2026-09-25 16:25:10,2026-09-25 17:04:10,15.9,76.37
2784,pa042,co41,Managua,2026-09-25 19:58:51,2026-09-25 20:13:51,6.4,33.05
2785,pa003,co78,San José,2026-09-13 17:30:43,2026-09-13 18:34:43,17.5,85.97
2786,pa045,co05,Tegucigalpa,2026-09-14 20:36:40,2026-09-14 20:56:40,8.0,47.95
2787,pa172,co12,San Salvador,2026-09-29 18:30:40,2026-09-29 19:28:40,17.5,92.54
2788,pa131,co28,Guatemala,2026-09-24 12:52:28,2026-09-24 13:44:28,14.3,67.73
2789,pa027,co76,Tegucigalpa,2026-09-13 14:18:00,2026-09-13 14:59:00,18.5,82.17
2790,pa132,co70,Tegucigalpa,2026-09-27 09:04:53,2026-09-27 09:53:53,12.9,69.19
2791,pa089,co74,San Salvador,2026-09-09 20:23:03,2026-09-09 20:45:03,10.0,50.66
2792,pa087,co05,Tegucigalpa,2026-09-27 13:10:18,2026-09-27 14:24:18,22.8,97.8
2793,pa018,co06,Tegucigalpa,2026-09-12 21:15:12,2026-09-12 21:51:12,9.6,50.25
2794,pa065,co49,San Salvador,2026-09-13 10:06:49,2026-09-13 10:40:49,14.5,77.82
2795,pa005,co21,San José,2026-09-20 10:59:39,2026-09-20 11:22:39,10.9,61.99
2796,pa091,co27,Tegucigalpa,2026-09-10 19:13:16,2026-09-10 20:00:16,17.2,88.39
2797,pa078,co30,San José,2026-09-10 06:08:04,2026-09-10 07:44:04,24.7,128.92
2798,pa219,co61,Guatemala,2026-09-09 14:08:18,2026-09-09 14:37:18,13.4,58.71
2799,pa054,co03,Guatemala,2026-09-14 14:00:22,2026-09-14 14:13:22,4.5,29.9
2800,pa265,co24,San José,2026-09-04 15:27:33,2026-09-04 16:46:33,23.6,96.7
2801,pa083,co49,San Salvador,2026-09-12 19:22:16,2026-09-12 19:36:16,6.5,33.39
2802,pa061,co44,Guatemala,2026-09-27 08:20:35,2026-09-27 08:48:35,8.5,47.92
2803,pa033,co15,Tegucigalpa,2026-09-26 12:45:56,2026-09-26 13:42:56,19.6,105.53
2804,pa088,co14,Guatemala,2026-09-13 15:14:34,2026-09-13 16:30:34,23.9,123.69
2805,pa044,co49,San Salvador,2026-09-22 21:27:20,2026-09-22 21:49:20,8.4,45.92
2806,pa179,co03,Guatemala,2026-09-04 18:57:29,2026-09-04 19:15:29,8.4,41.07
2807,pa063,co61,Guatemala,2026-09-06 09:44:37,2026-09-06 10:25:37,13.3,58.73
2808,pa131,co42,San José,2026-09-16 16:14:56,2026-09-16 16:56:56,12.2,59.22
2809,pa036,co73,Managua,2026-09-05 20:08:11,2026-09-05 21:14:11,21.1,103.43
2810,pa242,co49,San Salvador,2026-09-09 13:30:44,2026-09-09 14:14:44,16.7,68.42
2811,pa244,co73,Managua,2026-09-08 21:31:35,2026-09-08 22:12:35,18.8,100.39
2812,pa268,co65,Guatemala,2026-09-03 22:04:00,2026-09-03 22:19:00,5.9,37.2
2813,pa193,co44,Guatemala,2026-09-20 20:56:29,2026-09-20 21:54:29,23.5,96.58
2814,pa061,co36,San José,2026-09-21 04:41:59,2026-09-21 05:15:59,9.3,43.36
2815,pa158,co63,Managua,2026-09-11 17:46:26,2026-09-11 18:14:26,12.3,56.91
2816,pa160,co14,Guatemala,2026-09-24 19:06:58,2026-09-24 19:34:58,13.3,71.95
2817,pa107,co26,Tegucigalpa,2026-09-09 05:25:32,2026-09-09 05:53:32,8.3,47.48
2818,pa098,co11,Tegucigalpa,2026-09-14 20:21:15,2026-09-14 20:25:15,1.9,15.43
2819,pa216,co28,Guatemala,2026-09-21 09:45:10,2026-09-21 10:50:10,24.9,111.95
2820,pa172,co39,San José,2026-09-07 08:11:05,2026-09-07 08:39:05,11.9,61.37
2821,pa011,co36,San José,2026-09-23 16:35:30,2026-09-23 16:40:30,2.2,18.26
2822,pa063,co61,Guatemala,2026-09-11 20:54:58,2026-09-11 22:06:58,23.5,113.54
2823,pa058,co20,San José,2026-09-01 08:13:35,2026-09-01 08:25:35,5.3,33.58
2824,pa130,co56,San José,2026-09-20 22:08:57,2026-09-20 22:58:57,17.8,84.05
2825,pa218,co73,Managua,2026-09-09 09:31:04,2026-09-09 09:36:04,2.1,17.12
2826,pa002,co09,Managua,2026-09-01 14:03:56,2026-09-01 15:36:56,24.1,104.99
2827,pa277,co29,San José,2026-09-05 18:21:23,2026-09-05 18:37:23,4.6,28.09
2828,pa299,co51,San Salvador,2026-09-24 16:05:15,2026-09-24 16:52:15,15.5,80.51
2829,pa025,co27,Tegucigalpa,2026-09-02 11:19:47,2026-09-02 12:01:47,11.3,48.62
2830,pa065,co59,Managua,2026-09-03 05:25:23,2026-09-03 06:16:23,17.1,72.64
2831,pa252,co72,Guatemala,2026-09-23 19:45:08,2026-09-23 20:22:08,14.3,77.87
2832,pa041,co32,San José,2026-09-07 18:36:49,2026-09-07 19:13:49,17.7,83.78
2833,pa004,co76,Tegucigalpa,2026-09-14 07:46:33,2026-09-14 08:23:33,13.7,63.86
2834,pa190,co28,Guatemala,2026-09-18 21:17:28,2026-09-18 21:28:28,3.0,20.17
2835,pa091,co21,San José,2026-09-23 12:41:21,2026-09-23 12:58:21,5.3,30.0
2836,pa207,co01,San José,2026-09-16 18:00:23,2026-09-16 18:47:23,18.2,71.9
2837,pa195,co26,Tegucigalpa,2026-09-18 16:20:37,2026-09-18 16:52:37,9.5,43.75
2838,pa050,co52,Tegucigalpa,2026-09-06 10:01:43,2026-09-06 11:04:43,19.8,84.53
2839,pa191,co29,San José,2026-09-06 14:03:01,2026-09-06 14:37:01,9.9,55.05
2840,pa197,co43,San Salvador,2026-09-18 17:33:37,2026-09-18 17:38:37,2.6,18.38
2841,pa011,co78,San José,2026-09-05 00:55:46,2026-09-05 01:23:46,12.9,66.12
2842,pa219,co56,San José,2026-09-23 18:13:37,2026-09-23 18:54:37,18.3,85.01
2843,pa173,co65,Guatemala,2026-09-25 15:36:06,2026-09-25 16:15:06,13.1,56.94
2844,pa057,co72,Guatemala,2026-09-18 19:27:00,2026-09-18 19:59:00,10.1,57.76
2845,pa094,co08,Guatemala,2026-09-13 17:47:00,2026-09-13 18:18:00,11.1,52.32
2846,pa161,co39,San José,2026-09-20 12:49:56,2026-09-20 13:23:56,14.5,63.74
2847,pa279,co31,Tegucigalpa,2026-09-06 16:52:16,2026-09-06 18:23:16,24.0,111.66
2848,pa020,co61,Guatemala,2026-09-04 18:07:54,2026-09-04 18:46:54,12.0,58.49
2849,pa192,co03,Guatemala,2026-09-01 13:05:32,2026-09-01 13:58:32,17.3,79.05
2850,pa246,co14,Guatemala,2026-09-21 03:16:01,2026-09-21 03:42:01,8.3,47.31
2851,pa111,co51,San Salvador,2026-09-11 11:58:59,2026-09-11 13:12:59,24.0,120.16
2852,pa297,co74,San Salvador,2026-09-27 02:18:14,2026-09-27 03:15:14,15.7,83.08
2853,pa200,co54,Managua,2026-09-07 18:44:42,2026-09-07 20:11:42,23.1,120.03
2854,pa072,co58,San Salvador,2026-09-04 20:33:54,2026-09-04 21:36:54,17.7,85.41
2855,pa018,co24,San José,2026-09-26 09:43:25,2026-09-26 10:03:25,9.5,48.35
2856,pa080,co56,San José,2026-09-18 19:18:38,2026-09-18 19:49:38,13.5,64.72
2857,pa082,co70,Tegucigalpa,2026-09-08 20:51:56,2026-09-08 21:59:56,19.3,91.21
2858,pa028,co61,Guatemala,2026-09-04 19:58:58,2026-09-04 20:54:58,17.6,79.06
2859,pa076,co40,Managua,2026-09-27 17:12:22,2026-09-27 17:37:22,12.0,52.94
2860,pa126,co56,San José,2026-09-07 13:26:51,2026-09-07 13:44:51,4.9,32.11
2861,pa177,co14,Guatemala,2026-09-06 22:01:11,2026-09-06 23:13:11,18.8,74.13
2862,pa024,co03,Guatemala,2026-09-27 12:45:07,2026-09-27 13:57:07,23.8,105.41
2863,pa234,co73,Managua,2026-09-06 20:51:03,2026-09-06 21:27:03,15.1,67.67
2864,pa259,co28,Guatemala,2026-09-14 05:28:33,2026-09-14 06:33:33,17.4,71.11
2865,pa274,co03,Guatemala,2026-09-17 09:47:15,2026-09-17 10:02:15,6.8,40.84
2866,pa287,co47,Managua,2026-09-06 07:58:53,2026-09-06 09:09:53,23.0,109.46
2867,pa050,co05,Tegucigalpa,2026-09-17 18:43:14,2026-09-17 19:39:14,21.6,114.7
2868,pa098,co59,Managua,2026-09-18 10:27:13,2026-09-18 10:58:13,14.8,77.05
2869,pa158,co32,San José,2026-09-12 06:37:12,2026-09-12 06:47:12,5.2,26.24
2870,pa212,co41,Managua,2026-09-30 19:54:29,2026-09-30 20:51:29,18.2,81.55
2871,pa016,co36,San José,2026-09-18 12:12:25,2026-09-18 13:08:25,17.7,88.15
2872,pa202,co05,Tegucigalpa,2026-09-24 21:59:26,2026-09-24 22:36:26,14.8,70.92
2873,pa199,co03,Guatemala,2026-09-25 18:55:13,2026-09-25 19:24:13,12.6,52.47
2874,pa156,co51,San Salvador,2026-09-28 22:30:01,2026-09-28 22:40:01,3.4,22.3
2875,pa237,co29,San José,2026-09-03 05:14:01,2026-09-03 05:48:01,12.9,70.36
2876,pa102,co25,Guatemala,2026-09-15 13:31:11,2026-09-15 14:08:11,18.9,86.74
2877,pa126,co60,Tegucigalpa,2026-09-08 09:02:55,2026-09-08 09:13:55,4.3,28.32
2878,pa213,co61,Guatemala,2026-09-02 13:05:21,2026-09-02 14:28:21,21.4,89.85
2879,pa035,co61,Guatemala,2026-09-17 07:59:52,2026-09-17 08:07:52,2.6,18.45
2880,pa074,co38,San Salvador,2026-09-20 16:20:10,2026-09-20 17:00:10,12.4,69.12
2881,pa280,co63,Managua,2026-09-14 20:32:33,2026-09-14 21:00:33,9.1,41.88
2882,pa201,co76,Tegucigalpa,2026-09-29 09:07:10,2026-09-29 09:19:10,5.2,28.09
2883,pa173,co46,San Salvador,2026-09-16 08:00:47,2026-09-16 09:17:47,23.1,98.34
2884,pa230,co51,San Salvador,2026-09-29 23:38:44,2026-09-30 00:17:44,18.1,83.48
2885,pa023,co42,San José,2026-09-09 07:31:33,2026-09-09 07:49:33,7.6,45.56
2886,pa190,co51,San Salvador,2026-09-24 11:40:56,2026-09-24 12:28:56,23.7,117.51
2887,pa153,co25,Guatemala,2026-09-17 18:39:44,2026-09-17 19:37:44,24.3,110.52
2888,pa297,co49,San Salvador,2026-09-21 08:06:56,2026-09-21 09:18:56,20.9,99.94
2889,pa201,co55,San José,2026-09-30 12:55:06,2026-09-30 14:09:06,23.9,103.64
2890,pa026,co64,San José,2026-09-21 05:02:57,2026-09-21 06:08:57,22.4,119.47
2891,pa055,co12,San Salvador,2026-09-04 01:24:04,2026-09-04 02:00:04,13.4,64.68
2892,pa087,co66,San Salvador,2026-09-16 10:17:03,2026-09-16 10:41:03,10.5,56.75
2893,pa159,co20,San José,2026-09-07 14:31:29,2026-09-07 14:50:29,8.2,42.41
2894,pa045,co24,San José,2026-09-18 14:47:41,2026-09-18 16:02:41,24.1,93.07
2895,pa176,co22,Tegucigalpa,2026-09-30 09:49:11,2026-09-30 11:04:11,20.9,92.12
2896,pa082,co39,San José,2026-09-11 00:14:41,2026-09-11 00:44:41,8.1,47.52
2897,pa256,co23,Guatemala,2026-09-25 08:16:51,2026-09-25 09:29:51,22.2,94.01
2898,pa011,co58,San Salvador,2026-09-14 13:25:41,2026-09-14 13:57:41,15.8,69.18
2899,pa077,co54,Managua,2026-09-06 18:17:28,2026-09-06 18:49:28,10.7,61.01
2900,pa268,co63,Managua,2026-09-25 13:48:31,2026-09-25 14:53:31,18.2,77.74
2901,pa121,co61,Guatemala,2026-09-13 15:56:25,2026-09-13 16:37:25,12.0,58.38
2902,pa063,co21,San José,2026-09-28 07:30:37,2026-09-28 08:27:37,19.6,103.67
2903,pa211,co72,Guatemala,2026-09-05 10:26:33,2026-09-05 11:08:33,15.7,83.78
2904,pa079,co24,San José,2026-09-22 18:28:52,2026-09-22 18:47:52,5.7,29.47
2905,pa265,co11,Tegucigalpa,2026-09-14 19:04:40,2026-09-14 20:05:40,18.3,94.03
2906,pa211,co37,Tegucigalpa,2026-09-10 11:39:18,2026-09-10 12:40:18,18.1,91.52
2907,pa115,co49,San Salvador,2026-09-08 15:38:40,2026-09-08 16:15:40,17.5,71.22
2908,pa192,co43,San Salvador,2026-09-19 15:19:28,2026-09-19 16:27:28,23.8,118.12
2909,pa035,co80,San Salvador,2026-09-13 13:04:00,2026-09-13 13:23:00,5.9,32.66
2910,pa115,co03,Guatemala,2026-09-04 06:20:09,2026-09-04 07:06:09,17.3,72.18
2911,pa234,co60,Tegucigalpa,2026-09-16 12:17:33,2026-09-16 12:22:33,1.7,14.41
2912,pa131,co34,Tegucigalpa,2026-09-26 10:52:23,2026-09-26 10:56:23,1.7,15.54
2913,pa028,co31,Tegucigalpa,2026-09-05 16:40:14,2026-09-05 18:12:14,23.6,124.0
2914,pa016,co24,San José,2026-09-24 05:00:02,2026-09-24 05:22:02,6.5,39.82
2915,pa059,co57,Tegucigalpa,2026-09-23 12:52:53,2026-09-23 13:10:53,5.1,30.88
2916,pa112,co41,Managua,2026-09-29 08:15:00,2026-09-29 08:54:00,12.2,66.68
2917,pa107,co61,Guatemala,2026-09-13 21:57:05,2026-09-13 22:25:05,7.5,38.97
2918,pa014,co06,Tegucigalpa,2026-09-02 11:51:25,2026-09-02 12:53:25,21.3,99.76
2919,pa236,co64,San José,2026-09-11 08:02:36,2026-09-11 08:52:36,18.4,79.47
2920,pa211,co24,San José,2026-09-17 09:34:18,2026-09-17 10:19:18,20.2,90.68
2921,pa119,co71,San José,2026-09-15 18:18:02,2026-09-15 19:09:02,18.0,86.19
2922,pa028,co64,San José,2026-09-24 14:48:10,2026-09-24 16:00:10,22.0,93.83
2923,pa100,co53,Managua,2026-09-15 20:01:22,2026-09-15 21:11:22,21.7,96.16
2924,pa246,co22,Tegucigalpa,2026-09-03 08:48:21,2026-09-03 09:53:21,21.4,100.06
2925,pa129,co63,Managua,2026-09-03 13:32:32,2026-09-03 14:12:32,13.4,64.48
2926,pa073,co06,Tegucigalpa,2026-09-21 20:50:32,2026-09-21 21:07:32,5.3,29.11
2927,pa082,co65,Guatemala,2026-09-21 11:32:20,2026-09-21 12:07:20,11.7,57.34
2928,pa089,co30,San José,2026-09-12 10:33:52,2026-09-12 11:09:52,14.7,76.58
2929,pa178,co29,San José,2026-09-03 10:36:58,2026-09-03 11:03:58,10.3,56.53
2930,pa082,co59,Managua,2026-09-09 19:15:16,2026-09-09 19:20:16,1.8,16.6
2931,pa223,co45,San José,2026-09-09 21:03:18,2026-09-09 21:43:18,18.7,96.18
2932,pa023,co42,San José,2026-09-20 05:29:54,2026-09-20 06:08:54,18.8,88.59
2933,pa037,co23,Guatemala,2026-09-19 21:26:07,2026-09-19 22:28:07,18.5,93.97
2934,pa204,co19,San Salvador,2026-09-05 18:09:51,2026-09-05 18:22:51,3.5,23.45
2935,pa051,co38,San Salvador,2026-09-24 22:22:53,2026-09-24 23:06:53,21.2,91.77
2936,pa132,co29,San José,2026-09-25 14:08:23,2026-09-25 15:05:23,14.9,73.83
2937,pa276,co44,Guatemala,2026-09-14 11:38:07,2026-09-14 12:36:07,17.1,71.36
2938,pa085,co25,Guatemala,2026-09-01 10:44:20,2026-09-01 11:11:20,7.4,44.27
2939,pa244,co21,San José,2026-09-06 09:32:48,2026-09-06 10:00:48,13.5,74.47
2940,pa079,co43,San Salvador,2026-09-04 12:12:05,2026-09-04 12:48:05,18.3,88.08
2941,pa299,co46,San Salvador,2026-09-16 16:31:57,2026-09-16 16:55:57,9.7,49.28
2942,pa190,co07,San José,2026-09-11 19:05:35,2026-09-11 19:24:35,6.4,37.94
2943,pa246,co57,Tegucigalpa,2026-09-11 13:52:02,2026-09-11 14:36:02,19.9,87.26
2944,pa189,co30,San José,2026-09-18 13:03:24,2026-09-18 13:13:24,4.0,27.11
2945,pa136,co55,San José,2026-09-05 10:33:29,2026-09-05 11:18:29,12.6,60.81
2946,pa089,co44,Guatemala,2026-09-13 14:20:58,2026-09-13 14:54:58,10.8,49.13
2947,pa156,co38,San Salvador,2026-09-12 19:29:01,2026-09-12 20:25:01,16.2,72.06
2948,pa057,co59,Managua,2026-09-28 19:47:37,2026-09-28 20:27:37,11.6,57.89
2949,pa023,co21,San José,2026-09-15 07:07:02,2026-09-15 08:11:02,20.8,107.35
2950,pa149,co02,San José,2026-09-19 19:26:27,2026-09-19 19:45:27,6.8,38.44
2951,pa277,co10,Managua,2026-09-29 22:20:04,2026-09-29 23:15:04,16.4,69.85
2952,pa139,co31,Tegucigalpa,2026-09-01 09:44:31,2026-09-01 10:17:31,10.4,53.51
2953,pa054,co14,Guatemala,2026-09-29 04:05:12,2026-09-29 05:27:12,24.0,123.93
2954,pa129,co04,Tegucigalpa,2026-09-27 18:56:43,2026-09-27 19:05:43,3.0,19.27
2955,pa290,co47,Managua,2026-09-06 10:21:26,2026-09-06 10:41:26,5.1,30.44
2956,pa201,co05,Tegucigalpa,2026-09-08 10:33:09,2026-09-08 11:24:09,22.9,113.8
2957,pa157,co05,Tegucigalpa,2026-09-26 08:57:10,2026-09-26 09:36:10,17.4,77.69
2958,pa175,co63,Managua,2026-09-04 18:44:56,2026-09-04 18:52:56,2.7,19.28
2959,pa053,co15,Tegucigalpa,2026-09-28 07:51:00,2026-09-28 07:59:00,4.3,26.87
2960,pa075,co07,San José,2026-09-03 11:10:52,2026-09-03 12:32:52,22.4,93.68
2961,pa258,co17,San José,2026-09-10 01:35:53,2026-09-10 02:03:53,7.3,35.57
2962,pa149,co08,Guatemala,2026-09-26 23:46:18,2026-09-27 00:39:18,23.2,112.24
2963,pa242,co10,Managua,2026-09-09 06:24:23,2026-09-09 07:01:23,10.8,51.37
2964,pa103,co05,Tegucigalpa,2026-09-10 07:35:20,2026-09-10 08:09:20,9.9,51.68
2965,pa234,co47,Managua,2026-09-18 14:18:02,2026-09-18 15:50:02,24.9,102.73
2966,pa102,co39,San José,2026-09-27 11:35:46,2026-09-27 12:19:46,12.8,57.5
2967,pa291,co31,Tegucigalpa,2026-09-12 08:09:36,2026-09-12 08:32:36,7.6,35.47
2968,pa226,co73,Managua,2026-09-15 13:47:41,2026-09-15 14:22:41,12.7,59.49
2969,pa086,co60,Tegucigalpa,2026-09-21 15:11:06,2026-09-21 16:02:06,15.5,70.09
2970,pa078,co76,Tegucigalpa,2026-09-26 17:40:07,2026-09-26 19:01:07,21.0,94.26
2971,pa278,co63,Managua,2026-09-15 13:52:16,2026-09-15 14:07:16,6.4,32.85
2972,pa078,co12,San Salvador,2026-09-22 11:55:56,2026-09-22 12:14:56,5.6,29.73
2973,pa269,co67,San Salvador,2026-09-22 19:38:50,2026-09-22 20:14:50,13.6,68.62
2974,pa205,co39,San José,2026-09-27 15:29:05,2026-09-27 16:04:05,13.1,59.77
2975,pa063,co17,San José,2026-09-16 19:41:37,2026-09-16 20:14:37,11.1,53.77
2976,pa028,co19,San Salvador,2026-09-03 19:51:08,2026-09-03 20:21:08,15.3,81.29
2977,pa098,co20,San José,2026-09-24 18:19:43,2026-09-24 18:36:43,8.2,37.34
2978,pa191,co15,Tegucigalpa,2026-09-20 08:26:28,2026-09-20 09:21:28,19.1,98.34
2979,pa288,co23,Guatemala,2026-09-24 06:46:58,2026-09-24 07:16:58,11.3,61.11
2980,pa007,co22,Tegucigalpa,2026-09-03 16:15:10,2026-09-03 16:37:10,9.7,46.7
2981,pa154,co46,San Salvador,2026-09-17 14:24:26,2026-09-17 15:13:26,16.5,65.94
2982,pa246,co31,Tegucigalpa,2026-09-24 08:13:53,2026-09-24 09:05:53,13.6,59.54
2983,pa235,co36,San José,2026-09-06 07:48:34,2026-09-06 07:59:34,5.2,28.47
2984,pa188,co72,Guatemala,2026-09-25 11:41:11,2026-09-25 12:22:11,17.7,74.8
2985,pa211,co43,San Salvador,2026-09-18 19:22:05,2026-09-18 19:48:05,9.2,44.71
2986,pa245,co14,Guatemala,2026-09-22 15:49:36,2026-09-22 16:14:36,10.7,58.63
2987,pa232,co01,San José,2026-09-12 07:16:11,2026-09-12 07:51:11,11.5,61.52
2988,pa025,co73,Managua,2026-09-18 20:17:50,2026-09-18 21:36:50,21.9,97.44
2989,pa163,co58,San Salvador,2026-09-17 14:43:17,2026-09-17 15:54:17,22.2,118.92
2990,pa180,co30,San José,2026-09-02 18:41:30,2026-09-02 19:26:30,13.1,70.67
2991,pa235,co30,San José,2026-09-13 08:43:41,2026-09-13 09:39:41,17.0,70.3
2992,pa300,co48,Managua,2026-09-13 15:35:55,2026-09-13 16:25:55,16.8,67.33
2993,pa244,co46,San Salvador,2026-09-16 14:29:01,2026-09-16 15:16:01,12.1,50.89
2994,pa167,co25,Guatemala,2026-09-27 09:03:00,2026-09-27 10:00:00,19.3,97.17
2995,pa158,co44,Guatemala,2026-09-07 09:18:21,2026-09-07 10:24:21,22.0,104.75
2996,pa109,co14,Guatemala,2026-09-30 18:13:47,2026-09-30 19:10:47,19.6,95.34
2997,pa076,co15,Tegucigalpa,2026-09-19 19:42:26,2026-09-19 20:29:26,12.3,68.99
2998,pa162,co03,Guatemala,2026-09-25 07:22:16,2026-09-25 08:43:16,23.8,116.76
2999,pa249,co25,Guatemala,2026-09-02 23:00:45,2026-09-02 23:33:45,8.6,42.05
3000,pa098,co63,Managua,2026-09-04 20:41:45,2026-09-04 22:00:45,21.4,104.72
3001,pa282,co06,Tegucigalpa,2026-09-20 07:21:04,2026-09-20 08:05:04,11.9,53.64
3002,pa282,co23,Guatemala,2026-09-06 11:32:02,2026-09-06 12:26:02,14.8,70.88
3003,pa133,co28,Guatemala,2026-09-05 12:05:03,2026-09-05 12:34:03,10.7,55.16
3004,pa187,co31,Tegucigalpa,2026-09-06 17:57:31,2026-09-06 18:08:31,4.9,27.28
3005,pa272,co31,Tegucigalpa,2026-09-08 14:54:14,2026-09-08 15:22:14,9.2,42.48
3006,pa091,co26,Tegucigalpa,2026-09-09 15:44:17,2026-09-09 16:25:17,15.1,76.41
3007,pa178,co31,Tegucigalpa,2026-09-21 01:15:06,2026-09-21 01:51:06,16.8,73.5
3008,pa163,co51,San Salvador,2026-09-06 14:55:46,2026-09-06 15:51:46,17.9,77.0
3009,pa262,co29,San José,2026-09-03 13:56:44,2026-09-03 15:03:44,23.9,111.53
3010,pa068,co70,Tegucigalpa,2026-09-15 16:29:26,2026-09-15 17:00:26,14.9,63.41
3011,pa151,co37,Tegucigalpa,2026-09-28 17:35:19,2026-09-28 17:56:19,8.0,39.7
3012,pa104,co72,Guatemala,2026-09-18 23:22:29,2026-09-18 23:44:29,8.3,39.56
3013,pa036,co43,San Salvador,2026-09-20 21:47:47,2026-09-20 22:39:47,18.1,84.85
3014,pa116,co56,San José,2026-09-25 13:09:07,2026-09-25 13:30:07,9.2,40.78
3015,pa162,co41,Managua,2026-09-14 14:12:46,2026-09-14 14:25:46,4.3,28.27
3016,pa296,co37,Tegucigalpa,2026-09-04 07:29:33,2026-09-04 08:54:33,24.7,100.19
3017,pa034,co15,Tegucigalpa,2026-09-27 18:50:32,2026-09-27 19:21:32,14.3,64.53
3018,pa129,co52,Tegucigalpa,2026-09-19 09:28:29,2026-09-19 10:10:29,13.4,70.17
3019,pa291,co65,Guatemala,2026-09-19 17:36:42,2026-09-19 18:34:42,22.7,116.42
3020,pa183,co59,Managua,2026-09-11 21:42:43,2026-09-11 22:11:43,13.0,60.72
3021,pa022,co17,San José,2026-09-01 18:18:43,2026-09-01 19:03:43,19.9,92.66
3022,pa003,co73,Managua,2026-09-22 10:21:47,2026-09-22 11:00:47,11.7,64.55
3023,pa019,co53,Managua,2026-09-06 05:26:08,2026-09-06 06:22:08,18.8,92.65
3024,pa223,co72,Guatemala,2026-09-29 10:36:41,2026-09-29 11:00:41,8.6,39.26
3025,pa106,co23,Guatemala,2026-09-25 18:58:06,2026-09-25 19:21:06,6.2,30.26
3026,pa063,co47,Managua,2026-09-25 16:50:48,2026-09-25 17:36:48,12.7,68.83
3027,pa179,co03,Guatemala,2026-09-11 10:06:42,2026-09-11 10:42:42,12.5,52.69
3028,pa020,co67,San Salvador,2026-09-10 08:16:09,2026-09-10 08:38:09,8.7,51.31
3029,pa157,co61,Guatemala,2026-09-19 07:12:57,2026-09-19 07:44:57,10.2,57.09
3030,pa196,co47,Managua,2026-09-05 19:24:17,2026-09-05 20:56:17,23.5,117.64
3031,pa158,co17,San José,2026-09-17 08:23:59,2026-09-17 08:33:59,4.2,26.62
3032,pa060,co23,Guatemala,2026-09-06 04:38:21,2026-09-06 05:10:21,11.2,57.58
3033,pa131,co12,San Salvador,2026-09-30 14:19:43,2026-09-30 14:44:43,9.7,54.88
3034,pa170,co17,San José,2026-09-12 16:52:02,2026-09-12 17:08:02,7.9,39.35
3035,pa002,co11,Tegucigalpa,2026-09-13 10:04:10,2026-09-13 11:37:10,24.5,125.31
3036,pa192,co74,San Salvador,2026-09-07 06:43:11,2026-09-07 08:02:11,24.7,100.19
3037,pa071,co57,Tegucigalpa,2026-09-12 17:16:41,2026-09-12 17:35:41,7.0,38.96
3038,pa083,co03,Guatemala,2026-09-01 09:36:10,2026-09-01 09:44:10,2.5,19.03
3039,pa237,co29,San José,2026-09-01 09:42:44,2026-09-01 09:58:44,4.9,27.03
3040,pa291,co31,Tegucigalpa,2026-09-09 13:05:27,2026-09-09 13:35:27,8.0,47.15
3041,pa153,co36,San José,2026-09-30 08:17:46,2026-09-30 09:02:46,18.5,78.69
3042,pa268,co38,San Salvador,2026-09-24 01:16:31,2026-09-24 01:31:31,7.0,37.24
3043,pa073,co34,Tegucigalpa,2026-09-18 19:24:54,2026-09-18 19:41:54,6.9,39.36
3044,pa006,co03,Guatemala,2026-09-24 22:48:00,2026-09-24 23:46:00,19.7,91.04
3045,pa268,co24,San José,2026-09-14 16:29:50,2026-09-14 17:44:50,20.9,88.27
3046,pa284,co61,Guatemala,2026-09-26 16:32:49,2026-09-26 17:52:49,22.7,91.97
3047,pa198,co56,San José,2026-09-27 16:21:54,2026-09-27 16:59:54,13.4,72.82
3048,pa246,co22,Tegucigalpa,2026-09-20 11:35:10,2026-09-20 12:50:10,20.4,104.5
3049,pa035,co56,San José,2026-09-04 14:16:15,2026-09-04 14:53:15,16.3,76.71
3050,pa198,co20,San José,2026-09-17 14:10:37,2026-09-17 14:38:37,13.5,59.24
3051,pa235,co50,San José,2026-09-02 12:37:16,2026-09-02 13:14:16,10.6,47.5
3052,pa161,co78,San José,2026-09-25 20:20:59,2026-09-25 21:04:59,12.9,72.03
3053,pa061,co41,Managua,2026-09-14 09:31:13,2026-09-14 09:57:13,11.9,65.02
3054,pa165,co17,San José,2026-09-19 21:15:46,2026-09-19 22:17:46,23.4,110.29
3055,pa050,co51,San Salvador,2026-09-01 01:57:38,2026-09-01 02:09:38,5.6,27.62
3056,pa111,co39,San José,2026-09-07 07:44:47,2026-09-07 08:31:47,18.4,74.75
3057,pa262,co07,San José,2026-09-30 18:02:54,2026-09-30 18:16:54,6.4,34.36
3058,pa195,co59,Managua,2026-09-23 12:07:59,2026-09-23 13:34:59,22.0,108.5
3059,pa083,co77,San Salvador,2026-09-28 16:31:33,2026-09-28 17:19:33,14.5,71.82
3060,pa193,co76,Tegucigalpa,2026-09-19 07:28:03,2026-09-19 07:50:03,8.3,38.51
3061,pa258,co73,Managua,2026-09-28 12:46:11,2026-09-28 13:30:11,15.1,72.87
3062,pa251,co03,Guatemala,2026-09-28 12:32:06,2026-09-28 12:44:06,5.8,34.57
3063,pa111,co51,San Salvador,2026-09-07 16:25:08,2026-09-07 17:14:08,14.9,65.12
3064,pa126,co20,San José,2026-09-28 20:56:24,2026-09-28 21:13:24,7.0,41.93
3065,pa161,co41,Managua,2026-09-12 15:16:44,2026-09-12 16:08:44,17.1,84.39
3066,pa211,co21,San José,2026-09-05 05:33:41,2026-09-05 05:45:41,5.3,32.79
3067,pa155,co36,San José,2026-09-27 08:50:51,2026-09-27 09:29:51,13.9,76.87
3068,pa151,co67,San Salvador,2026-09-14 09:11:57,2026-09-14 09:17:57,1.8,16.01
3069,pa252,co25,Guatemala,2026-09-19 06:21:55,2026-09-19 07:12:55,16.4,70.4
3070,pa272,co60,Tegucigalpa,2026-09-26 20:26:38,2026-09-26 21:07:38,15.6,80.35
3071,pa300,co15,Tegucigalpa,2026-09-25 18:52:39,2026-09-25 19:05:39,4.1,26.87
3072,pa063,co21,San José,2026-09-26 17:09:40,2026-09-26 18:09:40,24.5,123.99
3073,pa026,co21,San José,2026-09-06 21:48:07,2026-09-06 22:31:07,16.3,79.4
3074,pa096,co50,San José,2026-09-21 13:02:24,2026-09-21 14:05:24,21.7,90.98
3075,pa035,co23,Guatemala,2026-09-26 12:18:25,2026-09-26 12:50:25,11.8,50.72
3076,pa230,co67,San Salvador,2026-09-25 12:44:41,2026-09-25 13:12:41,12.8,62.33
3077,pa235,co29,San José,2026-09-03 18:04:18,2026-09-03 18:49:18,11.9,67.12
3078,pa147,co19,San Salvador,2026-09-28 13:04:01,2026-09-28 13:24:01,8.0,37.96
3079,pa181,co26,Tegucigalpa,2026-09-28 23:19:34,2026-09-28 23:59:34,10.3,55.79
3080,pa086,co72,Guatemala,2026-09-07 17:08:06,2026-09-07 17:13:06,2.5,18.9
3081,pa149,co12,San Salvador,2026-09-20 22:30:30,2026-09-20 23:02:30,13.6,65.11
3082,pa170,co08,Guatemala,2026-09-07 21:07:46,2026-09-07 21:24:46,7.2,37.16
3083,pa109,co47,Managua,2026-09-26 23:45:42,2026-09-27 00:30:42,13.8,75.04
3084,pa280,co01,San José,2026-09-18 20:36:16,2026-09-18 21:22:16,14.9,68.82
3085,pa115,co51,San Salvador,2026-09-15 05:22:29,2026-09-15 06:03:29,15.0,61.92
3086,pa006,co21,San José,2026-09-09 13:15:37,2026-09-09 13:55:37,11.2,62.64
3087,pa057,co76,Tegucigalpa,2026-09-27 20:10:47,2026-09-27 20:22:47,3.4,23.88
3088,pa164,co65,Guatemala,2026-09-12 17:25:18,2026-09-12 18:24:18,19.7,95.79
3089,pa113,co32,San José,2026-09-16 08:47:50,2026-09-16 09:50:50,22.3,94.73
3090,pa235,co38,San Salvador,2026-09-30 05:47:38,2026-09-30 05:53:38,2.1,17.54
3091,pa232,co10,Managua,2026-09-25 20:45:56,2026-09-25 21:04:56,8.1,44.66
3092,pa142,co30,San José,2026-09-10 22:07:43,2026-09-10 23:11:43,19.0,75.43
3093,pa112,co73,Managua,2026-09-05 07:47:17,2026-09-05 08:42:17,16.0,65.3
3094,pa267,co29,San José,2026-09-30 15:16:32,2026-09-30 15:31:32,5.6,30.46
3095,pa166,co46,San Salvador,2026-09-03 20:07:10,2026-09-03 21:17:10,19.8,85.33
3096,pa180,co48,Managua,2026-09-06 06:01:11,2026-09-06 06:28:11,12.6,68.16
3097,pa015,co33,Tegucigalpa,2026-09-14 06:54:36,2026-09-14 07:12:36,4.9,27.56
3098,pa228,co59,Managua,2026-09-14 07:48:14,2026-09-14 08:30:14,11.7,62.32
3099,pa244,co34,Tegucigalpa,2026-09-23 03:32:08,2026-09-23 03:52:08,9.4,53.67
3100,pa249,co78,San José,2026-09-30 17:02:29,2026-09-30 17:20:29,8.4,47.06
3101,pa096,co39,San José,2026-09-10 17:03:13,2026-09-10 17:35:13,11.7,49.48
3102,pa153,co32,San José,2026-09-30 20:27:48,2026-09-30 20:43:48,6.4,38.11
3103,pa193,co46,San Salvador,2026-09-01 14:02:10,2026-09-01 15:16:10,23.2,100.63
3104,pa067,co61,Guatemala,2026-09-18 11:46:06,2026-09-18 12:25:06,13.4,55.63
3105,pa296,co28,Guatemala,2026-09-24 20:08:48,2026-09-24 20:57:48,14.3,58.97
3106,pa189,co30,San José,2026-09-23 15:21:37,2026-09-23 15:57:37,9.7,44.27
3107,pa022,co72,Guatemala,2026-09-03 07:06:37,2026-09-03 08:11:37,16.3,68.92
3108,pa282,co37,Tegucigalpa,2026-09-28 21:57:06,2026-09-28 22:31:06,13.8,63.81
3109,pa119,co26,Tegucigalpa,2026-09-04 06:49:33,2026-09-04 07:36:33,14.6,71.58
3110,pa082,co54,Managua,2026-09-28 10:50:28,2026-09-28 12:04:28,22.4,96.51
3111,pa172,co43,San Salvador,2026-09-11 17:24:39,2026-09-11 18:16:39,20.7,81.29
3112,pa299,co44,Guatemala,2026-09-17 06:30:50,2026-09-17 07:08:50,9.8,53.24
3113,pa160,co63,Managua,2026-09-04 19:14:50,2026-09-04 19:42:50,10.2,58.35
3114,pa278,co63,Managua,2026-09-06 19:08:24,2026-09-06 19:44:24,17.9,91.96
3115,pa239,co47,Managua,2026-09-07 12:24:02,2026-09-07 12:47:02,11.3,48.05
3116,pa165,co56,San José,2026-09-10 16:33:21,2026-09-10 17:30:21,23.4,120.29
3117,pa148,co03,Guatemala,2026-09-18 15:11:16,2026-09-18 15:23:16,5.7,28.91
3118,pa099,co40,Managua,2026-09-05 19:48:09,2026-09-05 21:05:09,21.2,94.6
3119,pa143,co39,San José,2026-09-24 13:00:25,2026-09-24 13:46:25,19.3,93.44
3120,pa084,co74,San Salvador,2026-09-20 06:15:48,2026-09-20 06:56:48,13.7,75.19
3121,pa025,co63,Managua,2026-09-22 08:44:34,2026-09-22 09:09:34,12.4,55.28
3122,pa170,co07,San José,2026-09-07 20:56:33,2026-09-07 21:20:33,11.5,62.39
3123,pa151,co55,San José,2026-09-02 20:07:43,2026-09-02 20:27:43,5.6,34.84
3124,pa170,co73,Managua,2026-09-04 18:25:54,2026-09-04 18:44:54,5.3,31.75
3125,pa196,co14,Guatemala,2026-09-07 11:59:49,2026-09-07 12:37:49,17.9,83.21
3126,pa078,co54,Managua,2026-09-05 06:04:29,2026-09-05 06:49:29,15.7,71.38
3127,pa024,co13,San José,2026-09-28 10:10:23,2026-09-28 10:41:23,11.1,54.59
3128,pa106,co74,San Salvador,2026-09-17 02:34:38,2026-09-17 02:57:38,6.0,29.69
3129,pa126,co42,San José,2026-09-18 05:07:33,2026-09-18 05:59:33,13.5,74.38
3130,pa118,co72,Guatemala,2026-09-15 06:03:58,2026-09-15 06:39:58,14.7,72.09
3131,pa001,co10,Managua,2026-09-01 08:37:55,2026-09-01 09:26:55,16.4,69.29
3132,pa128,co60,Tegucigalpa,2026-09-16 20:18:31,2026-09-16 21:30:31,20.2,84.93
3133,pa122,co28,Guatemala,2026-09-08 19:21:45,2026-09-08 19:49:45,13.1,59.17
3134,pa100,co58,San Salvador,2026-09-19 14:11:36,2026-09-19 14:51:36,11.4,48.77
3135,pa148,co28,Guatemala,2026-09-06 15:19:20,2026-09-06 15:25:20,3.1,23.32
3136,pa123,co37,Tegucigalpa,2026-09-02 19:48:24,2026-09-02 20:26:24,11.4,50.43
3137,pa218,co21,San José,2026-09-25 13:49:03,2026-09-25 14:40:03,18.7,74.39
3138,pa051,co22,Tegucigalpa,2026-09-14 07:51:30,2026-09-14 08:59:30,21.6,93.08
3139,pa297,co76,Tegucigalpa,2026-09-09 20:29:03,2026-09-09 21:11:03,15.3,83.11
3140,pa286,co61,Guatemala,2026-09-28 19:58:19,2026-09-28 20:12:19,3.9,26.64
3141,pa251,co13,San José,2026-09-06 07:20:22,2026-09-06 08:51:22,24.0,124.6
3142,pa291,co60,Tegucigalpa,2026-09-18 22:40:27,2026-09-18 23:37:27,24.9,124.4
3143,pa052,co14,Guatemala,2026-09-13 16:35:15,2026-09-13 17:34:15,17.9,79.92
3144,pa251,co65,Guatemala,2026-09-20 14:08:26,2026-09-20 15:07:26,23.4,109.62
3145,pa096,co46,San Salvador,2026-09-21 11:45:09,2026-09-21 12:15:09,8.2,47.75
3146,pa133,co51,San Salvador,2026-09-23 16:40:06,2026-09-23 17:00:06,8.7,42.44
3147,pa268,co46,San Salvador,2026-09-03 21:11:50,2026-09-03 21:17:50,2.3,17.91
3148,pa130,co46,San Salvador,2026-09-05 17:14:11,2026-09-05 17:29:11,6.2,35.21
3149,pa176,co29,San José,2026-09-05 16:37:21,2026-09-05 16:44:21,2.5,18.73
3150,pa027,co03,Guatemala,2026-09-04 08:45:18,2026-09-04 09:16:18,8.8,51.49
3151,pa173,co19,San Salvador,2026-09-28 12:36:18,2026-09-28 13:35:18,19.6,78.64
3152,pa179,co56,San José,2026-09-25 13:09:35,2026-09-25 14:03:35,19.7,90.27
3153,pa047,co56,San José,2026-09-07 19:03:03,2026-09-07 19:47:03,15.8,77.57
3154,pa276,co39,San José,2026-09-11 10:10:24,2026-09-11 10:25:24,4.4,26.91
3155,pa025,co06,Tegucigalpa,2026-09-22 21:54:50,2026-09-22 23:15:50,21.4,113.88
3156,pa283,co32,San José,2026-09-14 19:24:38,2026-09-14 20:01:38,10.4,57.69
3157,pa010,co10,Managua,2026-09-19 12:08:41,2026-09-19 12:14:41,3.3,22.42
3158,pa232,co37,Tegucigalpa,2026-09-12 08:18:46,2026-09-12 09:34:46,22.3,97.91
3159,pa063,co09,Managua,2026-09-30 11:11:45,2026-09-30 12:01:45,17.7,84.59
3160,pa274,co70,Tegucigalpa,2026-09-12 22:58:02,2026-09-12 23:45:02,17.3,93.49
3161,pa141,co10,Managua,2026-09-02 18:04:42,2026-09-02 18:26:42,7.5,37.61
3162,pa002,co73,Managua,2026-09-08 06:45:11,2026-09-08 07:51:11,18.7,74.33
3163,pa211,co36,San José,2026-09-20 18:01:51,2026-09-20 19:29:51,22.2,93.86
3164,pa027,co57,Tegucigalpa,2026-09-02 08:50:47,2026-09-02 09:29:47,17.9,74.59
3165,pa096,co03,Guatemala,2026-09-28 09:14:16,2026-09-28 10:04:16,15.4,70.99
3166,pa216,co25,Guatemala,2026-09-03 21:42:22,2026-09-03 22:06:22,10.2,46.36
3167,pa173,co21,San José,2026-09-05 21:46:37,2026-09-05 21:59:37,5.1,29.22
3168,pa193,co56,San José,2026-09-26 18:49:04,2026-09-26 19:16:04,12.2,66.2
3169,pa208,co08,Guatemala,2026-09-24 17:32:25,2026-09-24 17:46:25,3.9,22.01
3170,pa234,co38,San Salvador,2026-09-20 11:18:57,2026-09-20 12:17:57,20.6,104.53
3171,pa262,co37,Tegucigalpa,2026-09-02 11:30:16,2026-09-02 12:10:16,17.2,73.5
3172,pa139,co13,San José,2026-09-12 13:09:42,2026-09-12 13:26:42,5.1,30.24
3173,pa111,co28,Guatemala,2026-09-11 10:20:57,2026-09-11 11:20:57,15.7,73.98
3174,pa028,co43,San Salvador,2026-09-21 20:35:37,2026-09-21 20:44:37,3.5,21.1
3175,pa295,co29,San José,2026-09-21 11:34:43,2026-09-21 12:02:43,12.9,72.06
3176,pa192,co76,Tegucigalpa,2026-09-22 07:55:18,2026-09-22 08:23:18,14.3,77.51
3177,pa219,co34,Tegucigalpa,2026-09-23 17:31:39,2026-09-23 18:22:39,19.6,78.28
3178,pa047,co34,Tegucigalpa,2026-09-20 18:18:45,2026-09-20 18:51:45,8.8,46.79
3179,pa020,co12,San Salvador,2026-09-11 07:29:52,2026-09-11 07:55:52,10.3,55.27
3180,pa090,co59,Managua,2026-09-03 11:42:05,2026-09-03 11:47:05,2.7,19.92
3181,pa144,co28,Guatemala,2026-09-29 20:31:53,2026-09-29 21:04:53,10.7,48.9
3182,pa054,co76,Tegucigalpa,2026-09-20 17:42:35,2026-09-20 18:25:35,15.4,63.01
3183,pa162,co59,Managua,2026-09-11 10:58:22,2026-09-11 12:31:22,23.9,103.09
3184,pa290,co28,Guatemala,2026-09-15 15:36:33,2026-09-15 16:00:33,8.3,44.36
3185,pa172,co34,Tegucigalpa,2026-09-04 07:21:39,2026-09-04 07:48:39,12.5,59.47
3186,pa001,co43,San Salvador,2026-09-13 14:17:53,2026-09-13 14:29:53,5.2,32.23
3187,pa236,co14,Guatemala,2026-09-17 21:23:23,2026-09-17 22:02:23,11.9,66.18
3188,pa102,co59,Managua,2026-09-26 20:29:26,2026-09-26 21:40:26,24.5,105.72
3189,pa126,co51,San Salvador,2026-09-17 19:14:03,2026-09-17 20:37:03,22.9,100.56
3190,pa203,co56,San José,2026-09-20 11:59:46,2026-09-20 13:20:46,20.7,96.52
3191,pa232,co39,San José,2026-09-02 10:10:09,2026-09-02 10:26:09,6.1,32.56
3192,pa287,co73,Managua,2026-09-25 17:46:15,2026-09-25 18:19:15,15.8,69.65
3193,pa262,co24,San José,2026-09-01 12:15:20,2026-09-01 13:07:20,16.0,75.96
3194,pa245,co61,Guatemala,2026-09-13 20:53:01,2026-09-13 21:06:01,4.0,27.26
3195,pa173,co70,Tegucigalpa,2026-09-05 04:06:25,2026-09-05 04:18:25,3.4,24.1
3196,pa202,co28,Guatemala,2026-09-19 15:45:04,2026-09-19 16:38:04,19.4,81.55
3197,pa063,co57,Tegucigalpa,2026-09-14 12:46:11,2026-09-14 13:14:11,11.3,60.64
3198,pa033,co77,San Salvador,2026-09-20 09:54:42,2026-09-20 11:01:42,21.4,97.42
3199,pa154,co20,San José,2026-09-10 09:14:51,2026-09-10 09:20:51,2.9,21.65
3200,pa099,co03,Guatemala,2026-09-27 02:12:51,2026-09-27 02:54:51,21.2,99.9
3201,pa068,co07,San José,2026-09-04 21:45:07,2026-09-04 22:37:07,13.8,75.81
3202,pa019,co51,San Salvador,2026-09-03 14:48:46,2026-09-03 16:08:46,21.3,111.85
3203,pa210,co22,Tegucigalpa,2026-09-15 08:32:10,2026-09-15 09:33:10,21.2,99.24
3204,pa089,co24,San José,2026-09-16 22:54:54,2026-09-16 23:56:54,16.9,87.85
3205,pa128,co78,San José,2026-09-03 00:07:39,2026-09-03 00:30:39,7.2,36.9
3206,pa278,co57,Tegucigalpa,2026-09-07 12:45:04,2026-09-07 12:51:04,2.6,19.47
3207,pa123,co73,Managua,2026-09-10 17:25:16,2026-09-10 18:17:16,15.7,69.54
3208,pa022,co61,Guatemala,2026-09-19 05:45:04,2026-09-19 06:04:04,4.9,25.29
3209,pa089,co72,Guatemala,2026-09-24 22:04:15,2026-09-24 22:19:15,6.1,30.45
3210,pa216,co15,Tegucigalpa,2026-09-21 17:23:34,2026-09-21 17:31:34,3.0,18.88
3211,pa051,co38,San Salvador,2026-09-18 11:30:10,2026-09-18 11:56:10,11.0,57.71
3212,pa105,co59,Managua,2026-09-15 01:52:59,2026-09-15 03:06:59,24.7,95.38
3213,pa216,co29,San José,2026-09-03 19:47:24,2026-09-03 20:57:24,23.7,92.38
3214,pa123,co02,San José,2026-09-09 12:20:12,2026-09-09 13:04:12,12.4,57.34
3215,pa265,co10,Managua,2026-09-02 10:24:03,2026-09-02 11:05:03,12.0,58.31
3216,pa118,co12,San Salvador,2026-09-05 13:42:45,2026-09-05 14:45:45,18.1,76.48
3217,pa018,co61,Guatemala,2026-09-02 23:52:08,2026-09-03 00:04:08,3.8,23.94
3218,pa246,co01,San José,2026-09-18 08:01:37,2026-09-18 09:14:37,25.0,96.17
3219,pa287,co03,Guatemala,2026-09-28 07:21:10,2026-09-28 07:45:10,9.2,44.92
3220,pa004,co53,Managua,2026-09-30 06:49:19,2026-09-30 07:23:19,9.3,54.22
3221,pa268,co03,Guatemala,2026-09-15 19:44:34,2026-09-15 20:36:34,24.2,110.37
3222,pa047,co44,Guatemala,2026-09-26 19:22:35,2026-09-26 20:05:35,14.9,73.49
3223,pa024,co37,Tegucigalpa,2026-09-01 23:08:02,2026-09-01 23:36:02,8.5,43.44
3224,pa072,co12,San Salvador,2026-09-23 20:54:06,2026-09-23 22:16:06,23.2,114.86
3225,pa131,co05,Tegucigalpa,2026-09-14 20:02:10,2026-09-14 20:32:10,9.1,49.35
3226,pa129,co56,San José,2026-09-26 18:07:10,2026-09-26 18:12:10,2.3,16.17
3227,pa220,co41,Managua,2026-09-30 07:38:58,2026-09-30 08:23:58,21.2,86.97
3228,pa050,co27,Tegucigalpa,2026-09-26 14:24:14,2026-09-26 14:57:14,9.3,49.6
3229,pa087,co57,Tegucigalpa,2026-09-20 23:12:58,2026-09-20 23:19:58,3.0,18.55
3230,pa157,co32,San José,2026-09-20 00:21:33,2026-09-20 00:50:33,10.4,48.07
3231,pa070,co10,Managua,2026-09-10 05:52:53,2026-09-10 06:32:53,10.5,46.1
3232,pa181,co70,Tegucigalpa,2026-09-27 13:01:19,2026-09-27 14:25:19,24.8,106.67
3233,pa256,co37,Tegucigalpa,2026-09-11 17:31:19,2026-09-11 18:35:19,19.1,79.39
3234,pa272,co10,Managua,2026-09-14 19:01:17,2026-09-14 19:18:17,5.7,30.31
3235,pa094,co02,San José,2026-09-10 04:13:49,2026-09-10 04:21:49,2.8,19.19
3236,pa084,co51,San Salvador,2026-09-20 13:10:50,2026-09-20 14:11:50,16.2,68.29
3237,pa279,co51,San Salvador,2026-09-20 09:02:37,2026-09-20 09:52:37,15.1,72.31
3238,pa003,co45,San José,2026-09-29 11:55:27,2026-09-29 12:58:27,20.3,93.87
3239,pa188,co76,Tegucigalpa,2026-09-25 07:04:00,2026-09-25 07:15:00,3.6,23.74
3240,pa159,co28,Guatemala,2026-09-04 11:02:19,2026-09-04 11:29:19,10.3,57.42
3241,pa041,co06,Tegucigalpa,2026-09-09 15:35:43,2026-09-09 16:33:43,15.6,76.74
3242,pa151,co41,Managua,2026-09-09 15:24:06,2026-09-09 16:04:06,14.5,61.77
3243,pa162,co72,Guatemala,2026-09-19 21:20:55,2026-09-19 21:38:55,4.6,30.04
3244,pa213,co26,Tegucigalpa,2026-09-18 20:12:00,2026-09-18 20:38:00,6.6,38.88
3245,pa072,co04,Tegucigalpa,2026-09-28 19:18:01,2026-09-28 19:55:01,18.7,91.97
3246,pa026,co01,San José,2026-09-02 20:44:42,2026-09-02 21:38:42,13.9,71.81
3247,pa220,co02,San José,2026-09-28 08:47:38,2026-09-28 09:20:38,10.5,51.62
3248,pa112,co80,San Salvador,2026-09-19 13:54:35,2026-09-19 14:11:35,6.4,34.9
3249,pa288,co02,San José,2026-09-23 20:20:59,2026-09-23 21:24:59,23.2,118.01
3250,pa147,co21,San José,2026-09-17 08:06:20,2026-09-17 09:16:20,20.9,84.5
3251,pa153,co72,Guatemala,2026-09-09 11:36:18,2026-09-09 12:05:18,9.6,45.89
3252,pa291,co65,Guatemala,2026-09-07 07:57:46,2026-09-07 08:48:46,23.7,100.15
3253,pa265,co14,Guatemala,2026-09-27 13:41:47,2026-09-27 14:23:47,16.3,71.82
3254,pa203,co70,Tegucigalpa,2026-09-08 20:59:09,2026-09-08 21:26:09,8.4,49.29
3255,pa008,co29,San José,2026-09-15 19:30:32,2026-09-15 20:10:32,15.5,66.33
3256,pa203,co61,Guatemala,2026-09-16 13:31:06,2026-09-16 13:55:06,8.4,39.36
3257,pa133,co74,San Salvador,2026-09-06 11:27:51,2026-09-06 12:34:51,22.4,115.38
3258,pa141,co73,Managua,2026-09-22 20:44:12,2026-09-22 21:38:12,15.3,68.51
3259,pa230,co59,Managua,2026-09-05 17:04:50,2026-09-05 18:34:50,24.1,103.46
3260,pa203,co49,San Salvador,2026-09-22 08:48:55,2026-09-22 09:06:55,7.6,39.73
3261,pa068,co56,San José,2026-09-20 16:54:19,2026-09-20 17:42:19,16.3,73.89
3262,pa159,co60,Tegucigalpa,2026-09-06 12:15:38,2026-09-06 12:20:38,1.7,15.35
3263,pa149,co26,Tegucigalpa,2026-09-21 09:19:44,2026-09-21 09:51:44,8.5,38.64
3264,pa215,co08,Guatemala,2026-09-19 13:41:22,2026-09-19 13:45:22,2.3,18.16
3265,pa214,co64,San José,2026-09-17 20:39:30,2026-09-17 21:40:30,15.9,77.69
3266,pa071,co38,San Salvador,2026-09-30 12:11:53,2026-09-30 12:50:53,17.3,73.72
3267,pa154,co67,San Salvador,2026-09-05 18:48:50,2026-09-05 19:14:50,9.0,46.07
3268,pa246,co08,Guatemala,2026-09-29 16:06:21,2026-09-29 16:54:21,16.0,66.88
3269,pa215,co15,Tegucigalpa,2026-09-19 20:58:12,2026-09-19 21:37:12,16.6,70.01
3270,pa243,co61,Guatemala,2026-09-04 13:10:11,2026-09-04 13:53:11,13.5,58.74
3271,pa293,co39,San José,2026-09-29 19:14:26,2026-09-29 20:36:26,21.9,104.84
3272,pa076,co61,Guatemala,2026-09-20 18:56:33,2026-09-20 19:31:33,11.5,50.65
3273,pa191,co34,Tegucigalpa,2026-09-14 14:20:16,2026-09-14 15:24:16,20.6,82.52
3274,pa084,co49,San Salvador,2026-09-06 23:58:19,2026-09-07 01:13:19,20.4,81.24
3275,pa209,co77,San Salvador,2026-09-08 19:08:52,2026-09-08 19:41:52,14.8,81.4
3276,pa234,co72,Guatemala,2026-09-17 17:12:34,2026-09-17 17:29:34,4.8,30.64
3277,pa070,co39,San José,2026-09-12 14:29:11,2026-09-12 15:31:11,18.9,101.16
3278,pa034,co63,Managua,2026-09-07 13:31:33,2026-09-07 13:54:33,9.8,52.22
3279,pa267,co72,Guatemala,2026-09-19 13:43:15,2026-09-19 14:12:15,11.2,48.39
3280,pa286,co01,San José,2026-09-14 21:17:00,2026-09-14 22:35:00,20.9,85.25
3281,pa203,co70,Tegucigalpa,2026-09-27 14:32:43,2026-09-27 14:57:43,10.6,50.79
3282,pa111,co74,San Salvador,2026-09-27 18:08:45,2026-09-27 18:22:45,4.1,28.39
3283,pa167,co38,San Salvador,2026-09-04 13:16:26,2026-09-04 13:27:26,3.6,25.09
3284,pa289,co26,Tegucigalpa,2026-09-26 17:38:47,2026-09-26 17:59:47,8.1,47.97
3285,pa131,co28,Guatemala,2026-09-17 16:56:47,2026-09-17 17:38:47,13.6,65.69
3286,pa261,co44,Guatemala,2026-09-17 15:58:18,2026-09-17 16:29:18,12.9,58.36
3287,pa071,co57,Tegucigalpa,2026-09-21 12:02:14,2026-09-21 12:45:14,17.9,73.82
3288,pa179,co67,San Salvador,2026-09-12 16:51:29,2026-09-12 16:59:29,3.2,22.46
3289,pa026,co15,Tegucigalpa,2026-09-24 11:48:40,2026-09-24 12:55:40,20.5,90.97
3290,pa167,co57,Tegucigalpa,2026-09-04 20:55:09,2026-09-04 21:13:09,9.4,48.71
3291,pa168,co50,San José,2026-09-29 20:01:06,2026-09-29 21:08:06,19.0,75.88
3292,pa244,co43,San Salvador,2026-09-07 20:34:51,2026-09-07 21:25:51,16.2,85.36
3293,pa269,co61,Guatemala,2026-09-03 20:53:37,2026-09-03 21:39:37,21.1,96.61
3294,pa076,co66,San Salvador,2026-09-07 23:52:16,2026-09-08 00:46:16,16.0,71.43
3295,pa095,co05,Tegucigalpa,2026-09-15 15:37:53,2026-09-15 16:51:53,24.8,130.34
3296,pa258,co76,Tegucigalpa,2026-09-26 19:34:11,2026-09-26 19:53:11,8.1,44.59
3297,pa214,co35,San José,2026-09-23 12:24:33,2026-09-23 12:53:33,11.9,52.96
3298,pa269,co32,San José,2026-09-24 08:04:05,2026-09-24 09:04:05,17.8,81.61
3299,pa190,co48,Managua,2026-09-30 20:04:41,2026-09-30 20:54:41,19.2,99.13
3300,pa071,co20,San José,2026-09-09 11:18:13,2026-09-09 12:06:13,17.5,93.33
3301,pa034,co51,San Salvador,2026-09-24 21:34:24,2026-09-24 22:48:24,18.8,86.82
3302,pa163,co42,San José,2026-09-20 10:45:49,2026-09-20 11:42:49,15.3,83.52
3303,pa075,co77,San Salvador,2026-09-05 07:11:46,2026-09-05 08:00:46,19.3,95.74
3304,pa116,co21,San José,2026-09-30 16:46:30,2026-09-30 17:22:30,13.1,63.57
3305,pa070,co41,Managua,2026-09-17 12:57:21,2026-09-17 13:21:21,10.2,46.03
3306,pa160,co23,Guatemala,2026-09-21 05:10:22,2026-09-21 06:11:22,17.2,87.32
3307,pa003,co37,Tegucigalpa,2026-09-14 14:41:43,2026-09-14 14:47:43,2.0,15.14
3308,pa190,co67,San Salvador,2026-09-22 19:57:02,2026-09-22 20:32:02,10.5,54.35
3309,pa176,co14,Guatemala,2026-09-10 16:23:46,2026-09-10 17:17:46,13.8,56.96
3310,pa143,co72,Guatemala,2026-09-18 20:01:35,2026-09-18 20:17:35,4.6,30.46
3311,pa151,co56,San José,2026-09-16 09:01:48,2026-09-16 09:55:48,18.7,83.22
3312,pa011,co04,Tegucigalpa,2026-09-24 20:05:22,2026-09-24 21:01:22,20.5,94.76
3313,pa006,co39,San José,2026-09-08 12:52:36,2026-09-08 13:55:36,19.2,88.39
3314,pa096,co52,Tegucigalpa,2026-09-25 17:25:42,2026-09-25 17:52:42,9.1,47.7
3315,pa288,co59,Managua,2026-09-27 21:03:31,2026-09-27 21:20:31,5.7,32.18
3316,pa060,co03,Guatemala,2026-09-16 15:20:51,2026-09-16 16:14:51,20.7,80.83
3317,pa296,co05,Tegucigalpa,2026-09-29 08:25:06,2026-09-29 08:30:06,1.6,13.83
3318,pa010,co10,Managua,2026-09-18 21:03:56,2026-09-18 21:49:56,15.0,60.94
3319,pa113,co15,Tegucigalpa,2026-09-02 17:59:37,2026-09-02 18:15:37,4.7,29.47
3320,pa170,co04,Tegucigalpa,2026-09-27 14:36:23,2026-09-27 15:38:23,24.6,124.04
3321,pa100,co51,San Salvador,2026-09-24 08:05:03,2026-09-24 08:32:03,9.6,55.38
3322,pa172,co17,San José,2026-09-04 07:28:16,2026-09-04 08:16:16,14.1,65.27
3323,pa111,co21,San José,2026-09-15 13:07:41,2026-09-15 13:22:41,5.1,26.79
3324,pa199,co19,San Salvador,2026-09-16 18:02:06,2026-09-16 19:11:06,22.6,88.76
3325,pa046,co34,Tegucigalpa,2026-09-05 18:17:07,2026-09-05 18:40:07,6.6,31.5
3326,pa271,co05,Tegucigalpa,2026-09-20 19:17:27,2026-09-20 20:29:27,22.6,107.51
3327,pa020,co49,San Salvador,2026-09-30 17:06:55,2026-09-30 18:10:55,16.5,79.2
3328,pa037,co24,San José,2026-09-27 11:12:01,2026-09-27 12:06:01,14.7,71.29
3329,pa079,co15,Tegucigalpa,2026-09-03 13:55:00,2026-09-03 14:40:00,11.5,53.52
3330,pa190,co60,Tegucigalpa,2026-09-10 16:51:04,2026-09-10 17:49:04,23.3,93.99
3331,pa259,co39,San José,2026-09-20 00:38:48,2026-09-20 01:10:48,8.7,50.23
3332,pa086,co46,San Salvador,2026-09-20 18:49:06,2026-09-20 18:59:06,3.7,22.12
3333,pa196,co26,Tegucigalpa,2026-09-07 07:23:17,2026-09-07 08:33:17,21.9,93.7
3334,pa256,co39,San José,2026-09-21 11:06:37,2026-09-21 11:47:37,10.4,54.75
3335,pa235,co61,Guatemala,2026-09-28 11:03:51,2026-09-28 11:43:51,12.2,64.01
3336,pa037,co63,Managua,2026-09-01 10:44:07,2026-09-01 11:10:07,7.6,41.21
3337,pa019,co32,San José,2026-09-21 16:51:36,2026-09-21 16:59:36,3.9,22.87
3338,pa227,co25,Guatemala,2026-09-10 13:39:56,2026-09-10 14:59:56,20.8,93.43
3339,pa099,co46,San Salvador,2026-09-15 06:34:42,2026-09-15 06:40:42,2.3,17.27
3340,pa203,co20,San José,2026-09-06 13:12:39,2026-09-06 14:38:39,24.4,110.49
3341,pa249,co17,San José,2026-09-11 12:33:44,2026-09-11 13:12:44,18.8,86.0
3342,pa040,co21,San José,2026-09-18 09:37:21,2026-09-18 10:16:21,17.0,72.92
3343,pa012,co70,Tegucigalpa,2026-09-25 21:51:03,2026-09-25 22:21:03,10.7,48.68
3344,pa220,co33,Tegucigalpa,2026-09-21 18:09:13,2026-09-21 18:37:13,9.8,44.77
3345,pa023,co48,Managua,2026-09-27 11:35:23,2026-09-27 11:44:23,2.7,18.61
3346,pa127,co76,Tegucigalpa,2026-09-14 17:48:03,2026-09-14 18:06:03,4.8,27.56
3347,pa286,co39,San José,2026-09-07 20:45:19,2026-09-07 21:40:19,16.5,87.81
3348,pa035,co49,San Salvador,2026-09-25 01:41:13,2026-09-25 02:12:13,11.2,58.17
3349,pa172,co60,Tegucigalpa,2026-09-19 20:53:15,2026-09-19 21:42:15,22.4,94.86
3350,pa086,co03,Guatemala,2026-09-07 15:49:19,2026-09-07 16:12:19,6.0,29.3
3351,pa131,co37,Tegucigalpa,2026-09-11 15:53:26,2026-09-11 16:27:26,14.1,62.09
3352,pa275,co11,Tegucigalpa,2026-09-13 11:42:05,2026-09-13 13:07:05,24.5,109.46
3353,pa234,co43,San Salvador,2026-09-03 06:39:01,2026-09-03 06:57:01,6.3,35.34
3354,pa126,co03,Guatemala,2026-09-14 09:29:34,2026-09-14 10:10:34,13.8,61.56
3355,pa035,co15,Tegucigalpa,2026-09-24 16:52:27,2026-09-24 17:10:27,5.5,32.14
3356,pa071,co07,San José,2026-09-27 01:29:07,2026-09-27 01:52:07,9.9,52.48
3357,pa297,co65,Guatemala,2026-09-27 18:22:12,2026-09-27 19:22:12,15.3,68.57
3358,pa165,co57,Tegucigalpa,2026-09-16 06:12:58,2026-09-16 06:47:58,14.9,64.5
3359,pa126,co21,San José,2026-09-25 09:56:06,2026-09-25 10:29:06,12.6,59.38
3360,pa077,co64,San José,2026-09-21 16:03:20,2026-09-21 16:26:20,8.5,48.84
3361,pa026,co59,Managua,2026-09-12 17:53:26,2026-09-12 18:47:26,15.1,71.84
3362,pa082,co12,San Salvador,2026-09-01 10:07:07,2026-09-01 11:12:07,18.5,97.72
3363,pa072,co56,San José,2026-09-08 20:42:23,2026-09-08 21:24:23,17.0,81.41
3364,pa207,co54,Managua,2026-09-21 15:29:37,2026-09-21 17:05:37,24.5,103.53
3365,pa029,co37,Tegucigalpa,2026-09-09 07:08:16,2026-09-09 08:12:16,23.6,114.83
3366,pa210,co31,Tegucigalpa,2026-09-27 17:41:48,2026-09-27 18:12:48,12.8,70.4
3367,pa089,co65,Guatemala,2026-09-18 19:15:18,2026-09-18 19:44:18,14.5,79.51
3368,pa197,co28,Guatemala,2026-09-09 13:26:14,2026-09-09 14:08:14,15.2,63.72
3369,pa207,co61,Guatemala,2026-09-05 12:45:29,2026-09-05 13:40:29,19.5,98.24
3370,pa192,co11,Tegucigalpa,2026-09-18 11:15:02,2026-09-18 11:41:02,10.6,55.38
3371,pa220,co15,Tegucigalpa,2026-09-18 21:26:52,2026-09-18 22:11:52,12.3,51.52
3372,pa131,co31,Tegucigalpa,2026-09-17 16:24:51,2026-09-17 17:42:51,20.7,97.45
3373,pa191,co17,San José,2026-09-19 07:11:05,2026-09-19 07:36:05,11.5,56.19
3374,pa070,co19,San Salvador,2026-09-13 13:59:40,2026-09-13 14:28:40,7.8,37.01
3375,pa202,co13,San José,2026-09-28 15:48:23,2026-09-28 16:19:23,13.8,62.84
3376,pa285,co31,Tegucigalpa,2026-09-26 23:34:23,2026-09-27 01:05:23,23.9,101.14
3377,pa155,co42,San José,2026-09-10 21:16:44,2026-09-10 21:31:44,5.7,36.1
3378,pa251,co61,Guatemala,2026-09-06 14:00:33,2026-09-06 14:26:33,12.5,53.6
3379,pa016,co67,San Salvador,2026-09-18 13:41:34,2026-09-18 14:36:34,22.6,114.49
3380,pa168,co76,Tegucigalpa,2026-09-04 10:42:00,2026-09-04 11:40:00,23.9,122.36
3381,pa190,co59,Managua,2026-09-20 17:54:03,2026-09-20 18:35:03,10.6,45.91
3382,pa276,co72,Guatemala,2026-09-13 15:43:53,2026-09-13 16:16:53,14.8,69.68
3383,pa096,co39,San José,2026-09-18 08:53:17,2026-09-18 09:50:17,18.8,82.35
3384,pa011,co20,San José,2026-09-10 21:16:42,2026-09-10 21:30:42,6.1,29.9
3385,pa165,co03,Guatemala,2026-09-02 18:51:17,2026-09-02 19:00:17,4.3,23.32
3386,pa299,co80,San Salvador,2026-09-06 18:42:10,2026-09-06 19:01:10,5.9,36.29
3387,pa042,co56,San José,2026-09-17 16:48:06,2026-09-17 17:39:06,20.3,92.24
3388,pa258,co40,Managua,2026-09-21 19:30:01,2026-09-21 19:58:01,13.6,66.69
3389,pa011,co51,San Salvador,2026-09-15 15:14:34,2026-09-15 15:24:34,4.0,25.96
3390,pa272,co51,San Salvador,2026-09-20 15:45:52,2026-09-20 16:09:52,8.3,42.78
3391,pa099,co37,Tegucigalpa,2026-09-08 16:20:26,2026-09-08 17:18:26,18.4,77.53
3392,pa271,co72,Guatemala,2026-09-06 16:00:17,2026-09-06 16:17:17,4.4,24.27
3393,pa082,co47,Managua,2026-09-29 13:24:57,2026-09-29 13:36:57,5.7,34.12
3394,pa065,co66,San Salvador,2026-09-23 20:07:12,2026-09-23 20:34:12,9.3,43.58
3395,pa155,co46,San Salvador,2026-09-14 17:55:22,2026-09-14 18:47:22,21.9,92.64
3396,pa011,co37,Tegucigalpa,2026-09-24 15:46:39,2026-09-24 16:21:39,11.2,57.17
3397,pa113,co60,Tegucigalpa,2026-09-16 01:29:55,2026-09-16 02:30:55,15.7,82.51
3398,pa020,co15,Tegucigalpa,2026-09-29 17:55:03,2026-09-29 18:10:03,4.2,26.85
3399,pa220,co16,San José,2026-09-19 18:42:15,2026-09-19 19:38:15,21.9,112.62
3400,pa228,co14,Guatemala,2026-09-28 12:26:23,2026-09-28 13:24:23,17.1,76.16
3401,pa283,co28,Guatemala,2026-09-23 08:52:18,2026-09-23 10:11:18,21.8,103.91
3402,pa296,co54,Managua,2026-09-30 09:04:23,2026-09-30 09:10:23,2.2,17.52
3403,pa228,co59,Managua,2026-09-01 18:01:35,2026-09-01 18:42:35,12.1,50.56
3404,pa089,co66,San Salvador,2026-09-19 18:36:33,2026-09-19 18:51:33,5.2,31.04
3405,pa296,co39,San José,2026-09-27 17:57:12,2026-09-27 18:17:12,7.3,35.51
3406,pa005,co01,San José,2026-09-18 06:40:08,2026-09-18 06:46:08,1.7,16.2
3407,pa026,co77,San Salvador,2026-09-02 10:06:45,2026-09-02 10:24:45,7.7,39.48
3408,pa179,co61,Guatemala,2026-09-14 06:02:47,2026-09-14 06:21:47,5.2,27.81
3409,pa177,co13,San José,2026-09-18 11:40:51,2026-09-18 13:04:51,23.9,100.27
3410,pa178,co14,Guatemala,2026-09-05 05:02:07,2026-09-05 05:56:07,23.0,106.96
3411,pa216,co39,San José,2026-09-02 11:18:00,2026-09-02 11:37:00,6.0,30.22
3412,pa135,co37,Tegucigalpa,2026-09-17 23:24:41,2026-09-17 23:40:41,7.1,43.45
3413,pa216,co59,Managua,2026-09-14 18:00:19,2026-09-14 18:16:19,7.6,42.82
3414,pa295,co34,Tegucigalpa,2026-09-25 07:46:45,2026-09-25 08:05:45,7.9,46.43
3415,pa294,co51,San Salvador,2026-09-30 20:57:48,2026-09-30 22:01:48,22.8,105.35
3416,pa024,co17,San José,2026-09-29 18:18:00,2026-09-29 19:05:00,19.0,87.47
3417,pa162,co57,Tegucigalpa,2026-09-29 05:42:55,2026-09-29 05:48:55,2.4,17.22
3418,pa286,co65,Guatemala,2026-09-25 20:19:48,2026-09-25 20:40:48,6.3,36.69
3419,pa103,co73,Managua,2026-09-03 08:13:47,2026-09-03 09:15:47,19.5,95.33
3420,pa080,co37,Tegucigalpa,2026-09-03 07:33:54,2026-09-03 08:37:54,17.1,76.99
3421,pa022,co57,Tegucigalpa,2026-09-25 11:29:38,2026-09-25 13:05:38,24.7,96.39
3422,pa135,co38,San Salvador,2026-09-25 16:50:38,2026-09-25 17:00:38,5.1,31.6
3423,pa085,co08,Guatemala,2026-09-10 18:52:59,2026-09-10 19:58:59,22.1,96.38
3424,pa192,co51,San Salvador,2026-09-18 09:45:51,2026-09-18 11:08:51,22.6,105.25
3425,pa199,co53,Managua,2026-09-01 12:43:35,2026-09-01 14:03:35,21.1,83.38
3426,pa285,co28,Guatemala,2026-09-05 14:53:42,2026-09-05 15:46:42,19.9,88.64
3427,pa278,co43,San Salvador,2026-09-20 19:07:44,2026-09-20 19:19:44,5.2,33.94
3428,pa112,co73,Managua,2026-09-01 13:59:19,2026-09-01 15:14:19,21.9,87.59
3429,pa132,co05,Tegucigalpa,2026-09-04 08:31:01,2026-09-04 08:49:01,5.1,29.64
3430,pa011,co41,Managua,2026-09-06 08:36:53,2026-09-06 08:50:53,6.4,36.22
3431,pa244,co28,Guatemala,2026-09-19 16:12:22,2026-09-19 16:54:22,15.8,82.79
3432,pa234,co32,San José,2026-09-18 07:43:18,2026-09-18 07:46:18,1.9,17.2
3433,pa296,co40,Managua,2026-09-13 20:45:52,2026-09-13 21:53:52,23.1,90.08
3434,pa089,co39,San José,2026-09-03 07:49:34,2026-09-03 08:51:34,20.8,96.17
3435,pa033,co04,Tegucigalpa,2026-09-21 06:23:23,2026-09-21 07:38:23,22.9,114.71
3436,pa296,co56,San José,2026-09-15 12:39:59,2026-09-15 13:34:59,17.8,96.77
3437,pa262,co28,Guatemala,2026-09-22 05:08:56,2026-09-22 05:51:56,11.0,47.41
3438,pa261,co60,Tegucigalpa,2026-09-26 12:55:15,2026-09-26 13:50:15,19.7,94.09
3439,pa192,co46,San Salvador,2026-09-09 15:18:54,2026-09-09 15:59:54,17.6,74.31
3440,pa286,co29,San José,2026-09-14 20:01:45,2026-09-14 20:44:45,12.7,56.02
3441,pa110,co42,San José,2026-09-14 17:32:03,2026-09-14 18:21:03,12.9,54.83
3442,pa222,co74,San Salvador,2026-09-02 18:32:29,2026-09-02 19:19:29,20.3,92.07
3443,pa217,co37,Tegucigalpa,2026-09-20 18:56:34,2026-09-20 19:24:34,10.2,52.67
3444,pa209,co28,Guatemala,2026-09-11 22:18:23,2026-09-11 23:45:23,23.3,107.5
3445,pa298,co57,Tegucigalpa,2026-09-04 02:44:48,2026-09-04 03:12:48,12.5,67.25
3446,pa096,co30,San José,2026-09-29 12:07:20,2026-09-29 12:30:20,11.5,63.97
3447,pa018,co11,Tegucigalpa,2026-09-20 21:47:29,2026-09-20 22:41:29,14.3,78.6
3448,pa209,co65,Guatemala,2026-09-05 06:52:09,2026-09-05 07:37:09,17.9,83.75
3449,pa257,co73,Managua,2026-09-01 17:06:45,2026-09-01 17:47:45,14.2,73.02
3450,pa045,co43,San Salvador,2026-09-05 07:47:09,2026-09-05 08:39:09,16.0,76.41
3451,pa096,co79,Guatemala,2026-09-02 15:59:45,2026-09-02 17:29:45,23.6,91.81
3452,pa297,co25,Guatemala,2026-09-14 19:36:24,2026-09-14 19:47:24,3.1,20.87
3453,pa102,co42,San José,2026-09-06 15:57:33,2026-09-06 16:46:33,13.4,72.11
3454,pa102,co14,Guatemala,2026-09-01 07:11:11,2026-09-01 07:21:11,3.5,21.44
3455,pa053,co49,San Salvador,2026-09-07 15:24:19,2026-09-07 15:52:19,12.9,66.57
3456,pa129,co37,Tegucigalpa,2026-09-02 16:35:37,2026-09-02 16:40:37,1.5,14.67
3457,pa024,co60,Tegucigalpa,2026-09-07 16:00:27,2026-09-07 16:42:27,15.9,66.5
3458,pa078,co42,San José,2026-09-28 09:18:20,2026-09-28 10:15:20,19.3,100.95
3459,pa198,co56,San José,2026-09-18 08:49:02,2026-09-18 09:25:02,16.4,79.23
3460,pa030,co38,San Salvador,2026-09-13 10:28:12,2026-09-13 11:38:12,24.8,98.61
3461,pa036,co50,San José,2026-09-12 11:25:18,2026-09-12 11:38:18,5.5,29.36
3462,pa214,co67,San Salvador,2026-09-24 11:46:01,2026-09-24 12:05:01,5.6,28.25
3463,pa246,co54,Managua,2026-09-27 07:53:24,2026-09-27 08:24:24,12.2,65.86
3464,pa121,co38,San Salvador,2026-09-21 13:40:45,2026-09-21 14:37:45,15.2,82.33
3465,pa011,co65,Guatemala,2026-09-27 20:12:39,2026-09-27 20:51:39,9.9,57.04
3466,pa274,co73,Managua,2026-09-18 04:53:50,2026-09-18 05:16:50,7.4,37.46
3467,pa024,co69,San José,2026-09-04 20:21:21,2026-09-04 20:44:21,11.7,65.12
3468,pa002,co47,Managua,2026-09-20 17:07:51,2026-09-20 18:20:51,21.8,91.78
3469,pa208,co54,Managua,2026-09-01 18:12:27,2026-09-01 18:48:27,9.3,47.92
3470,pa258,co72,Guatemala,2026-09-06 16:00:01,2026-09-06 16:17:01,8.5,40.27
3471,pa216,co17,San José,2026-09-29 16:46:23,2026-09-29 17:29:23,13.9,74.45
3472,pa210,co64,San José,2026-09-29 15:15:24,2026-09-29 16:18:24,21.9,105.14
3473,pa217,co23,Guatemala,2026-09-21 10:35:08,2026-09-21 11:05:08,14.9,61.54
3474,pa094,co08,Guatemala,2026-09-25 07:21:23,2026-09-25 08:05:23,21.9,107.3
3475,pa144,co32,San José,2026-09-13 22:16:12,2026-09-13 22:39:12,9.8,47.16
3476,pa199,co61,Guatemala,2026-09-27 14:22:53,2026-09-27 14:58:53,14.5,65.42
3477,pa162,co05,Tegucigalpa,2026-09-27 14:55:11,2026-09-27 15:44:11,18.3,81.81
3478,pa085,co54,Managua,2026-09-23 17:02:18,2026-09-23 17:48:18,12.7,70.81
3479,pa129,co05,Tegucigalpa,2026-09-01 11:13:53,2026-09-01 12:32:53,25.0,98.07
3480,pa214,co05,Tegucigalpa,2026-09-11 14:55:41,2026-09-11 15:00:41,1.8,15.19
3481,pa076,co13,San José,2026-09-09 14:44:15,2026-09-09 15:20:15,12.0,57.28
3482,pa073,co51,San Salvador,2026-09-30 08:05:21,2026-09-30 08:11:21,2.4,19.33
3483,pa199,co65,Guatemala,2026-09-10 21:34:50,2026-09-10 21:54:50,7.2,35.76
3484,pa267,co17,San José,2026-09-19 10:07:10,2026-09-19 10:19:10,3.3,23.64
3485,pa018,co38,San Salvador,2026-09-15 10:30:51,2026-09-15 10:42:51,4.4,23.93
3486,pa151,co04,Tegucigalpa,2026-09-18 14:49:00,2026-09-18 16:18:00,22.8,115.55
3487,pa110,co51,San Salvador,2026-09-12 01:33:10,2026-09-12 02:29:10,14.6,74.65
3488,pa022,co19,San Salvador,2026-09-09 12:38:20,2026-09-09 13:03:20,10.4,47.36
3489,pa261,co11,Tegucigalpa,2026-09-04 08:34:50,2026-09-04 09:04:50,9.8,47.97
3490,pa003,co15,Tegucigalpa,2026-09-09 11:11:24,2026-09-09 12:05:24,18.9,97.48
3491,pa236,co34,Tegucigalpa,2026-09-18 15:59:20,2026-09-18 16:40:20,14.0,73.51
3492,pa246,co30,San José,2026-09-25 12:47:43,2026-09-25 13:41:43,24.5,110.23
3493,pa171,co41,Managua,2026-09-12 09:26:26,2026-09-12 10:01:26,16.0,68.32
3494,pa188,co42,San José,2026-09-11 17:44:22,2026-09-11 19:11:22,24.4,125.39
3495,pa201,co01,San José,2026-09-18 17:00:52,2026-09-18 17:40:52,15.1,79.56
3496,pa208,co22,Tegucigalpa,2026-09-18 14:55:06,2026-09-18 15:06:06,3.3,23.75
3497,pa227,co43,San Salvador,2026-09-11 06:22:16,2026-09-11 07:05:16,15.4,79.11
3498,pa027,co71,San José,2026-09-05 12:12:21,2026-09-05 12:41:21,11.5,56.01
3499,pa065,co15,Tegucigalpa,2026-09-30 02:51:04,2026-09-30 03:37:04,11.6,64.97
3500,pa268,co02,San José,2026-09-07 17:26:51,2026-09-07 17:42:51,5.3,30.82
3501,pa214,co14,Guatemala,2026-09-17 19:28:59,2026-09-17 20:07:59,10.9,46.9
3502,pa168,co23,Guatemala,2026-09-02 15:24:53,2026-09-02 15:46:53,10.9,59.19
3503,pa025,co12,San Salvador,2026-09-18 18:44:19,2026-09-18 19:01:19,5.5,29.75
3504,pa197,co15,Tegucigalpa,2026-09-22 20:53:53,2026-09-22 21:25:53,10.1,54.26
3505,pa091,co76,Tegucigalpa,2026-09-01 11:49:40,2026-09-01 12:44:40,14.8,74.64
3506,pa261,co12,San Salvador,2026-09-13 08:18:33,2026-09-13 08:42:33,12.4,63.56
3507,pa149,co26,Tegucigalpa,2026-09-21 15:20:44,2026-09-21 16:06:44,14.8,77.71
3508,pa208,co36,San José,2026-09-14 00:45:20,2026-09-14 01:13:20,11.0,58.27
3509,pa155,co80,San Salvador,2026-09-09 16:24:52,2026-09-09 17:03:52,15.8,67.37
3510,pa082,co32,San José,2026-09-15 19:51:00,2026-09-15 20:51:00,17.1,77.8
3511,pa264,co46,San Salvador,2026-09-07 09:46:50,2026-09-07 10:14:50,11.7,62.41
3512,pa183,co12,San Salvador,2026-09-07 23:46:04,2026-09-08 00:21:04,16.7,70.52
3513,pa293,co26,Tegucigalpa,2026-09-08 13:30:24,2026-09-08 13:58:24,8.7,44.73
3514,pa097,co70,Tegucigalpa,2026-09-25 07:58:20,2026-09-25 09:05:20,17.8,92.82
3515,pa183,co23,Guatemala,2026-09-22 14:23:43,2026-09-22 14:40:43,6.7,38.64
3516,pa299,co49,San Salvador,2026-09-17 06:29:28,2026-09-17 06:42:28,4.5,30.15
3517,pa065,co51,San Salvador,2026-09-01 17:15:02,2026-09-01 17:46:02,11.2,52.55
3518,pa282,co46,San Salvador,2026-09-16 08:56:41,2026-09-16 09:24:41,12.2,61.04
3519,pa065,co72,Guatemala,2026-09-10 17:05:23,2026-09-10 17:24:23,9.5,45.83
3520,pa196,co28,Guatemala,2026-09-23 09:27:58,2026-09-23 09:51:58,10.2,43.9
3521,pa144,co67,San Salvador,2026-09-24 12:00:13,2026-09-24 12:16:13,7.9,41.63
3522,pa004,co17,San José,2026-09-01 20:19:47,2026-09-01 20:37:47,8.1,40.2
3523,pa288,co29,San José,2026-09-01 09:40:03,2026-09-01 10:26:03,15.7,75.56
3524,pa091,co37,Tegucigalpa,2026-09-27 16:08:33,2026-09-27 17:11:33,20.2,105.47
3525,pa149,co56,San José,2026-09-01 18:18:44,2026-09-01 19:09:44,16.5,71.16
3526,pa269,co31,Tegucigalpa,2026-09-18 18:49:38,2026-09-18 19:26:38,9.8,46.74
3527,pa058,co41,Managua,2026-09-14 21:28:11,2026-09-14 22:51:11,23.0,90.34
3528,pa042,co79,Guatemala,2026-09-04 19:49:08,2026-09-04 20:03:08,5.1,30.96
3529,pa103,co73,Managua,2026-09-15 11:54:17,2026-09-15 12:33:17,16.3,82.4
3530,pa123,co30,San José,2026-09-08 15:03:52,2026-09-08 15:52:52,13.3,55.62
3531,pa209,co60,Tegucigalpa,2026-09-30 18:30:38,2026-09-30 19:12:38,11.6,53.81
3532,pa286,co59,Managua,2026-09-25 12:49:05,2026-09-25 13:07:05,8.1,38.48
3533,pa234,co28,Guatemala,2026-09-11 03:51:48,2026-09-11 04:09:48,8.0,45.52
3534,pa180,co54,Managua,2026-09-17 17:30:31,2026-09-17 17:37:31,2.2,17.0
3535,pa151,co12,San Salvador,2026-09-02 20:14:51,2026-09-02 21:14:51,24.2,110.0
3536,pa148,co51,San Salvador,2026-09-22 12:59:48,2026-09-22 13:33:48,15.6,65.89
3537,pa287,co28,Guatemala,2026-09-30 08:11:03,2026-09-30 09:35:03,21.2,85.14
3538,pa092,co65,Guatemala,2026-09-09 14:04:15,2026-09-09 14:26:15,8.3,46.04
3539,pa129,co19,San Salvador,2026-09-22 13:39:39,2026-09-22 13:56:39,4.8,27.77
3540,pa236,co32,San José,2026-09-12 20:18:08,2026-09-12 21:14:08,18.5,82.2
3541,pa129,co19,San Salvador,2026-09-04 15:09:26,2026-09-04 15:48:26,11.6,50.95
3542,pa192,co02,San José,2026-09-10 08:34:23,2026-09-10 09:42:23,19.1,87.96
3543,pa118,co49,San Salvador,2026-09-27 15:49:55,2026-09-27 16:35:55,19.4,86.92
3544,pa107,co36,San José,2026-09-12 13:46:55,2026-09-12 14:13:55,10.5,48.81
3545,pa139,co56,San José,2026-09-02 10:33:29,2026-09-02 11:11:29,12.5,56.77
3546,pa217,co34,Tegucigalpa,2026-09-26 20:34:53,2026-09-26 21:18:53,11.4,63.55
3547,pa271,co65,Guatemala,2026-09-03 08:51:52,2026-09-03 09:46:52,17.9,89.99
3548,pa288,co57,Tegucigalpa,2026-09-15 10:43:07,2026-09-15 11:58:07,21.3,103.54
3549,pa291,co54,Managua,2026-09-17 20:32:57,2026-09-17 20:37:57,1.5,13.71
3550,pa143,co07,San José,2026-09-26 19:48:02,2026-09-26 20:17:02,9.5,49.61
3551,pa066,co39,San José,2026-09-09 10:05:26,2026-09-09 10:49:26,18.5,98.88
3552,pa227,co53,Managua,2026-09-15 13:48:20,2026-09-15 14:02:20,3.8,22.34
3553,pa004,co63,Managua,2026-09-23 19:03:02,2026-09-23 19:51:02,13.3,58.82
3554,pa054,co21,San José,2026-09-06 15:28:02,2026-09-06 16:40:02,22.8,96.45
3555,pa193,co01,San José,2026-09-14 23:53:42,2026-09-14 23:57:42,1.6,15.18
3556,pa082,co21,San José,2026-09-13 03:01:41,2026-09-13 04:10:41,23.4,120.94
3557,pa050,co19,San Salvador,2026-09-22 21:37:25,2026-09-22 22:45:25,23.4,123.95
3558,pa045,co15,Tegucigalpa,2026-09-06 18:31:43,2026-09-06 18:39:43,3.6,24.08
3559,pa111,co73,Managua,2026-09-11 15:11:02,2026-09-11 15:55:02,11.9,50.64
3560,pa234,co29,San José,2026-09-04 15:51:46,2026-09-04 16:14:46,10.5,50.66
3561,pa147,co03,Guatemala,2026-09-19 16:21:22,2026-09-19 17:33:22,24.5,121.31
3562,pa180,co15,Tegucigalpa,2026-09-30 13:29:48,2026-09-30 13:53:48,7.9,38.38
3563,pa154,co36,San José,2026-09-24 20:02:55,2026-09-24 20:27:55,8.5,46.6
3564,pa063,co35,San José,2026-09-21 21:09:23,2026-09-21 21:19:23,4.5,27.32
3565,pa236,co63,Managua,2026-09-09 20:45:12,2026-09-09 20:54:12,2.9,19.36
3566,pa282,co08,Guatemala,2026-09-30 09:27:15,2026-09-30 10:36:15,18.4,86.29
3567,pa255,co67,San Salvador,2026-09-09 07:45:19,2026-09-09 08:14:19,8.2,40.81
3568,pa079,co38,San Salvador,2026-09-05 18:17:47,2026-09-05 19:09:47,14.6,79.26
3569,pa098,co72,Guatemala,2026-09-16 18:11:10,2026-09-16 19:07:10,23.6,120.06
3570,pa083,co52,Tegucigalpa,2026-09-12 07:02:38,2026-09-12 07:43:38,14.7,77.28
3571,pa246,co47,Managua,2026-09-21 10:56:00,2026-09-21 11:25:00,8.3,46.14
3572,pa123,co33,Tegucigalpa,2026-09-26 19:43:46,2026-09-26 20:35:46,18.0,77.26
3573,pa133,co49,San Salvador,2026-09-05 03:56:44,2026-09-05 04:22:44,9.6,48.8
3574,pa185,co15,Tegucigalpa,2026-09-11 11:33:55,2026-09-11 12:36:55,20.4,86.73
3575,pa084,co42,San José,2026-09-15 01:18:36,2026-09-15 01:37:36,6.6,33.63
3576,pa036,co39,San José,2026-09-26 22:56:03,2026-09-26 23:26:03,12.0,65.66
3577,pa065,co36,San José,2026-09-20 12:35:35,2026-09-20 13:21:35,15.8,72.71
3578,pa146,co30,San José,2026-09-12 13:51:39,2026-09-12 14:56:39,24.7,115.35
3579,pa142,co59,Managua,2026-09-19 19:40:04,2026-09-19 20:11:04,8.7,40.59
3580,pa127,co30,San José,2026-09-09 05:13:46,2026-09-09 06:00:46,18.9,85.32
3581,pa203,co17,San José,2026-09-29 08:00:34,2026-09-29 08:11:34,3.3,22.26
3582,pa072,co56,San José,2026-09-25 21:17:52,2026-09-25 21:56:52,11.8,50.92
3583,pa297,co32,San José,2026-09-17 19:30:42,2026-09-17 20:48:42,21.4,89.48
3584,pa211,co28,Guatemala,2026-09-09 08:55:19,2026-09-09 09:51:19,22.3,110.56
3585,pa185,co47,Managua,2026-09-18 09:50:39,2026-09-18 10:09:39,7.8,36.31
3586,pa135,co23,Guatemala,2026-09-20 02:45:48,2026-09-20 03:25:48,12.2,67.0
3587,pa196,co15,Tegucigalpa,2026-09-08 09:42:55,2026-09-08 10:23:55,13.7,70.12
3588,pa002,co24,San José,2026-09-06 05:59:10,2026-09-06 06:43:10,14.8,71.41
3589,pa285,co12,San Salvador,2026-09-15 06:15:17,2026-09-15 06:32:17,6.9,35.6
3590,pa028,co65,Guatemala,2026-09-08 18:19:03,2026-09-08 19:26:03,22.8,103.65
3591,pa121,co63,Managua,2026-09-12 10:23:31,2026-09-12 10:52:31,13.8,58.25
3592,pa094,co28,Guatemala,2026-09-30 07:07:08,2026-09-30 07:31:08,10.8,60.44
3593,pa166,co08,Guatemala,2026-09-03 18:01:42,2026-09-03 18:25:42,7.2,35.99
3594,pa271,co03,Guatemala,2026-09-30 11:59:01,2026-09-30 12:15:01,7.5,39.12
3595,pa221,co28,Guatemala,2026-09-09 09:49:49,2026-09-09 10:15:49,9.6,55.41
3596,pa083,co72,Guatemala,2026-09-18 14:59:33,2026-09-18 15:13:33,5.7,30.8
3597,pa170,co05,Tegucigalpa,2026-09-28 15:41:47,2026-09-28 16:12:47,14.3,76.41
3598,pa063,co67,San Salvador,2026-09-19 11:21:59,2026-09-19 12:06:59,17.3,81.55
3599,pa204,co20,San José,2026-09-17 15:31:58,2026-09-17 16:20:58,12.4,57.63
3600,pa283,co36,San José,2026-09-26 08:50:40,2026-09-26 10:07:40,19.3,89.4
3601,pa246,co76,Tegucigalpa,2026-09-06 13:45:34,2026-09-06 14:21:34,14.0,72.92
3602,pa023,co13,San José,2026-09-02 11:38:45,2026-09-02 12:50:45,21.1,112.13
3603,pa251,co26,Tegucigalpa,2026-09-26 19:13:38,2026-09-26 19:30:38,7.3,41.85
3604,pa047,co39,San José,2026-09-15 11:11:37,2026-09-15 12:02:37,16.3,71.68
3605,pa053,co20,San José,2026-09-08 04:22:21,2026-09-08 04:29:21,2.2,16.43
3606,pa188,co43,San Salvador,2026-09-11 12:04:44,2026-09-11 12:14:44,4.4,28.74
3607,pa207,co73,Managua,2026-09-05 15:36:57,2026-09-05 16:15:57,14.7,75.78
3608,pa078,co23,Guatemala,2026-09-10 08:37:55,2026-09-10 08:57:55,6.8,39.99
3609,pa061,co57,Tegucigalpa,2026-09-14 18:24:31,2026-09-14 19:42:31,20.6,84.02
3610,pa110,co17,San José,2026-09-29 13:37:59,2026-09-29 14:40:59,24.7,113.85
3611,pa087,co26,Tegucigalpa,2026-09-13 17:32:15,2026-09-13 17:43:15,4.0,27.41
3612,pa188,co14,Guatemala,2026-09-12 11:55:04,2026-09-12 12:40:04,15.9,83.56
3613,pa063,co05,Tegucigalpa,2026-09-04 15:56:18,2026-09-04 16:43:18,16.6,85.23
3614,pa026,co39,San José,2026-09-04 18:35:11,2026-09-04 19:05:11,8.4,49.15
3615,pa298,co47,Managua,2026-09-13 09:30:17,2026-09-13 10:35:17,19.2,89.63
3616,pa220,co72,Guatemala,2026-09-11 16:45:18,2026-09-11 17:34:18,18.8,75.45
3617,pa050,co72,Guatemala,2026-09-27 10:49:15,2026-09-27 11:21:15,9.7,43.11
3618,pa077,co73,Managua,2026-09-24 22:03:31,2026-09-24 22:13:31,4.5,29.76
3619,pa280,co56,San José,2026-09-23 09:34:26,2026-09-23 10:23:26,15.2,64.08
3620,pa111,co55,San José,2026-09-01 04:15:14,2026-09-01 05:12:14,24.1,103.25
3621,pa271,co01,San José,2026-09-29 21:13:36,2026-09-29 22:11:36,21.2,99.25
3622,pa239,co29,San José,2026-09-30 10:50:20,2026-09-30 12:07:20,20.9,111.84
3623,pa199,co60,Tegucigalpa,2026-09-14 08:14:38,2026-09-14 09:03:38,20.0,102.74
3624,pa181,co73,Managua,2026-09-27 17:53:39,2026-09-27 18:13:39,6.0,30.01
3625,pa089,co67,San Salvador,2026-09-04 18:46:15,2026-09-04 18:57:15,3.8,24.94
3626,pa047,co61,Guatemala,2026-09-03 07:58:37,2026-09-03 09:18:37,24.2,106.67
3627,pa278,co46,San Salvador,2026-09-07 20:34:37,2026-09-07 21:29:37,18.7,89.0
3628,pa199,co29,San José,2026-09-11 08:35:52,2026-09-11 08:46:52,4.9,25.85
3629,pa049,co73,Managua,2026-09-07 18:18:56,2026-09-07 18:32:56,4.5,26.47
3630,pa196,co20,San José,2026-09-22 13:50:49,2026-09-22 14:55:49,21.8,92.52
3631,pa127,co21,San José,2026-09-24 16:36:23,2026-09-24 16:41:23,1.5,15.29
3632,pa215,co25,Guatemala,2026-09-02 11:57:48,2026-09-02 12:01:48,1.6,14.16
3633,pa001,co39,San José,2026-09-04 11:51:35,2026-09-04 12:26:35,17.2,76.41
3634,pa171,co56,San José,2026-09-11 17:50:40,2026-09-11 18:41:40,17.6,81.89
3635,pa192,co31,Tegucigalpa,2026-09-07 08:53:56,2026-09-07 10:01:56,18.1,82.59
3636,pa291,co20,San José,2026-09-24 23:10:23,2026-09-24 23:46:23,9.9,48.05
3637,pa047,co10,Managua,2026-09-12 13:17:24,2026-09-12 14:22:24,17.4,78.25
3638,pa204,co56,San José,2026-09-29 08:14:38,2026-09-29 08:42:38,8.1,42.0
3639,pa147,co19,San Salvador,2026-09-10 18:25:33,2026-09-10 19:24:33,18.4,88.27
3640,pa215,co23,Guatemala,2026-09-28 19:10:28,2026-09-28 20:09:28,15.3,65.09
3641,pa083,co11,Tegucigalpa,2026-09-30 20:43:31,2026-09-30 21:34:31,16.2,69.83
3642,pa098,co37,Tegucigalpa,2026-09-24 08:52:51,2026-09-24 09:43:51,14.1,77.05
3643,pa033,co38,San Salvador,2026-09-14 21:24:27,2026-09-14 21:42:27,5.1,29.84
3644,pa094,co01,San José,2026-09-24 18:32:05,2026-09-24 19:23:05,24.6,117.11
3645,pa276,co38,San Salvador,2026-09-21 18:27:13,2026-09-21 19:00:13,10.4,53.21
3646,pa190,co54,Managua,2026-09-22 18:49:29,2026-09-22 19:07:29,5.5,34.85
3647,pa210,co25,Guatemala,2026-09-18 18:30:27,2026-09-18 19:02:27,8.4,49.5
3648,pa133,co42,San José,2026-09-01 18:14:21,2026-09-01 19:20:21,21.2,112.9
3649,pa020,co65,Guatemala,2026-09-19 17:18:53,2026-09-19 17:21:53,1.6,13.62
3650,pa116,co30,San José,2026-09-25 13:07:38,2026-09-25 13:16:38,3.2,19.45
3651,pa183,co59,Managua,2026-09-26 08:07:11,2026-09-26 08:57:11,14.2,64.31
3652,pa232,co73,Managua,2026-09-17 09:00:31,2026-09-17 10:08:31,18.8,83.24
3653,pa198,co30,San José,2026-09-01 05:32:57,2026-09-01 06:16:57,17.6,70.32
3654,pa298,co01,San José,2026-09-15 21:16:15,2026-09-15 21:45:15,7.7,45.33
3655,pa046,co25,Guatemala,2026-09-20 18:10:24,2026-09-20 18:29:24,5.3,27.62
3656,pa294,co47,Managua,2026-09-14 20:03:12,2026-09-14 21:08:12,21.3,84.54
3657,pa282,co28,Guatemala,2026-09-02 14:57:59,2026-09-02 15:35:59,18.5,79.36
3658,pa199,co44,Guatemala,2026-09-07 19:51:40,2026-09-07 20:06:40,4.4,25.4
3659,pa019,co14,Guatemala,2026-09-19 23:01:20,2026-09-19 23:59:20,21.4,84.01
3660,pa286,co25,Guatemala,2026-09-19 04:37:23,2026-09-19 05:37:23,19.8,81.85
3661,pa054,co42,San José,2026-09-13 05:19:33,2026-09-13 05:47:33,12.2,57.34
3662,pa267,co51,San Salvador,2026-09-09 17:43:13,2026-09-09 18:06:13,6.4,36.5
3663,pa145,co65,Guatemala,2026-09-28 21:07:27,2026-09-28 21:16:27,4.7,28.34
3664,pa126,co78,San José,2026-09-02 17:21:49,2026-09-02 17:42:49,6.0,32.73
3665,pa086,co18,Guatemala,2026-09-19 00:57:11,2026-09-19 02:24:11,22.4,116.45
3666,pa202,co14,Guatemala,2026-09-18 16:41:50,2026-09-18 16:46:50,2.0,15.55
3667,pa193,co51,San Salvador,2026-09-02 11:09:52,2026-09-02 11:27:52,6.7,37.36
3668,pa106,co39,San José,2026-09-26 16:34:20,2026-09-26 17:49:20,22.7,119.29
3669,pa214,co56,San José,2026-09-23 23:16:53,2026-09-23 23:22:53,2.7,19.34
3670,pa001,co45,San José,2026-09-13 21:24:15,2026-09-13 21:37:15,3.5,23.92
3671,pa143,co67,San Salvador,2026-09-09 09:01:27,2026-09-09 09:30:27,8.1,40.34
3672,pa293,co37,Tegucigalpa,2026-09-05 11:37:05,2026-09-05 12:02:05,10.2,48.36
3673,pa148,co72,Guatemala,2026-09-20 20:29:49,2026-09-20 21:21:49,22.7,102.24
3674,pa255,co46,San Salvador,2026-09-03 19:44:55,2026-09-03 20:02:55,9.4,46.29
3675,pa015,co21,San José,2026-09-20 19:46:41,2026-09-20 20:26:41,11.5,50.5
3676,pa285,co61,Guatemala,2026-09-01 08:48:53,2026-09-01 09:36:53,15.1,73.68
3677,pa004,co79,Guatemala,2026-09-28 15:16:29,2026-09-28 16:25:29,19.2,103.41
3678,pa120,co38,San Salvador,2026-09-07 07:45:39,2026-09-07 08:17:39,13.5,63.32
3679,pa059,co28,Guatemala,2026-09-12 09:22:39,2026-09-12 09:32:39,4.7,24.45
3680,pa300,co37,Tegucigalpa,2026-09-15 20:46:02,2026-09-15 21:54:02,17.2,86.49
3681,pa075,co36,San José,2026-09-23 07:11:04,2026-09-23 07:40:04,9.5,42.78
3682,pa282,co24,San José,2026-09-06 19:06:08,2026-09-06 19:45:08,16.2,68.27
3683,pa273,co55,San José,2026-09-11 09:59:27,2026-09-11 11:02:27,19.0,97.21
3684,pa220,co51,San Salvador,2026-09-21 10:17:18,2026-09-21 10:43:18,7.8,43.05
3685,pa206,co51,San Salvador,2026-09-25 06:35:43,2026-09-25 07:41:43,21.3,109.12
3686,pa228,co51,San Salvador,2026-09-27 11:03:40,2026-09-27 11:35:40,10.1,56.9
3687,pa293,co18,Guatemala,2026-09-24 20:43:17,2026-09-24 20:50:17,2.7,21.31
3688,pa127,co21,San José,2026-09-02 16:43:05,2026-09-02 17:51:05,19.5,76.33
3689,pa072,co15,Tegucigalpa,2026-09-18 15:46:05,2026-09-18 16:54:05,17.3,70.63
3690,pa171,co25,Guatemala,2026-09-20 23:11:53,2026-09-21 00:30:53,23.1,89.46
3691,pa234,co63,Managua,2026-09-10 16:46:01,2026-09-10 17:32:01,20.8,105.37
3692,pa086,co11,Tegucigalpa,2026-09-15 12:53:44,2026-09-15 13:22:44,9.7,44.33
3693,pa223,co35,San José,2026-09-20 15:17:29,2026-09-20 16:12:29,14.4,73.43
3694,pa026,co67,San Salvador,2026-09-28 21:22:36,2026-09-28 22:27:36,22.9,113.63
3695,pa001,co59,Managua,2026-09-27 12:41:00,2026-09-27 12:55:00,6.9,35.97
3696,pa095,co08,Guatemala,2026-09-11 18:52:10,2026-09-11 19:07:10,6.0,37.63
3697,pa139,co14,Guatemala,2026-09-03 19:34:49,2026-09-03 20:07:49,12.8,54.21
3698,pa099,co23,Guatemala,2026-09-01 11:35:07,2026-09-01 12:14:07,18.8,98.11
3699,pa265,co05,Tegucigalpa,2026-09-09 19:48:11,2026-09-09 20:24:11,15.9,80.23
3700,pa053,co24,San José,2026-09-13 15:55:53,2026-09-13 16:06:53,4.4,25.13
3701,pa026,co41,Managua,2026-09-10 09:00:59,2026-09-10 09:51:59,15.7,65.1
3702,pa287,co20,San José,2026-09-17 08:25:13,2026-09-17 08:34:13,4.0,25.81
3703,pa198,co11,Tegucigalpa,2026-09-17 20:33:40,2026-09-17 20:57:40,8.1,45.48
3704,pa251,co78,San José,2026-09-16 15:21:33,2026-09-16 15:31:33,3.4,20.43
3705,pa112,co67,San Salvador,2026-09-02 20:52:19,2026-09-02 21:52:19,22.4,101.46
3706,pa267,co59,Managua,2026-09-03 19:50:04,2026-09-03 20:16:04,13.2,59.86
3707,pa265,co24,San José,2026-09-17 07:02:31,2026-09-17 07:18:31,6.8,32.3
3708,pa230,co44,Guatemala,2026-09-27 21:56:35,2026-09-27 22:39:35,17.5,92.39
3709,pa257,co61,Guatemala,2026-09-09 08:44:38,2026-09-09 09:33:38,21.9,105.26
3710,pa280,co74,San Salvador,2026-09-27 19:37:10,2026-09-27 19:44:10,2.0,17.96
3711,pa061,co38,San Salvador,2026-09-22 23:18:00,2026-09-22 23:39:00,6.7,33.52
3712,pa147,co36,San José,2026-09-02 09:14:24,2026-09-02 10:34:24,25.0,130.22
3713,pa232,co37,Tegucigalpa,2026-09-16 13:34:51,2026-09-16 13:44:51,4.9,26.91
3714,pa214,co46,San Salvador,2026-09-21 22:23:03,2026-09-21 22:51:03,8.7,45.87
3715,pa129,co06,Tegucigalpa,2026-09-03 20:17:13,2026-09-03 20:37:13,6.1,31.92
3716,pa011,co78,San José,2026-09-06 13:32:13,2026-09-06 13:37:13,2.0,16.54
3717,pa245,co63,Managua,2026-09-21 11:23:05,2026-09-21 11:52:05,10.5,45.04
3718,pa010,co59,Managua,2026-09-09 09:19:57,2026-09-09 10:12:57,24.9,119.07
3719,pa149,co30,San José,2026-09-18 12:26:07,2026-09-18 13:19:07,18.5,76.78
3720,pa025,co75,San José,2026-09-05 12:36:11,2026-09-05 12:42:11,1.7,15.4
3721,pa023,co31,Tegucigalpa,2026-09-28 08:33:48,2026-09-28 09:06:48,13.9,70.85
3722,pa207,co76,Tegucigalpa,2026-09-07 08:16:40,2026-09-07 08:42:40,13.2,61.21
3723,pa258,co46,San Salvador,2026-09-29 16:52:37,2026-09-29 18:17:37,24.4,95.12
3724,pa236,co21,San José,2026-09-13 18:38:19,2026-09-13 18:53:19,5.3,26.77
3725,pa061,co26,Tegucigalpa,2026-09-05 06:16:41,2026-09-05 07:12:41,14.5,60.92
3726,pa006,co70,Tegucigalpa,2026-09-09 21:20:47,2026-09-09 22:22:47,19.1,94.53
3727,pa025,co08,Guatemala,2026-09-17 16:46:08,2026-09-17 17:14:08,8.6,47.65
3728,pa218,co38,San Salvador,2026-09-04 03:25:40,2026-09-04 03:46:40,9.4,44.64
3729,pa300,co01,San José,2026-09-04 12:35:54,2026-09-04 12:55:54,8.3,41.85
3730,pa107,co39,San José,2026-09-11 07:01:51,2026-09-11 07:45:51,16.9,84.75
3731,pa211,co11,Tegucigalpa,2026-09-29 10:58:36,2026-09-29 11:21:36,10.3,52.33
3732,pa183,co15,Tegucigalpa,2026-09-20 14:21:36,2026-09-20 15:28:36,19.2,93.8
3733,pa130,co36,San José,2026-09-25 11:20:50,2026-09-25 12:22:50,22.9,117.16
3734,pa153,co31,Tegucigalpa,2026-09-24 17:50:40,2026-09-24 19:17:40,24.4,111.44
3735,pa078,co43,San Salvador,2026-09-06 02:28:24,2026-09-06 03:09:24,12.8,60.01
3736,pa139,co72,Guatemala,2026-09-19 13:27:35,2026-09-19 14:24:35,14.7,79.68
3737,pa188,co32,San José,2026-09-20 14:36:45,2026-09-20 14:47:45,3.1,20.53
3738,pa225,co19,San Salvador,2026-09-18 16:23:06,2026-09-18 16:36:06,4.0,24.67
3739,pa294,co33,Tegucigalpa,2026-09-12 16:55:29,2026-09-12 17:34:29,13.1,70.58
3740,pa291,co19,San Salvador,2026-09-11 22:26:51,2026-09-11 23:24:51,15.3,68.31
3741,pa073,co50,San José,2026-09-20 07:16:10,2026-09-20 08:37:10,21.9,114.72
3742,pa278,co56,San José,2026-09-04 12:01:38,2026-09-04 12:28:38,13.5,65.78
3743,pa139,co46,San Salvador,2026-09-11 14:08:26,2026-09-11 15:42:26,23.7,109.47
3744,pa232,co10,Managua,2026-09-22 11:25:39,2026-09-22 11:42:39,6.9,37.62
3745,pa016,co73,Managua,2026-09-08 14:08:58,2026-09-08 14:22:58,5.5,31.36
3746,pa207,co41,Managua,2026-09-23 14:09:50,2026-09-23 15:03:50,21.9,107.09
3747,pa219,co31,Tegucigalpa,2026-09-21 08:08:01,2026-09-21 08:52:01,14.7,74.75
3748,pa299,co77,San Salvador,2026-09-22 09:18:32,2026-09-22 10:33:32,21.5,95.97
3749,pa218,co10,Managua,2026-09-28 12:08:19,2026-09-28 12:57:19,20.4,93.85
3750,pa104,co33,Tegucigalpa,2026-09-23 14:11:14,2026-09-23 14:29:14,6.4,36.07
3751,pa274,co05,Tegucigalpa,2026-09-01 07:45:36,2026-09-01 08:18:36,11.2,56.32
3752,pa199,co33,Tegucigalpa,2026-09-21 17:44:23,2026-09-21 18:08:23,7.4,38.18
3753,pa232,co31,Tegucigalpa,2026-09-29 23:41:47,2026-09-30 00:08:47,9.3,49.28
3754,pa135,co26,Tegucigalpa,2026-09-19 15:46:54,2026-09-19 16:21:54,14.2,64.86
3755,pa158,co49,San Salvador,2026-09-28 11:26:51,2026-09-28 12:02:51,15.1,64.3
3756,pa109,co24,San José,2026-09-23 08:27:21,2026-09-23 09:33:21,18.7,87.47
3757,pa280,co48,Managua,2026-09-20 22:48:58,2026-09-20 23:37:58,12.5,63.17
3758,pa172,co35,San José,2026-09-01 09:43:21,2026-09-01 10:26:21,13.1,60.41
3759,pa210,co32,San José,2026-09-02 06:54:13,2026-09-02 07:00:13,1.9,15.0
3760,pa141,co51,San Salvador,2026-09-16 21:24:37,2026-09-16 22:27:37,17.8,81.44
3761,pa261,co51,San Salvador,2026-09-29 19:51:56,2026-09-29 20:54:56,23.5,106.36
3762,pa230,co50,San José,2026-09-27 10:17:46,2026-09-27 10:43:46,7.1,35.62
3763,pa023,co30,San José,2026-09-25 12:08:19,2026-09-25 12:50:19,19.2,75.22
3764,pa276,co76,Tegucigalpa,2026-09-10 08:27:13,2026-09-10 09:10:13,12.1,67.53
3765,pa094,co05,Tegucigalpa,2026-09-01 18:11:49,2026-09-01 18:45:49,11.0,61.31
3766,pa199,co11,Tegucigalpa,2026-09-08 23:50:22,2026-09-09 00:32:22,16.3,78.77
3767,pa032,co43,San Salvador,2026-09-17 12:30:30,2026-09-17 12:59:30,8.5,48.52
3768,pa164,co64,San José,2026-09-10 14:36:57,2026-09-10 15:17:57,17.0,86.97
3769,pa059,co56,San José,2026-09-29 13:12:41,2026-09-29 13:49:41,11.0,53.67
3770,pa144,co57,Tegucigalpa,2026-09-09 14:30:03,2026-09-09 14:58:03,10.1,49.25
3771,pa045,co24,San José,2026-09-09 05:31:57,2026-09-09 05:45:57,4.5,24.46
3772,pa113,co04,Tegucigalpa,2026-09-21 15:18:17,2026-09-21 15:41:17,8.1,42.08
3773,pa158,co42,San José,2026-09-09 15:47:59,2026-09-09 15:52:59,2.6,18.42
3774,pa037,co05,Tegucigalpa,2026-09-02 21:52:39,2026-09-02 22:30:39,17.2,80.74
3775,pa223,co07,San José,2026-09-10 16:10:11,2026-09-10 16:38:11,13.6,65.36
3776,pa172,co25,Guatemala,2026-09-18 08:53:39,2026-09-18 09:10:39,8.1,38.16
3777,pa237,co76,Tegucigalpa,2026-09-10 14:12:50,2026-09-10 14:20:50,3.6,23.63
3778,pa195,co39,San José,2026-09-29 22:13:35,2026-09-29 22:56:35,19.7,86.22
3779,pa254,co19,San Salvador,2026-09-19 22:29:29,2026-09-19 23:07:29,12.2,54.71
3780,pa078,co17,San José,2026-09-18 22:46:52,2026-09-18 23:03:52,7.9,46.04
3781,pa209,co44,Guatemala,2026-09-25 05:45:29,2026-09-25 06:02:29,4.3,26.86
3782,pa036,co36,San José,2026-09-07 05:30:02,2026-09-07 05:52:02,10.0,54.55
3783,pa291,co05,Tegucigalpa,2026-09-19 20:05:04,2026-09-19 20:16:04,3.0,21.27
3784,pa210,co49,San Salvador,2026-09-27 13:12:39,2026-09-27 13:47:39,10.1,52.24
3785,pa157,co21,San José,2026-09-25 12:10:30,2026-09-25 12:29:30,5.4,29.16
3786,pa083,co34,Tegucigalpa,2026-09-19 20:33:32,2026-09-19 20:55:32,8.0,45.3
3787,pa011,co27,Tegucigalpa,2026-09-22 16:18:10,2026-09-22 17:22:10,22.7,102.25
3788,pa156,co04,Tegucigalpa,2026-09-22 18:14:21,2026-09-22 19:21:21,17.5,88.41
3789,pa179,co15,Tegucigalpa,2026-09-28 12:01:48,2026-09-28 12:19:48,5.8,31.41
3790,pa099,co65,Guatemala,2026-09-16 18:36:55,2026-09-16 19:25:55,22.4,105.57
3791,pa287,co76,Tegucigalpa,2026-09-21 19:25:58,2026-09-21 19:32:58,2.5,18.2
3792,pa083,co60,Tegucigalpa,2026-09-28 14:53:28,2026-09-28 15:30:28,15.8,79.46
3793,pa131,co25,Guatemala,2026-09-01 10:44:52,2026-09-01 11:32:52,18.4,78.38
3794,pa154,co27,Tegucigalpa,2026-09-21 09:04:18,2026-09-21 09:50:18,11.8,60.14
3795,pa010,co34,Tegucigalpa,2026-09-19 09:38:46,2026-09-19 10:13:46,9.4,52.15
3796,pa023,co47,Managua,2026-09-06 20:56:39,2026-09-06 21:04:39,3.5,24.77
3797,pa183,co79,Guatemala,2026-09-09 19:50:00,2026-09-09 20:08:00,7.4,38.05
3798,pa228,co76,Tegucigalpa,2026-09-18 11:18:22,2026-09-18 12:15:22,21.1,85.42
3799,pa202,co73,Managua,2026-09-26 23:42:15,2026-09-27 00:43:15,19.8,93.67
3800,pa059,co59,Managua,2026-09-10 08:47:10,2026-09-10 09:54:10,23.8,109.48
3801,pa203,co31,Tegucigalpa,2026-09-24 05:14:04,2026-09-24 05:53:04,12.9,62.06
3802,pa115,co20,San José,2026-09-12 20:43:10,2026-09-12 21:40:10,21.1,110.14
3803,pa129,co46,San Salvador,2026-09-05 18:00:23,2026-09-05 18:31:23,13.5,58.55
3804,pa139,co27,Tegucigalpa,2026-09-06 10:14:38,2026-09-06 10:36:38,10.8,48.69
3805,pa018,co23,Guatemala,2026-09-19 06:32:53,2026-09-19 07:10:53,11.8,52.23
3806,pa192,co32,San José,2026-09-10 13:26:13,2026-09-10 14:54:13,23.0,113.28
3807,pa051,co26,Tegucigalpa,2026-09-25 18:29:17,2026-09-25 19:09:17,13.0,65.84
3808,pa198,co39,San José,2026-09-01 14:44:08,2026-09-01 15:16:08,14.0,69.38
3809,pa210,co39,San José,2026-09-01 09:18:44,2026-09-01 09:53:44,13.2,69.22
3810,pa269,co61,Guatemala,2026-09-07 13:48:14,2026-09-07 14:19:14,8.0,44.48
3811,pa214,co55,San José,2026-09-19 08:15:22,2026-09-19 08:20:22,2.2,16.5
3812,pa197,co04,Tegucigalpa,2026-09-10 17:36:15,2026-09-10 17:51:15,7.0,34.16
3813,pa037,co31,Tegucigalpa,2026-09-21 20:02:53,2026-09-21 21:20:53,20.1,105.83
3814,pa174,co06,Tegucigalpa,2026-09-16 10:27:28,2026-09-16 11:04:28,12.4,69.06
3815,pa258,co03,Guatemala,2026-09-05 15:25:14,2026-09-05 15:37:14,3.3,22.52
3816,pa227,co11,Tegucigalpa,2026-09-19 08:57:11,2026-09-19 09:54:11,22.6,117.22
3817,pa277,co47,Managua,2026-09-17 09:21:08,2026-09-17 09:42:08,8.3,39.69
3818,pa178,co37,Tegucigalpa,2026-09-09 10:50:48,2026-09-09 11:17:48,7.7,40.46
3819,pa076,co39,San José,2026-09-18 11:19:30,2026-09-18 12:40:30,21.8,90.41
3820,pa076,co44,Guatemala,2026-09-25 19:10:33,2026-09-25 20:32:33,22.3,113.27
3821,pa117,co49,San Salvador,2026-09-28 16:01:22,2026-09-28 16:34:22,12.9,64.79
3822,pa127,co23,Guatemala,2026-09-22 22:39:06,2026-09-22 23:17:06,18.3,81.09
3823,pa139,co21,San José,2026-09-17 14:08:53,2026-09-17 14:25:53,7.3,35.0
3824,pa223,co46,San Salvador,2026-09-20 17:51:06,2026-09-20 18:48:06,15.1,81.43
3825,pa195,co73,Managua,2026-09-25 02:45:27,2026-09-25 03:38:27,22.8,121.61
3826,pa018,co30,San José,2026-09-02 21:07:29,2026-09-02 21:36:29,13.4,55.94
3827,pa030,co24,San José,2026-09-27 11:09:15,2026-09-27 12:05:15,23.6,104.96
3828,pa165,co31,Tegucigalpa,2026-09-30 06:29:41,2026-09-30 06:55:41,7.2,40.15
3829,pa151,co63,Managua,2026-09-15 10:46:02,2026-09-15 11:00:02,5.8,33.83
3830,pa291,co46,San Salvador,2026-09-07 09:30:48,2026-09-07 10:28:48,20.8,103.21
3831,pa083,co26,Tegucigalpa,2026-09-13 04:51:03,2026-09-13 04:55:03,2.0,16.08
3832,pa204,co47,Managua,2026-09-25 09:04:15,2026-09-25 10:13:15,20.2,92.96
3833,pa010,co05,Tegucigalpa,2026-09-05 17:35:46,2026-09-05 18:43:46,21.7,116.22
3834,pa129,co34,Tegucigalpa,2026-09-09 09:00:49,2026-09-09 09:47:49,19.8,82.73
3835,pa169,co23,Guatemala,2026-09-23 16:48:52,2026-09-23 18:01:52,23.4,93.07
3836,pa267,co19,San Salvador,2026-09-14 16:32:19,2026-09-14 17:47:19,21.6,101.04
3837,pa262,co78,San José,2026-09-04 22:02:17,2026-09-04 22:19:17,6.4,39.39
3838,pa091,co49,San Salvador,2026-09-07 16:27:45,2026-09-07 17:14:45,13.0,58.04
3839,pa058,co59,Managua,2026-09-17 18:22:52,2026-09-17 18:53:52,9.4,45.06
3840,pa098,co14,Guatemala,2026-09-06 20:39:31,2026-09-06 21:34:31,17.5,91.18
3841,pa110,co42,San José,2026-09-08 09:11:04,2026-09-08 09:55:04,17.9,96.55
3842,pa179,co25,Guatemala,2026-09-07 17:14:34,2026-09-07 18:48:34,24.4,113.74
3843,pa268,co54,Managua,2026-09-29 15:50:52,2026-09-29 16:20:52,9.0,42.47
3844,pa105,co59,Managua,2026-09-13 18:07:54,2026-09-13 19:12:54,16.9,77.18
3845,pa214,co78,San José,2026-09-12 20:04:08,2026-09-12 20:48:08,16.7,76.88
3846,pa188,co60,Tegucigalpa,2026-09-15 20:08:13,2026-09-15 21:15:13,23.9,105.74
3847,pa271,co78,San José,2026-09-22 19:55:41,2026-09-22 21:17:41,24.4,114.01
3848,pa048,co36,San José,2026-09-19 10:59:39,2026-09-19 11:05:39,3.0,21.57
3849,pa185,co46,San Salvador,2026-09-09 14:59:02,2026-09-09 15:38:02,15.6,73.31
3850,pa153,co65,Guatemala,2026-09-14 17:28:03,2026-09-14 18:19:03,14.9,73.14
3851,pa069,co38,San Salvador,2026-09-24 20:13:08,2026-09-24 20:35:08,10.9,54.88
3852,pa085,co59,Managua,2026-09-28 19:59:10,2026-09-28 20:34:10,11.9,66.16
3853,pa247,co28,Guatemala,2026-09-15 03:39:08,2026-09-15 04:04:08,7.6,39.27
3854,pa242,co12,San Salvador,2026-09-26 20:28:56,2026-09-26 21:38:56,24.2,126.84
3855,pa144,co47,Managua,2026-09-07 12:19:46,2026-09-07 12:36:46,6.6,31.93
3856,pa155,co15,Tegucigalpa,2026-09-14 18:58:21,2026-09-14 20:01:21,24.4,116.83
3857,pa187,co01,San José,2026-09-18 16:20:24,2026-09-18 16:33:24,4.3,27.36
3858,pa234,co59,Managua,2026-09-02 12:25:22,2026-09-02 12:58:22,10.3,48.34
3859,pa211,co70,Tegucigalpa,2026-09-26 22:24:24,2026-09-26 22:37:24,4.1,27.3
3860,pa211,co15,Tegucigalpa,2026-09-28 12:21:09,2026-09-28 13:00:09,16.9,80.79
3861,pa047,co14,Guatemala,2026-09-09 09:31:09,2026-09-09 10:02:09,9.5,42.42
3862,pa250,co48,Managua,2026-09-09 18:34:56,2026-09-09 19:20:56,13.1,63.18
3863,pa052,co72,Guatemala,2026-09-17 16:53:22,2026-09-17 17:38:22,15.4,79.54
3864,pa061,co79,Guatemala,2026-09-23 18:47:53,2026-09-23 20:06:53,23.4,117.6
3865,pa129,co50,San José,2026-09-01 14:38:59,2026-09-01 15:41:59,22.1,98.98
3866,pa261,co08,Guatemala,2026-09-12 11:00:11,2026-09-12 11:17:11,5.3,28.93
3867,pa110,co15,Tegucigalpa,2026-09-20 20:22:28,2026-09-20 20:35:28,4.4,29.02
3868,pa063,co74,San Salvador,2026-09-17 17:48:22,2026-09-17 18:11:22,9.1,47.15
3869,pa165,co59,Managua,2026-09-24 13:29:21,2026-09-24 14:37:21,23.2,114.18
3870,pa173,co23,Guatemala,2026-09-09 08:39:16,2026-09-09 09:41:16,18.0,73.65
3871,pa227,co45,San José,2026-09-24 20:47:39,2026-09-24 21:40:39,20.7,94.54
3872,pa077,co56,San José,2026-09-08 07:31:46,2026-09-08 07:50:46,9.2,47.56
3873,pa207,co31,Tegucigalpa,2026-09-13 08:21:39,2026-09-13 08:43:39,8.5,40.98
3874,pa285,co76,Tegucigalpa,2026-09-28 10:57:40,2026-09-28 11:08:40,3.4,23.72
3875,pa215,co34,Tegucigalpa,2026-09-19 18:12:30,2026-09-19 19:00:30,16.2,70.86
3876,pa061,co67,San Salvador,2026-09-28 19:39:17,2026-09-28 19:48:17,4.2,24.78
3877,pa232,co37,Tegucigalpa,2026-09-23 13:02:09,2026-09-23 13:28:09,12.9,67.51
3878,pa284,co38,San Salvador,2026-09-22 09:47:34,2026-09-22 10:07:34,8.7,41.38
3879,pa020,co18,Guatemala,2026-09-18 01:47:31,2026-09-18 02:03:31,7.8,45.38
3880,pa100,co41,Managua,2026-09-07 22:39:44,2026-09-07 23:34:44,14.0,71.62
3881,pa096,co46,San Salvador,2026-09-19 17:52:51,2026-09-19 18:19:51,6.9,34.27
3882,pa145,co63,Managua,2026-09-06 19:23:00,2026-09-06 20:13:00,24.4,101.67
3883,pa170,co39,San José,2026-09-28 18:06:32,2026-09-28 18:59:32,21.6,103.35
3884,pa096,co74,San Salvador,2026-09-06 18:07:14,2026-09-06 18:54:14,12.1,61.03
3885,pa072,co38,San Salvador,2026-09-20 03:23:58,2026-09-20 04:27:58,18.9,79.11
3886,pa089,co51,San Salvador,2026-09-21 23:19:50,2026-09-22 00:20:50,17.4,70.43
3887,pa210,co65,Guatemala,2026-09-14 13:27:46,2026-09-14 14:28:46,18.1,82.82
3888,pa216,co17,San José,2026-09-08 22:17:24,2026-09-08 23:39:24,22.1,88.67
3889,pa006,co68,San Salvador,2026-09-29 16:42:34,2026-09-29 17:16:34,11.3,54.68
3890,pa179,co28,Guatemala,2026-09-21 18:03:31,2026-09-21 19:08:31,22.1,117.88
3891,pa022,co47,Managua,2026-09-17 12:47:48,2026-09-17 14:10:48,23.3,123.81
3892,pa075,co04,Tegucigalpa,2026-09-22 17:39:59,2026-09-22 18:31:59,18.2,84.26
3893,pa002,co73,Managua,2026-09-08 12:30:31,2026-09-08 13:25:31,18.5,80.17
3894,pa249,co73,Managua,2026-09-13 08:10:44,2026-09-13 08:30:44,5.1,31.1
3895,pa263,co76,Tegucigalpa,2026-09-13 07:24:58,2026-09-13 07:49:58,10.1,49.89
3896,pa103,co19,San Salvador,2026-09-09 15:06:26,2026-09-09 15:48:26,19.7,89.68
3897,pa102,co41,Managua,2026-09-29 09:43:45,2026-09-29 10:43:45,20.7,80.71
3898,pa044,co74,San Salvador,2026-09-23 08:01:30,2026-09-23 08:48:30,15.0,72.19
3899,pa053,co31,Tegucigalpa,2026-09-04 14:31:08,2026-09-04 14:35:08,1.8,15.6
3900,pa228,co53,Managua,2026-09-26 07:14:16,2026-09-26 07:25:16,4.8,25.18
3901,pa068,co17,San José,2026-09-01 12:47:41,2026-09-01 13:35:41,23.7,105.51
3902,pa058,co25,Guatemala,2026-09-10 09:34:33,2026-09-10 10:23:33,24.1,92.71
3903,pa029,co26,Tegucigalpa,2026-09-13 09:17:50,2026-09-13 09:48:50,8.9,49.04
3904,pa171,co50,San José,2026-09-17 10:09:20,2026-09-17 10:56:20,13.8,69.02
3905,pa085,co48,Managua,2026-09-11 13:59:24,2026-09-11 14:54:24,17.6,92.03
3906,pa242,co51,San Salvador,2026-09-15 13:23:57,2026-09-15 14:23:57,15.8,76.51
3907,pa053,co59,Managua,2026-09-10 01:04:36,2026-09-10 01:20:36,5.3,28.41
3908,pa267,co41,Managua,2026-09-04 11:50:55,2026-09-04 12:15:55,10.8,48.5
3909,pa165,co27,Tegucigalpa,2026-09-04 09:30:04,2026-09-04 10:00:04,14.1,70.23
3910,pa209,co27,Tegucigalpa,2026-09-19 11:08:28,2026-09-19 11:17:28,2.9,18.9
3911,pa179,co17,San José,2026-09-05 16:22:07,2026-09-05 17:14:07,14.2,57.93
3912,pa106,co76,Tegucigalpa,2026-09-09 16:54:59,2026-09-09 17:30:59,13.5,67.08
3913,pa158,co31,Tegucigalpa,2026-09-16 17:59:34,2026-09-16 18:44:34,13.8,59.5
3914,pa230,co72,Guatemala,2026-09-25 12:03:02,2026-09-25 12:59:02,15.6,66.92
3915,pa051,co57,Tegucigalpa,2026-09-14 13:27:47,2026-09-14 13:38:47,3.1,21.65
3916,pa296,co41,Managua,2026-09-05 12:52:20,2026-09-05 13:35:20,11.1,59.34
3917,pa178,co34,Tegucigalpa,2026-09-20 13:02:46,2026-09-20 13:51:46,15.1,75.99
3918,pa161,co31,Tegucigalpa,2026-09-25 05:41:36,2026-09-25 06:05:36,8.1,37.3
3919,pa244,co17,San José,2026-09-17 21:08:03,2026-09-17 22:39:03,23.2,105.0
3920,pa001,co21,San José,2026-09-02 12:52:19,2026-09-02 13:11:19,8.6,43.64
3921,pa084,co61,Guatemala,2026-09-04 12:05:21,2026-09-04 13:06:21,24.9,116.24
3922,pa089,co28,Guatemala,2026-09-14 20:47:27,2026-09-14 20:58:27,3.6,25.48
3923,pa208,co27,Tegucigalpa,2026-09-01 19:31:01,2026-09-01 20:05:01,14.6,73.92
3924,pa006,co65,Guatemala,2026-09-09 04:41:27,2026-09-09 05:02:27,7.4,41.91
3925,pa181,co49,San Salvador,2026-09-08 21:39:46,2026-09-08 21:57:46,5.1,27.9
3926,pa026,co31,Tegucigalpa,2026-09-20 20:52:46,2026-09-20 21:51:46,19.8,100.79
3927,pa023,co38,San Salvador,2026-09-28 19:36:13,2026-09-28 20:34:13,18.7,84.99
3928,pa073,co39,San José,2026-09-29 19:00:12,2026-09-29 20:06:12,18.6,92.64
3929,pa249,co08,Guatemala,2026-09-17 15:31:02,2026-09-17 16:18:02,14.7,63.19
3930,pa256,co21,San José,2026-09-13 17:50:15,2026-09-13 18:23:15,13.3,55.13
3931,pa208,co11,Tegucigalpa,2026-09-17 14:57:37,2026-09-17 15:57:37,18.5,100.3
3932,pa130,co02,San José,2026-09-10 16:21:52,2026-09-10 16:57:52,12.9,54.2
3933,pa275,co39,San José,2026-09-25 18:13:07,2026-09-25 18:44:07,11.9,63.83
3934,pa139,co50,San José,2026-09-14 08:54:33,2026-09-14 09:00:33,2.2,18.36
3935,pa045,co29,San José,2026-09-19 14:37:56,2026-09-19 14:45:56,3.4,19.92
3936,pa147,co15,Tegucigalpa,2026-09-16 18:51:26,2026-09-16 19:25:26,9.5,49.24
3937,pa096,co56,San José,2026-09-27 15:02:50,2026-09-27 15:42:50,16.5,83.43
3938,pa054,co10,Managua,2026-09-20 14:32:39,2026-09-20 14:58:39,7.2,38.78
3939,pa160,co21,San José,2026-09-09 09:19:05,2026-09-09 10:25:05,17.4,75.79
3940,pa026,co36,San José,2026-09-01 18:37:23,2026-09-01 18:41:23,1.8,16.55
3941,pa199,co01,San José,2026-09-03 13:25:46,2026-09-03 14:29:46,18.0,86.28
3942,pa036,co03,Guatemala,2026-09-30 12:46:05,2026-09-30 13:34:05,15.8,85.49
3943,pa202,co49,San Salvador,2026-09-25 18:08:46,2026-09-25 18:54:46,21.3,91.92
3944,pa205,co68,San Salvador,2026-09-28 20:17:17,2026-09-28 20:56:17,13.2,66.53
3945,pa029,co42,San José,2026-09-03 10:13:17,2026-09-03 10:48:17,11.6,48.6
3946,pa286,co65,Guatemala,2026-09-19 15:39:18,2026-09-19 16:47:18,21.2,101.15
3947,pa042,co02,San José,2026-09-17 18:38:07,2026-09-17 20:09:07,24.3,95.88
3948,pa091,co57,Tegucigalpa,2026-09-03 22:37:40,2026-09-03 23:08:40,8.7,44.92
3949,pa065,co11,Tegucigalpa,2026-09-10 08:56:06,2026-09-10 09:41:06,12.9,61.03
3950,pa236,co64,San José,2026-09-17 09:30:04,2026-09-17 10:20:04,22.0,94.59
3951,pa251,co60,Tegucigalpa,2026-09-29 16:37:48,2026-09-29 17:38:48,21.7,102.49
3952,pa152,co65,Guatemala,2026-09-23 07:28:56,2026-09-23 08:12:56,11.5,48.6
3953,pa172,co29,San José,2026-09-10 08:03:55,2026-09-10 08:15:55,4.2,25.6
3954,pa098,co41,Managua,2026-09-13 18:09:46,2026-09-13 18:57:46,15.1,75.29
3955,pa115,co20,San José,2026-09-19 20:59:52,2026-09-19 21:13:52,3.9,24.43
3956,pa112,co77,San Salvador,2026-09-28 20:56:30,2026-09-28 21:00:30,2.0,17.64
3957,pa069,co32,San José,2026-09-05 17:22:20,2026-09-05 17:40:20,7.8,45.48
3958,pa268,co76,Tegucigalpa,2026-09-11 20:27:54,2026-09-11 21:12:54,13.4,68.64
3959,pa117,co61,Guatemala,2026-09-14 07:28:30,2026-09-14 08:04:30,16.0,71.63
3960,pa023,co13,San José,2026-09-04 18:10:17,2026-09-04 18:58:17,13.0,54.98
3961,pa278,co49,San Salvador,2026-09-03 16:26:25,2026-09-03 17:19:25,21.8,106.91
3962,pa111,co67,San Salvador,2026-09-01 09:23:15,2026-09-01 10:03:15,11.1,55.47
3963,pa204,co30,San José,2026-09-14 10:04:01,2026-09-14 10:12:01,3.0,20.67
3964,pa014,co29,San José,2026-09-18 20:38:26,2026-09-18 21:33:26,21.6,112.21
3965,pa020,co28,Guatemala,2026-09-27 14:19:00,2026-09-27 15:38:00,23.8,94.84
3966,pa156,co05,Tegucigalpa,2026-09-06 19:19:37,2026-09-06 20:00:37,15.8,80.12
3967,pa022,co41,Managua,2026-09-24 17:32:50,2026-09-24 18:38:50,20.9,106.98
3968,pa142,co41,Managua,2026-09-14 18:46:55,2026-09-14 19:32:55,18.7,94.06
3969,pa152,co63,Managua,2026-09-11 18:15:14,2026-09-11 18:24:14,2.4,19.98
3970,pa262,co14,Guatemala,2026-09-24 07:22:17,2026-09-24 08:01:17,10.6,52.15
3971,pa291,co23,Guatemala,2026-09-02 19:11:06,2026-09-02 19:50:06,11.5,54.28
3972,pa094,co44,Guatemala,2026-09-13 20:23:31,2026-09-13 21:25:31,23.1,107.13
3973,pa112,co04,Tegucigalpa,2026-09-11 07:19:48,2026-09-11 07:25:48,2.5,20.41
3974,pa172,co15,Tegucigalpa,2026-09-04 19:22:51,2026-09-04 20:14:51,16.4,69.22
3975,pa168,co59,Managua,2026-09-25 15:59:14,2026-09-25 16:12:14,4.9,29.45
3976,pa212,co37,Tegucigalpa,2026-09-21 19:25:39,2026-09-21 19:46:39,10.0,45.56
3977,pa143,co78,San José,2026-09-21 17:40:53,2026-09-21 18:46:53,19.3,76.82
3978,pa023,co76,Tegucigalpa,2026-09-27 13:45:33,2026-09-27 14:34:33,22.0,88.2
3979,pa080,co57,Tegucigalpa,2026-09-18 10:19:07,2026-09-18 11:13:07,23.2,110.17
3980,pa165,co24,San José,2026-09-04 04:10:00,2026-09-04 04:26:00,4.6,28.86
3981,pa109,co19,San Salvador,2026-09-13 13:53:41,2026-09-13 14:30:41,18.3,81.79
3982,pa148,co04,Tegucigalpa,2026-09-12 17:24:04,2026-09-12 17:58:04,10.6,50.1
3983,pa286,co34,Tegucigalpa,2026-09-25 07:01:10,2026-09-25 07:46:10,15.6,78.94
3984,pa290,co61,Guatemala,2026-09-09 12:28:58,2026-09-09 12:59:58,11.5,59.74
3985,pa206,co12,San Salvador,2026-09-30 17:18:19,2026-09-30 17:31:19,6.4,34.27
3986,pa061,co49,San Salvador,2026-09-25 20:01:42,2026-09-25 21:00:42,16.1,72.48
3987,pa196,co10,Managua,2026-09-16 19:40:53,2026-09-16 20:11:53,8.7,40.84
3988,pa288,co56,San José,2026-09-27 18:44:45,2026-09-27 19:56:45,18.5,90.98
3989,pa042,co72,Guatemala,2026-09-02 10:29:46,2026-09-02 11:04:46,9.6,53.76
3990,pa040,co46,San Salvador,2026-09-18 07:01:08,2026-09-18 07:08:08,3.4,20.01
3991,pa220,co40,Managua,2026-09-05 13:12:54,2026-09-05 14:17:54,19.3,85.57
3992,pa028,co36,San José,2026-09-01 19:46:46,2026-09-01 19:57:46,4.7,28.59
3993,pa193,co23,Guatemala,2026-09-07 20:47:35,2026-09-07 21:06:35,9.7,54.31
3994,pa081,co44,Guatemala,2026-09-10 21:13:53,2026-09-10 21:29:53,4.3,23.69
3995,pa163,co74,San Salvador,2026-09-24 10:53:06,2026-09-24 11:42:06,13.7,73.3
3996,pa042,co23,Guatemala,2026-09-29 15:49:31,2026-09-29 17:02:31,21.8,100.66
3997,pa024,co61,Guatemala,2026-09-26 15:04:12,2026-09-26 16:09:12,17.3,88.53
3998,pa011,co31,Tegucigalpa,2026-09-03 09:39:01,2026-09-03 10:32:01,19.2,86.85
3999,pa205,co17,San José,2026-09-26 13:43:37,2026-09-26 14:06:37,8.4,40.96
4000,pa258,co65,Guatemala,2026-09-06 17:46:51,2026-09-06 17:53:51,3.1,21.09
