mensaje_id,canal_id,usuario_id,enviado_en,contenido
1,ch12,du091,2026-09-23 11:54:13,alguien sabe cómo
2,ch24,du256,2026-09-30 15:04:13,ya quedó el deploy
3,ch17,du020,2026-09-13 06:57:06,revisen el canal de anuncios
4,ch29,du076,2026-09-27 17:14:24,subí el archivo
5,ch02,du133,2026-09-01 18:04:08,revisen el canal de anuncios
6,ch25,du119,2026-09-28 20:30:07,revisen el canal de anuncios
7,ch06,du224,2026-09-10 18:53:45,subí el archivo
8,ch15,du178,2026-09-24 19:14:35,esto no compila
9,ch04,du263,2026-09-30 17:10:54,a qué hora es la reunión
10,ch04,du224,2026-09-25 08:05:44,ya quedó el deploy
11,ch23,du277,2026-09-25 16:34:37,revisen el canal de anuncios
12,ch29,du118,2026-09-12 16:26:33,ya quedó el deploy
13,ch30,du260,2026-09-05 15:47:07,esto no compila
14,ch18,du078,2026-09-06 09:50:58,alguien sabe cómo
15,ch37,du021,2026-09-01 03:22:10,mañana sigo
16,ch08,du008,2026-09-11 10:08:32,ya quedó el deploy
17,ch03,du052,2026-09-30 09:57:06,esto no compila
18,ch23,du043,2026-09-07 08:29:52,me uno en 5
19,ch04,du135,2026-09-14 07:24:53,qué opinan de
20,ch36,du275,2026-09-12 04:27:54,subí el archivo
21,ch36,du131,2026-09-17 19:12:07,gracias!
22,ch14,du064,2026-09-01 05:50:30,me uno en 5
23,ch24,du125,2026-09-03 21:53:59,esto no compila
24,ch25,du081,2026-09-01 08:58:46,subí el archivo
25,ch19,du277,2026-09-17 23:06:58,a qué hora es la reunión
26,ch21,du003,2026-09-26 23:07:21,listo
27,ch04,du057,2026-09-07 00:38:35,qué opinan de
28,ch25,du204,2026-09-09 12:36:59,jaja
29,ch31,du290,2026-09-01 06:16:47,jaja
30,ch33,du078,2026-09-07 15:07:52,esto no compila
31,ch08,du223,2026-09-24 17:38:00,qué opinan de
32,ch18,du138,2026-09-14 09:30:06,alguien sabe cómo
33,ch10,du165,2026-09-26 10:59:03,revisen el canal de anuncios
34,ch04,du181,2026-09-08 13:22:21,jaja
35,ch12,du088,2026-09-01 13:22:27,a qué hora es la reunión
36,ch24,du203,2026-09-03 10:23:15,qué opinan de
37,ch30,du085,2026-09-05 21:38:51,me uno en 5
38,ch39,du074,2026-09-24 08:06:57,listo
39,ch14,du269,2026-09-07 13:19:20,subí el archivo
40,ch17,du091,2026-09-15 13:08:10,gracias!
41,ch19,du188,2026-09-25 21:22:13,gracias!
42,ch17,du032,2026-09-13 11:20:59,gracias!
43,ch25,du250,2026-09-16 16:28:08,listo
44,ch25,du086,2026-09-25 11:47:51,alguien sabe cómo
45,ch17,du125,2026-09-12 13:12:32,subí el archivo
46,ch16,du207,2026-09-28 18:34:23,gracias!
47,ch40,du049,2026-09-14 17:13:35,me uno en 5
48,ch02,du195,2026-09-04 13:57:27,alguien sabe cómo
49,ch01,du201,2026-09-26 17:28:25,a qué hora es la reunión
50,ch01,du049,2026-09-08 18:22:52,mañana sigo
51,ch14,du296,2026-09-17 14:19:36,gracias!
52,ch06,du237,2026-09-09 21:36:00,esto no compila
53,ch19,du261,2026-09-10 12:48:33,subí el archivo
54,ch01,du127,2026-09-14 05:09:21,qué opinan de
55,ch11,du261,2026-09-16 11:05:38,esto no compila
56,ch04,du163,2026-09-09 11:49:28,listo
57,ch20,du141,2026-09-19 16:52:16,listo
58,ch06,du129,2026-09-18 09:05:54,gracias!
59,ch25,du238,2026-09-03 16:30:25,alguien sabe cómo
60,ch28,du250,2026-09-08 16:10:40,mañana sigo
61,ch01,du237,2026-09-23 10:43:30,esto no compila
62,ch02,du221,2026-09-28 15:15:38,jaja
63,ch14,du296,2026-09-23 07:33:55,alguien sabe cómo
64,ch14,du118,2026-09-17 10:30:02,revisen el canal de anuncios
65,ch30,du141,2026-09-03 07:42:33,mañana sigo
66,ch29,du114,2026-09-13 17:00:55,revisen el canal de anuncios
67,ch09,du138,2026-09-25 11:26:23,qué opinan de
68,ch24,du117,2026-09-11 16:34:59,subí el archivo
69,ch39,du029,2026-09-03 18:39:41,jaja
70,ch04,du012,2026-09-21 13:52:23,gracias!
71,ch17,du238,2026-09-01 22:30:54,subí el archivo
72,ch01,du119,2026-09-08 13:29:39,me uno en 5
73,ch29,du256,2026-09-28 18:38:53,revisen el canal de anuncios
74,ch05,du221,2026-09-17 19:19:51,alguien sabe cómo
75,ch02,du254,2026-09-15 17:46:37,gracias!
76,ch01,du043,2026-09-29 20:06:39,jaja
77,ch18,du244,2026-09-04 19:33:18,a qué hora es la reunión
78,ch03,du115,2026-09-06 11:10:25,me uno en 5
79,ch25,du038,2026-09-26 18:10:25,ya quedó el deploy
80,ch17,du294,2026-09-28 02:28:56,revisen el canal de anuncios
81,ch06,du216,2026-09-02 20:49:53,revisen el canal de anuncios
82,ch19,du257,2026-09-06 08:22:20,ya quedó el deploy
83,ch29,du102,2026-09-01 16:31:26,subí el archivo
84,ch21,du065,2026-09-06 14:43:27,qué opinan de
85,ch29,du285,2026-09-19 07:06:28,me uno en 5
86,ch25,du103,2026-09-04 19:19:28,ya quedó el deploy
87,ch14,du136,2026-09-22 21:41:07,ya quedó el deploy
88,ch33,du079,2026-09-11 13:08:58,revisen el canal de anuncios
89,ch32,du173,2026-09-22 18:08:50,revisen el canal de anuncios
90,ch02,du132,2026-09-25 02:01:37,me uno en 5
91,ch15,du134,2026-09-20 07:59:52,esto no compila
92,ch02,du228,2026-09-13 01:31:06,revisen el canal de anuncios
93,ch30,du283,2026-09-23 15:17:05,revisen el canal de anuncios
94,ch09,du092,2026-09-12 19:37:42,alguien sabe cómo
95,ch15,du210,2026-09-09 19:20:09,revisen el canal de anuncios
96,ch29,du043,2026-09-19 19:56:49,gracias!
97,ch09,du104,2026-09-01 20:30:44,mañana sigo
98,ch04,du276,2026-09-06 11:05:50,gracias!
99,ch24,du035,2026-09-07 08:05:56,listo
100,ch36,du093,2026-09-28 13:21:46,esto no compila
101,ch31,du031,2026-09-02 11:48:16,subí el archivo
102,ch24,du102,2026-09-17 03:28:08,a qué hora es la reunión
103,ch30,du182,2026-09-03 16:50:28,mañana sigo
104,ch02,du238,2026-09-15 17:30:03,esto no compila
105,ch02,du084,2026-09-30 06:10:22,a qué hora es la reunión
106,ch35,du053,2026-09-11 20:38:27,esto no compila
107,ch29,du043,2026-09-04 06:01:36,listo
108,ch25,du032,2026-09-04 17:15:27,alguien sabe cómo
109,ch16,du164,2026-09-27 12:17:47,gracias!
110,ch33,du095,2026-09-07 08:28:25,ya quedó el deploy
111,ch15,du244,2026-09-01 15:25:10,ya quedó el deploy
112,ch29,du235,2026-09-29 20:49:59,jaja
113,ch35,du095,2026-09-24 20:38:53,listo
114,ch07,du027,2026-09-10 21:45:30,subí el archivo
115,ch29,du025,2026-09-26 21:46:16,me uno en 5
116,ch01,du083,2026-09-15 00:03:07,ya quedó el deploy
117,ch28,du113,2026-09-06 21:24:03,a qué hora es la reunión
118,ch31,du200,2026-09-29 08:48:13,listo
119,ch16,du030,2026-09-04 21:48:29,mañana sigo
120,ch29,du059,2026-09-30 09:17:14,gracias!
121,ch01,du186,2026-09-08 23:30:52,subí el archivo
122,ch15,du085,2026-09-12 03:54:30,gracias!
123,ch22,du289,2026-09-02 11:01:40,qué opinan de
124,ch11,du264,2026-09-26 09:20:48,alguien sabe cómo
125,ch05,du283,2026-09-15 17:49:20,listo
126,ch18,du101,2026-09-02 20:08:50,me uno en 5
127,ch15,du134,2026-09-11 05:41:56,mañana sigo
128,ch32,du236,2026-09-14 18:02:55,ya quedó el deploy
129,ch29,du236,2026-09-21 19:38:57,a qué hora es la reunión
130,ch33,du287,2026-09-08 14:03:39,listo
131,ch19,du128,2026-09-02 14:34:53,listo
132,ch25,du173,2026-09-13 19:07:57,gracias!
133,ch23,du219,2026-09-13 15:36:12,me uno en 5
134,ch32,du240,2026-09-02 07:50:08,listo
135,ch16,du239,2026-09-05 14:32:13,listo
136,ch16,du225,2026-09-20 19:39:37,qué opinan de
137,ch32,du135,2026-09-11 19:32:01,ya quedó el deploy
138,ch04,du102,2026-09-08 17:12:55,mañana sigo
139,ch03,du096,2026-09-26 13:19:30,qué opinan de
140,ch14,du046,2026-09-01 08:52:08,subí el archivo
141,ch05,du013,2026-09-18 10:23:38,listo
142,ch18,du182,2026-09-15 07:40:07,me uno en 5
143,ch33,du088,2026-09-08 14:08:03,listo
144,ch39,du084,2026-09-26 09:32:08,qué opinan de
145,ch29,du130,2026-09-05 19:12:31,subí el archivo
146,ch09,du135,2026-09-22 20:20:30,ya quedó el deploy
147,ch16,du162,2026-09-25 22:49:36,alguien sabe cómo
148,ch09,du065,2026-09-01 10:43:43,revisen el canal de anuncios
149,ch16,du049,2026-09-03 17:14:03,revisen el canal de anuncios
150,ch14,du119,2026-09-12 11:41:17,esto no compila
151,ch05,du081,2026-09-11 18:38:52,revisen el canal de anuncios
152,ch33,du020,2026-09-04 01:45:22,alguien sabe cómo
153,ch29,du130,2026-09-05 15:26:02,mañana sigo
154,ch33,du089,2026-09-19 04:58:49,revisen el canal de anuncios
155,ch29,du142,2026-09-10 12:32:39,esto no compila
156,ch18,du184,2026-09-23 08:30:28,subí el archivo
157,ch25,du187,2026-09-28 14:47:38,mañana sigo
158,ch39,du101,2026-09-21 22:04:31,revisen el canal de anuncios
159,ch36,du186,2026-09-16 05:35:53,esto no compila
160,ch07,du290,2026-09-11 20:48:49,me uno en 5
161,ch23,du224,2026-09-15 23:10:30,mañana sigo
162,ch16,du295,2026-09-04 16:00:26,subí el archivo
163,ch02,du215,2026-09-01 09:50:39,me uno en 5
164,ch07,du295,2026-09-25 08:56:49,ya quedó el deploy
165,ch18,du111,2026-09-05 17:38:01,alguien sabe cómo
166,ch36,du194,2026-09-20 10:26:27,alguien sabe cómo
167,ch36,du227,2026-09-28 20:11:34,listo
168,ch29,du226,2026-09-15 09:20:22,qué opinan de
169,ch05,du052,2026-09-05 18:01:39,a qué hora es la reunión
170,ch01,du144,2026-09-21 19:29:03,subí el archivo
171,ch01,du157,2026-09-26 14:38:56,a qué hora es la reunión
172,ch25,du185,2026-09-30 21:56:47,ya quedó el deploy
173,ch06,du119,2026-09-25 09:15:32,revisen el canal de anuncios
174,ch01,du085,2026-09-20 17:30:48,gracias!
175,ch04,du257,2026-09-23 12:09:29,subí el archivo
176,ch02,du240,2026-09-14 17:26:46,revisen el canal de anuncios
177,ch40,du079,2026-09-03 12:19:17,ya quedó el deploy
178,ch03,du229,2026-09-18 21:04:26,ya quedó el deploy
179,ch14,du031,2026-09-24 21:18:59,alguien sabe cómo
180,ch27,du221,2026-09-21 09:04:18,jaja
181,ch05,du003,2026-09-17 14:55:33,a qué hora es la reunión
182,ch14,du065,2026-09-29 17:20:13,revisen el canal de anuncios
183,ch01,du275,2026-09-11 17:39:59,listo
184,ch18,du095,2026-09-08 06:29:05,listo
185,ch20,du222,2026-09-30 21:18:23,esto no compila
186,ch22,du043,2026-09-23 12:55:15,qué opinan de
187,ch26,du290,2026-09-22 20:54:36,revisen el canal de anuncios
188,ch20,du294,2026-09-14 16:43:47,mañana sigo
189,ch31,du172,2026-09-26 15:42:31,a qué hora es la reunión
190,ch35,du137,2026-09-07 11:56:36,me uno en 5
191,ch02,du156,2026-09-29 19:15:10,a qué hora es la reunión
192,ch02,du090,2026-09-11 20:56:46,jaja
193,ch03,du029,2026-09-24 10:30:21,gracias!
194,ch01,du057,2026-09-01 07:18:18,a qué hora es la reunión
195,ch24,du084,2026-09-13 17:14:06,listo
196,ch19,du217,2026-09-30 08:57:30,a qué hora es la reunión
197,ch31,du135,2026-09-16 18:31:49,mañana sigo
198,ch17,du037,2026-09-03 12:23:03,esto no compila
199,ch36,du294,2026-09-04 17:23:42,esto no compila
200,ch35,du112,2026-09-29 02:44:52,qué opinan de
201,ch01,du285,2026-09-08 11:03:01,revisen el canal de anuncios
202,ch33,du275,2026-09-22 18:07:14,revisen el canal de anuncios
203,ch25,du296,2026-09-17 13:21:42,subí el archivo
204,ch39,du008,2026-09-23 18:43:02,a qué hora es la reunión
205,ch16,du262,2026-09-30 07:10:01,mañana sigo
206,ch23,du055,2026-09-20 14:19:58,subí el archivo
207,ch02,du193,2026-09-27 11:41:04,revisen el canal de anuncios
208,ch40,du064,2026-09-15 07:22:10,a qué hora es la reunión
209,ch16,du020,2026-09-02 17:08:58,a qué hora es la reunión
210,ch29,du101,2026-09-02 22:02:29,revisen el canal de anuncios
211,ch28,du215,2026-09-08 18:51:49,listo
212,ch14,du082,2026-09-04 14:27:47,subí el archivo
213,ch16,du114,2026-09-03 11:09:35,jaja
214,ch19,du131,2026-09-06 18:56:50,listo
215,ch23,du269,2026-09-09 15:31:02,alguien sabe cómo
216,ch34,du136,2026-09-25 13:30:34,alguien sabe cómo
217,ch19,du236,2026-09-28 23:05:08,qué opinan de
218,ch19,du058,2026-09-18 10:13:52,gracias!
219,ch33,du203,2026-09-24 09:15:02,jaja
220,ch06,du294,2026-09-13 04:27:22,jaja
221,ch40,du201,2026-09-20 08:34:28,subí el archivo
222,ch16,du238,2026-09-30 12:59:17,revisen el canal de anuncios
223,ch28,du192,2026-09-13 15:28:21,qué opinan de
224,ch27,du076,2026-09-08 10:50:43,listo
225,ch24,du034,2026-09-25 21:26:54,subí el archivo
226,ch02,du149,2026-09-23 18:11:16,revisen el canal de anuncios
227,ch20,du120,2026-09-15 21:54:38,qué opinan de
228,ch24,du003,2026-09-13 11:27:58,qué opinan de
229,ch31,du007,2026-09-01 05:42:48,subí el archivo
230,ch29,du292,2026-09-21 11:42:27,esto no compila
231,ch25,du029,2026-09-21 11:58:04,jaja
232,ch37,du060,2026-09-13 19:33:40,revisen el canal de anuncios
233,ch04,du208,2026-09-05 15:19:16,mañana sigo
234,ch05,du040,2026-09-22 12:23:33,alguien sabe cómo
235,ch29,du058,2026-09-13 08:28:32,listo
236,ch31,du155,2026-09-26 19:56:40,jaja
237,ch33,du086,2026-09-24 17:22:30,gracias!
238,ch04,du172,2026-09-28 16:22:09,mañana sigo
239,ch15,du204,2026-09-14 13:48:48,jaja
240,ch27,du050,2026-09-05 15:10:33,alguien sabe cómo
241,ch31,du256,2026-09-10 17:07:12,subí el archivo
242,ch24,du134,2026-09-18 15:06:48,a qué hora es la reunión
243,ch19,du289,2026-09-07 12:47:40,esto no compila
244,ch23,du193,2026-09-21 07:27:05,me uno en 5
245,ch05,du132,2026-09-02 10:16:33,gracias!
246,ch10,du081,2026-09-12 22:40:53,me uno en 5
247,ch19,du251,2026-09-10 08:48:35,esto no compila
248,ch02,du170,2026-09-23 20:09:17,qué opinan de
249,ch23,du227,2026-09-23 09:29:47,esto no compila
250,ch23,du129,2026-09-19 13:09:08,a qué hora es la reunión
251,ch39,du026,2026-09-02 10:05:06,mañana sigo
252,ch35,du114,2026-09-23 18:36:42,jaja
253,ch05,du063,2026-09-13 05:49:48,listo
254,ch40,du012,2026-09-18 12:03:20,mañana sigo
255,ch28,du164,2026-09-30 11:29:42,revisen el canal de anuncios
256,ch05,du103,2026-09-18 18:20:30,qué opinan de
257,ch31,du215,2026-09-22 06:15:09,ya quedó el deploy
258,ch40,du101,2026-09-22 13:34:45,revisen el canal de anuncios
259,ch15,du118,2026-09-26 12:33:47,listo
260,ch31,du091,2026-09-24 14:26:10,jaja
261,ch06,du234,2026-09-08 08:17:42,revisen el canal de anuncios
262,ch04,du085,2026-09-11 18:21:58,me uno en 5
263,ch06,du095,2026-09-09 07:02:41,me uno en 5
264,ch39,du081,2026-09-17 18:31:01,gracias!
265,ch36,du092,2026-09-04 10:07:33,revisen el canal de anuncios
266,ch33,du051,2026-09-29 16:28:22,jaja
267,ch36,du054,2026-09-25 14:33:20,me uno en 5
268,ch21,du251,2026-09-25 08:27:00,esto no compila
269,ch36,du208,2026-09-13 19:47:45,esto no compila
270,ch03,du152,2026-09-09 21:58:53,listo
271,ch04,du220,2026-09-24 13:16:31,me uno en 5
272,ch33,du114,2026-09-15 11:06:51,a qué hora es la reunión
273,ch30,du165,2026-09-14 11:51:54,esto no compila
274,ch14,du013,2026-09-10 18:39:08,jaja
275,ch09,du077,2026-09-04 22:32:37,qué opinan de
276,ch12,du182,2026-09-30 14:46:05,me uno en 5
277,ch36,du038,2026-09-20 09:21:36,gracias!
278,ch29,du238,2026-09-25 14:51:43,ya quedó el deploy
279,ch31,du077,2026-09-10 06:36:02,jaja
280,ch14,du018,2026-09-26 08:22:24,mañana sigo
281,ch25,du275,2026-09-16 09:46:49,jaja
282,ch04,du164,2026-09-20 18:07:34,me uno en 5
283,ch14,du057,2026-09-16 03:18:08,me uno en 5
284,ch12,du172,2026-09-07 17:20:01,revisen el canal de anuncios
285,ch36,du103,2026-09-04 14:59:11,a qué hora es la reunión
286,ch12,du107,2026-09-01 16:35:36,gracias!
287,ch36,du121,2026-09-13 12:20:47,alguien sabe cómo
288,ch35,du238,2026-09-07 18:35:33,me uno en 5
289,ch31,du200,2026-09-26 16:27:02,subí el archivo
290,ch14,du276,2026-09-06 13:09:42,gracias!
291,ch18,du263,2026-09-14 19:01:20,subí el archivo
292,ch21,du244,2026-09-13 05:55:23,a qué hora es la reunión
293,ch17,du248,2026-09-13 16:16:59,me uno en 5
294,ch19,du184,2026-09-12 10:51:31,esto no compila
295,ch02,du138,2026-09-27 16:47:28,me uno en 5
296,ch16,du049,2026-09-11 20:49:10,gracias!
297,ch23,du228,2026-09-23 14:50:13,jaja
298,ch16,du131,2026-09-28 05:02:23,qué opinan de
299,ch33,du204,2026-09-01 16:59:54,ya quedó el deploy
300,ch24,du226,2026-09-20 22:33:10,listo
301,ch18,du131,2026-09-16 09:29:01,alguien sabe cómo
302,ch24,du186,2026-09-05 12:20:00,revisen el canal de anuncios
303,ch26,du132,2026-09-27 19:27:04,gracias!
304,ch26,du131,2026-09-17 07:15:03,ya quedó el deploy
305,ch29,du014,2026-09-03 15:57:25,qué opinan de
306,ch19,du262,2026-09-09 09:04:10,jaja
307,ch02,du109,2026-09-12 16:01:07,mañana sigo
308,ch17,du182,2026-09-15 19:10:52,mañana sigo
309,ch33,du060,2026-09-21 11:54:26,gracias!
310,ch24,du203,2026-09-28 18:22:38,subí el archivo
311,ch20,du087,2026-09-16 17:03:15,qué opinan de
312,ch01,du135,2026-09-22 21:18:28,mañana sigo
313,ch21,du165,2026-09-25 08:42:12,mañana sigo
314,ch05,du219,2026-09-04 08:55:45,listo
315,ch03,du130,2026-09-27 21:19:58,alguien sabe cómo
316,ch05,du182,2026-09-25 22:48:17,listo
317,ch39,du242,2026-09-10 19:56:54,subí el archivo
318,ch39,du014,2026-09-09 08:41:48,subí el archivo
319,ch39,du297,2026-09-27 22:03:46,jaja
320,ch22,du054,2026-09-19 14:35:39,alguien sabe cómo
321,ch05,du043,2026-09-30 00:54:54,me uno en 5
322,ch39,du134,2026-09-15 07:55:30,mañana sigo
323,ch29,du285,2026-09-18 20:33:09,mañana sigo
324,ch28,du130,2026-09-25 21:41:03,a qué hora es la reunión
325,ch35,du282,2026-09-06 06:26:43,revisen el canal de anuncios
326,ch28,du221,2026-09-27 07:21:31,alguien sabe cómo
327,ch09,du289,2026-09-24 16:06:31,a qué hora es la reunión
328,ch33,du053,2026-09-22 19:45:20,mañana sigo
329,ch32,du172,2026-09-12 20:27:13,gracias!
330,ch04,du168,2026-09-12 15:14:27,ya quedó el deploy
331,ch16,du060,2026-09-12 19:31:51,esto no compila
332,ch06,du036,2026-09-07 18:35:50,subí el archivo
333,ch19,du138,2026-09-11 10:44:36,alguien sabe cómo
334,ch05,du234,2026-09-25 11:21:17,jaja
335,ch15,du138,2026-09-09 09:00:56,subí el archivo
336,ch36,du115,2026-09-23 14:17:56,jaja
337,ch07,du138,2026-09-02 10:35:02,qué opinan de
338,ch35,du166,2026-09-17 09:35:42,esto no compila
339,ch25,du152,2026-09-12 11:47:38,alguien sabe cómo
340,ch33,du164,2026-09-24 14:08:45,listo
341,ch39,du154,2026-09-02 21:08:38,ya quedó el deploy
342,ch06,du259,2026-09-09 08:31:14,me uno en 5
343,ch01,du014,2026-09-21 04:21:35,esto no compila
344,ch23,du284,2026-09-05 14:00:48,esto no compila
345,ch11,du264,2026-09-04 16:38:05,ya quedó el deploy
346,ch31,du043,2026-09-03 11:56:18,me uno en 5
347,ch25,du081,2026-09-06 07:25:32,revisen el canal de anuncios
348,ch04,du242,2026-09-29 19:53:46,me uno en 5
349,ch04,du200,2026-09-26 09:34:34,me uno en 5
350,ch02,du271,2026-09-24 13:24:12,me uno en 5
351,ch19,du253,2026-09-26 02:50:31,ya quedó el deploy
352,ch18,du157,2026-09-30 18:18:41,mañana sigo
353,ch16,du035,2026-09-29 16:51:47,revisen el canal de anuncios
354,ch06,du066,2026-09-14 06:53:20,me uno en 5
355,ch06,du162,2026-09-17 02:19:37,esto no compila
356,ch19,du192,2026-09-19 09:08:37,gracias!
357,ch01,du226,2026-09-16 06:50:40,ya quedó el deploy
358,ch28,du100,2026-09-21 16:43:27,qué opinan de
359,ch34,du204,2026-09-22 14:33:48,esto no compila
360,ch07,du182,2026-09-25 12:46:20,subí el archivo
361,ch06,du210,2026-09-27 04:09:53,revisen el canal de anuncios
362,ch16,du104,2026-09-15 20:24:37,ya quedó el deploy
363,ch18,du298,2026-09-16 21:21:25,listo
364,ch29,du171,2026-09-16 22:48:10,listo
365,ch05,du102,2026-09-13 20:37:31,subí el archivo
366,ch04,du253,2026-09-13 20:29:43,esto no compila
367,ch14,du222,2026-09-23 07:47:46,revisen el canal de anuncios
368,ch28,du294,2026-09-30 16:49:20,jaja
369,ch21,du172,2026-09-10 05:08:58,gracias!
370,ch05,du262,2026-09-26 18:55:30,me uno en 5
371,ch38,du120,2026-09-12 00:36:53,ya quedó el deploy
372,ch19,du134,2026-09-15 08:12:31,gracias!
373,ch02,du051,2026-09-01 12:10:39,me uno en 5
374,ch01,du020,2026-09-29 02:50:13,revisen el canal de anuncios
375,ch36,du256,2026-09-09 16:29:19,ya quedó el deploy
376,ch37,du173,2026-09-01 13:05:16,alguien sabe cómo
377,ch18,du015,2026-09-18 10:29:42,me uno en 5
378,ch29,du142,2026-09-05 10:43:07,a qué hora es la reunión
379,ch32,du173,2026-09-02 19:06:23,listo
380,ch28,du144,2026-09-20 07:50:33,subí el archivo
381,ch30,du076,2026-09-28 13:47:06,a qué hora es la reunión
382,ch01,du087,2026-09-07 00:17:42,me uno en 5
383,ch21,du282,2026-09-17 10:36:13,listo
384,ch29,du119,2026-09-02 18:49:36,a qué hora es la reunión
385,ch04,du200,2026-09-25 11:43:03,gracias!
386,ch24,du255,2026-09-22 16:11:10,mañana sigo
387,ch25,du055,2026-09-25 09:58:37,esto no compila
388,ch32,du011,2026-09-17 22:43:01,jaja
389,ch09,du277,2026-09-02 09:44:44,ya quedó el deploy
390,ch04,du052,2026-09-05 12:25:00,me uno en 5
391,ch06,du239,2026-09-25 13:37:50,revisen el canal de anuncios
392,ch03,du283,2026-09-16 16:26:32,ya quedó el deploy
393,ch29,du173,2026-09-17 17:56:20,esto no compila
394,ch19,du121,2026-09-19 13:02:57,listo
395,ch28,du059,2026-09-25 10:25:54,alguien sabe cómo
396,ch21,du004,2026-09-13 19:51:36,revisen el canal de anuncios
397,ch19,du082,2026-09-26 08:56:02,listo
398,ch05,du285,2026-09-14 14:06:29,gracias!
399,ch20,du068,2026-09-01 12:06:26,subí el archivo
400,ch06,du235,2026-09-10 14:20:52,revisen el canal de anuncios
401,ch14,du226,2026-09-07 14:07:00,mañana sigo
402,ch04,du154,2026-09-29 22:41:49,qué opinan de
403,ch39,du050,2026-09-28 21:19:09,qué opinan de
404,ch39,du218,2026-09-20 08:16:49,subí el archivo
405,ch09,du059,2026-09-28 12:59:09,alguien sabe cómo
406,ch30,du252,2026-09-24 07:06:21,me uno en 5
407,ch06,du106,2026-09-27 11:57:35,esto no compila
408,ch20,du298,2026-09-08 13:11:03,gracias!
409,ch36,du237,2026-09-20 08:40:12,alguien sabe cómo
410,ch23,du128,2026-09-29 17:38:09,subí el archivo
411,ch32,du027,2026-09-19 05:45:13,ya quedó el deploy
412,ch07,du195,2026-09-19 16:27:14,listo
413,ch29,du102,2026-09-17 15:19:11,esto no compila
414,ch02,du263,2026-09-08 02:46:01,esto no compila
415,ch16,du068,2026-09-26 12:11:05,listo
416,ch23,du056,2026-09-30 11:30:45,subí el archivo
417,ch05,du007,2026-09-15 09:56:31,gracias!
418,ch28,du186,2026-09-21 16:35:14,me uno en 5
419,ch06,du208,2026-09-15 13:50:56,alguien sabe cómo
420,ch01,du116,2026-09-30 17:48:43,esto no compila
421,ch05,du229,2026-09-17 08:26:33,listo
422,ch02,du242,2026-09-02 17:20:07,mañana sigo
423,ch16,du137,2026-09-04 12:59:48,alguien sabe cómo
424,ch31,du056,2026-09-27 04:33:35,alguien sabe cómo
425,ch04,du036,2026-09-30 19:33:33,listo
426,ch17,du061,2026-09-12 17:36:22,a qué hora es la reunión
427,ch01,du076,2026-09-22 16:04:16,subí el archivo
428,ch24,du155,2026-09-27 06:39:07,jaja
429,ch31,du223,2026-09-16 21:20:05,esto no compila
430,ch23,du240,2026-09-11 17:16:34,a qué hora es la reunión
431,ch25,du085,2026-09-23 09:39:35,esto no compila
432,ch27,du207,2026-09-16 17:51:41,a qué hora es la reunión
433,ch26,du056,2026-09-23 23:05:12,qué opinan de
434,ch31,du215,2026-09-30 17:05:05,listo
435,ch39,du280,2026-09-15 12:15:54,revisen el canal de anuncios
436,ch02,du294,2026-09-19 20:30:09,gracias!
437,ch02,du208,2026-09-18 19:34:16,mañana sigo
438,ch28,du015,2026-09-08 11:03:51,listo
439,ch04,du210,2026-09-11 12:24:10,mañana sigo
440,ch04,du013,2026-09-03 19:30:25,alguien sabe cómo
441,ch29,du223,2026-09-08 17:14:46,gracias!
442,ch36,du284,2026-09-16 12:28:58,listo
443,ch24,du186,2026-09-04 21:36:14,gracias!
444,ch24,du247,2026-09-15 16:24:53,a qué hora es la reunión
445,ch17,du248,2026-09-05 23:01:13,listo
446,ch31,du215,2026-09-20 04:59:48,jaja
447,ch22,du005,2026-09-12 21:01:10,revisen el canal de anuncios
448,ch33,du032,2026-09-12 13:15:04,listo
449,ch18,du255,2026-09-11 06:21:55,subí el archivo
450,ch05,du078,2026-09-17 12:52:17,qué opinan de
451,ch18,du085,2026-09-02 16:02:42,alguien sabe cómo
452,ch35,du238,2026-09-01 08:17:05,listo
453,ch40,du061,2026-09-29 09:27:25,mañana sigo
454,ch01,du266,2026-09-21 08:18:01,gracias!
455,ch35,du116,2026-09-28 10:03:59,ya quedó el deploy
456,ch19,du212,2026-09-27 13:55:37,ya quedó el deploy
457,ch19,du169,2026-09-01 20:21:46,a qué hora es la reunión
458,ch09,du169,2026-09-11 13:18:47,me uno en 5
459,ch01,du239,2026-09-02 21:44:58,alguien sabe cómo
460,ch33,du038,2026-09-24 14:02:58,mañana sigo
461,ch27,du191,2026-09-18 19:55:14,listo
462,ch34,du266,2026-09-30 03:50:04,listo
463,ch38,du121,2026-09-19 10:48:07,subí el archivo
464,ch34,du181,2026-09-16 19:45:53,revisen el canal de anuncios
465,ch34,du252,2026-09-13 17:14:56,ya quedó el deploy
466,ch31,du058,2026-09-25 12:37:21,ya quedó el deploy
467,ch25,du193,2026-09-25 20:49:40,ya quedó el deploy
468,ch29,du210,2026-09-29 05:29:38,revisen el canal de anuncios
469,ch05,du256,2026-09-21 14:21:15,qué opinan de
470,ch15,du277,2026-09-30 06:06:02,qué opinan de
471,ch36,du115,2026-09-18 02:12:38,subí el archivo
472,ch27,du074,2026-09-18 08:35:57,revisen el canal de anuncios
473,ch09,du194,2026-09-06 12:42:08,me uno en 5
474,ch29,du038,2026-09-29 08:13:37,revisen el canal de anuncios
475,ch09,du050,2026-09-04 21:03:07,me uno en 5
476,ch39,du244,2026-09-24 16:41:51,ya quedó el deploy
477,ch02,du223,2026-09-21 15:44:29,jaja
478,ch17,du090,2026-09-19 18:26:51,listo
479,ch01,du106,2026-09-22 13:26:06,esto no compila
480,ch14,du221,2026-09-08 23:42:40,mañana sigo
481,ch20,du278,2026-09-03 15:14:41,mañana sigo
482,ch31,du095,2026-09-22 20:20:28,mañana sigo
483,ch06,du136,2026-09-13 15:50:26,mañana sigo
484,ch01,du079,2026-09-20 15:20:44,me uno en 5
485,ch12,du103,2026-09-22 19:01:21,gracias!
486,ch05,du189,2026-09-26 14:51:38,qué opinan de
487,ch29,du220,2026-09-02 20:51:49,alguien sabe cómo
488,ch28,du080,2026-09-01 19:51:29,gracias!
489,ch02,du055,2026-09-23 21:53:10,mañana sigo
490,ch04,du249,2026-09-04 19:44:15,ya quedó el deploy
491,ch35,du038,2026-09-07 09:18:23,ya quedó el deploy
492,ch35,du036,2026-09-01 08:43:13,ya quedó el deploy
493,ch13,du079,2026-09-11 12:21:16,esto no compila
494,ch23,du204,2026-09-19 09:34:41,gracias!
495,ch30,du099,2026-09-15 12:19:03,a qué hora es la reunión
496,ch18,du195,2026-09-04 13:26:39,ya quedó el deploy
497,ch15,du136,2026-09-08 19:45:28,alguien sabe cómo
498,ch30,du264,2026-09-14 12:21:21,esto no compila
499,ch39,du157,2026-09-11 16:00:47,jaja
500,ch16,du141,2026-09-30 08:46:48,esto no compila
501,ch16,du113,2026-09-01 17:27:22,ya quedó el deploy
502,ch24,du106,2026-09-05 00:02:34,esto no compila
503,ch29,du249,2026-09-12 17:21:02,esto no compila
504,ch01,du216,2026-09-11 05:42:30,mañana sigo
505,ch02,du073,2026-09-03 08:22:56,listo
506,ch04,du202,2026-09-27 17:12:39,esto no compila
507,ch03,du253,2026-09-01 09:54:15,esto no compila
508,ch25,du131,2026-09-24 10:18:20,listo
509,ch28,du130,2026-09-06 13:06:57,esto no compila
510,ch13,du115,2026-09-21 20:32:43,jaja
511,ch24,du091,2026-09-18 10:48:33,listo
512,ch26,du066,2026-09-23 19:16:01,mañana sigo
513,ch27,du038,2026-09-01 05:51:15,subí el archivo
514,ch14,du128,2026-09-20 09:52:08,subí el archivo
515,ch06,du110,2026-09-13 16:03:23,mañana sigo
516,ch36,du253,2026-09-15 14:07:41,revisen el canal de anuncios
517,ch24,du257,2026-09-29 13:42:56,a qué hora es la reunión
518,ch14,du037,2026-09-10 14:43:15,jaja
519,ch35,du014,2026-09-25 10:28:29,revisen el canal de anuncios
520,ch18,du219,2026-09-30 17:10:04,qué opinan de
521,ch20,du050,2026-09-06 10:17:52,ya quedó el deploy
522,ch24,du252,2026-09-27 11:42:36,qué opinan de
523,ch02,du262,2026-09-23 17:22:02,listo
524,ch31,du208,2026-09-10 19:34:52,jaja
525,ch17,du125,2026-09-28 19:11:34,revisen el canal de anuncios
526,ch28,du003,2026-09-30 21:24:05,listo
527,ch19,du154,2026-09-29 20:16:37,a qué hora es la reunión
528,ch21,du215,2026-09-10 17:40:22,gracias!
529,ch16,du020,2026-09-01 19:49:51,listo
530,ch20,du119,2026-09-05 07:23:31,gracias!
531,ch31,du155,2026-09-14 17:12:53,me uno en 5
532,ch02,du261,2026-09-29 07:52:34,revisen el canal de anuncios
533,ch29,du129,2026-09-25 21:20:10,qué opinan de
534,ch09,du230,2026-09-16 13:00:25,jaja
535,ch01,du026,2026-09-20 16:34:09,subí el archivo
536,ch25,du171,2026-09-02 17:37:47,esto no compila
537,ch29,du172,2026-09-07 23:30:17,alguien sabe cómo
538,ch17,du200,2026-09-06 16:48:05,alguien sabe cómo
539,ch05,du107,2026-09-30 07:26:08,gracias!
540,ch28,du219,2026-09-18 07:25:47,mañana sigo
541,ch39,du229,2026-09-09 09:57:20,a qué hora es la reunión
542,ch24,du117,2026-09-24 08:30:43,gracias!
543,ch31,du282,2026-09-16 10:21:25,a qué hora es la reunión
544,ch28,du007,2026-09-04 14:02:20,jaja
545,ch04,du118,2026-09-27 16:23:55,ya quedó el deploy
546,ch28,du054,2026-09-24 14:02:39,listo
547,ch24,du236,2026-09-11 08:46:41,revisen el canal de anuncios
548,ch17,du148,2026-09-06 08:24:43,alguien sabe cómo
549,ch23,du049,2026-09-18 19:02:48,me uno en 5
550,ch27,du032,2026-09-14 01:59:28,gracias!
551,ch32,du240,2026-09-22 09:40:56,gracias!
552,ch32,du181,2026-09-29 16:02:08,subí el archivo
553,ch05,du253,2026-09-25 10:47:23,qué opinan de
554,ch34,du079,2026-09-27 11:45:09,me uno en 5
555,ch36,du277,2026-09-26 18:52:52,jaja
556,ch03,du285,2026-09-16 00:55:35,alguien sabe cómo
557,ch04,du286,2026-09-19 13:25:41,subí el archivo
558,ch05,du195,2026-09-28 11:15:53,a qué hora es la reunión
559,ch29,du125,2026-09-22 17:58:34,qué opinan de
560,ch31,du148,2026-09-23 23:01:28,alguien sabe cómo
561,ch39,du193,2026-09-05 00:10:04,mañana sigo
562,ch26,du239,2026-09-30 11:43:40,jaja
563,ch02,du043,2026-09-06 12:40:34,esto no compila
564,ch12,du038,2026-09-16 19:43:34,listo
565,ch09,du212,2026-09-07 20:51:19,esto no compila
566,ch01,du244,2026-09-23 01:08:04,a qué hora es la reunión
567,ch17,du172,2026-09-19 15:43:02,revisen el canal de anuncios
568,ch33,du297,2026-09-15 09:16:09,esto no compila
569,ch09,du142,2026-09-27 09:05:17,ya quedó el deploy
570,ch23,du168,2026-09-08 18:05:25,alguien sabe cómo
571,ch28,du043,2026-09-15 18:28:17,esto no compila
572,ch07,du081,2026-09-09 18:06:45,subí el archivo
573,ch23,du100,2026-09-18 13:54:49,jaja
574,ch05,du168,2026-09-29 19:00:53,jaja
575,ch32,du280,2026-09-02 18:03:25,subí el archivo
576,ch06,du187,2026-09-15 10:35:21,subí el archivo
577,ch05,du155,2026-09-01 12:47:46,revisen el canal de anuncios
578,ch02,du276,2026-09-03 09:35:15,me uno en 5
579,ch28,du176,2026-09-12 08:05:00,alguien sabe cómo
580,ch05,du051,2026-09-27 07:43:06,revisen el canal de anuncios
581,ch40,du235,2026-09-10 14:33:36,subí el archivo
582,ch25,du269,2026-09-04 21:03:29,revisen el canal de anuncios
583,ch15,du085,2026-09-23 14:53:31,jaja
584,ch18,du125,2026-09-14 05:48:20,me uno en 5
585,ch32,du106,2026-09-08 15:08:28,esto no compila
586,ch32,du289,2026-09-05 12:06:08,subí el archivo
587,ch15,du093,2026-09-05 18:30:28,jaja
588,ch22,du295,2026-09-27 21:23:36,gracias!
589,ch25,du134,2026-09-26 08:12:13,a qué hora es la reunión
590,ch19,du269,2026-09-21 05:30:11,mañana sigo
591,ch07,du063,2026-09-24 15:37:04,jaja
592,ch29,du253,2026-09-03 10:43:37,esto no compila
593,ch40,du200,2026-09-26 20:16:21,ya quedó el deploy
594,ch34,du234,2026-09-03 06:01:12,jaja
595,ch36,du238,2026-09-22 11:01:21,alguien sabe cómo
596,ch01,du005,2026-09-04 15:52:49,jaja
597,ch40,du176,2026-09-27 12:20:27,esto no compila
598,ch14,du186,2026-09-30 23:01:14,ya quedó el deploy
599,ch09,du043,2026-09-09 15:58:47,alguien sabe cómo
600,ch34,du112,2026-09-16 21:54:47,subí el archivo
601,ch32,du065,2026-09-25 19:27:11,mañana sigo
602,ch39,du135,2026-09-05 00:10:21,gracias!
603,ch28,du187,2026-09-13 10:54:43,listo
604,ch29,du136,2026-09-17 20:45:53,me uno en 5
605,ch04,du238,2026-09-22 20:41:04,mañana sigo
606,ch16,du125,2026-09-03 07:57:27,mañana sigo
607,ch04,du110,2026-09-02 18:39:23,a qué hora es la reunión
608,ch18,du240,2026-09-18 11:45:13,subí el archivo
609,ch18,du279,2026-09-11 19:49:18,qué opinan de
610,ch01,du069,2026-09-08 10:43:35,esto no compila
611,ch04,du184,2026-09-05 09:27:00,jaja
612,ch17,du169,2026-09-21 18:08:31,gracias!
613,ch25,du115,2026-09-24 11:36:11,mañana sigo
614,ch04,du187,2026-09-25 18:48:32,a qué hora es la reunión
615,ch33,du200,2026-09-20 16:14:39,mañana sigo
616,ch25,du250,2026-09-11 20:40:55,a qué hora es la reunión
617,ch22,du236,2026-09-21 11:37:30,mañana sigo
618,ch26,du219,2026-09-18 22:45:05,me uno en 5
619,ch39,du230,2026-09-27 17:37:16,listo
620,ch01,du208,2026-09-08 08:06:06,gracias!
621,ch24,du105,2026-09-02 15:13:49,listo
622,ch18,du240,2026-09-12 12:34:34,mañana sigo
623,ch06,du095,2026-09-19 11:34:02,revisen el canal de anuncios
624,ch20,du242,2026-09-13 09:14:48,me uno en 5
625,ch24,du263,2026-09-20 09:22:00,qué opinan de
626,ch25,du244,2026-09-11 00:49:33,qué opinan de
627,ch14,du120,2026-09-09 05:21:51,esto no compila
628,ch09,du029,2026-09-04 15:38:14,esto no compila
629,ch31,du144,2026-09-12 09:09:08,ya quedó el deploy
630,ch17,du203,2026-09-11 19:01:43,qué opinan de
631,ch36,du011,2026-09-06 09:53:45,gracias!
632,ch14,du213,2026-09-09 14:51:24,subí el archivo
633,ch25,du119,2026-09-21 23:45:08,gracias!
634,ch31,du237,2026-09-28 17:16:37,esto no compila
635,ch02,du004,2026-09-23 14:39:12,revisen el canal de anuncios
636,ch19,du235,2026-09-27 10:26:52,revisen el canal de anuncios
637,ch31,du238,2026-09-19 23:52:41,subí el archivo
638,ch01,du173,2026-09-12 10:43:54,jaja
639,ch07,du269,2026-09-22 10:44:29,jaja
640,ch16,du032,2026-09-20 23:42:44,gracias!
641,ch03,du043,2026-09-03 12:20:58,esto no compila
642,ch18,du037,2026-09-07 20:59:13,esto no compila
643,ch14,du036,2026-09-13 07:08:03,a qué hora es la reunión
644,ch30,du035,2026-09-27 06:39:19,subí el archivo
645,ch32,du281,2026-09-26 17:00:58,a qué hora es la reunión
646,ch34,du074,2026-09-03 19:34:00,esto no compila
647,ch04,du054,2026-09-21 20:39:19,esto no compila
648,ch08,du215,2026-09-30 15:11:39,revisen el canal de anuncios
649,ch05,du208,2026-09-06 06:53:48,esto no compila
650,ch14,du086,2026-09-12 14:58:31,me uno en 5
651,ch16,du157,2026-09-13 20:49:56,revisen el canal de anuncios
652,ch16,du130,2026-09-17 07:13:28,listo
653,ch25,du085,2026-09-21 20:06:13,subí el archivo
654,ch28,du068,2026-09-03 13:33:56,alguien sabe cómo
655,ch28,du064,2026-09-15 06:27:34,ya quedó el deploy
656,ch36,du181,2026-09-16 06:20:32,subí el archivo
657,ch20,du289,2026-09-29 12:26:46,esto no compila
658,ch04,du034,2026-09-18 11:43:48,ya quedó el deploy
659,ch31,du133,2026-09-14 19:32:31,me uno en 5
660,ch05,du033,2026-09-05 09:57:26,a qué hora es la reunión
661,ch27,du182,2026-09-12 20:05:24,subí el archivo
662,ch25,du152,2026-09-02 12:31:51,qué opinan de
663,ch01,du219,2026-09-29 00:20:14,me uno en 5
664,ch25,du203,2026-09-15 03:38:55,esto no compila
665,ch06,du264,2026-09-07 20:55:59,qué opinan de
666,ch14,du238,2026-09-28 08:12:51,qué opinan de
667,ch36,du080,2026-09-19 12:30:57,gracias!
668,ch33,du249,2026-09-13 09:50:00,ya quedó el deploy
669,ch24,du074,2026-09-03 07:23:11,mañana sigo
670,ch05,du131,2026-09-15 21:57:40,me uno en 5
671,ch17,du255,2026-09-07 20:20:49,mañana sigo
672,ch14,du052,2026-09-27 18:49:00,listo
673,ch16,du121,2026-09-18 18:37:51,alguien sabe cómo
674,ch23,du102,2026-09-02 14:53:45,a qué hora es la reunión
675,ch04,du234,2026-09-30 18:23:20,mañana sigo
676,ch38,du187,2026-09-16 12:39:25,qué opinan de
677,ch07,du174,2026-09-02 18:49:00,revisen el canal de anuncios
678,ch04,du026,2026-09-19 18:27:13,subí el archivo
679,ch04,du212,2026-09-21 19:16:09,qué opinan de
680,ch32,du117,2026-09-24 22:21:41,revisen el canal de anuncios
681,ch27,du138,2026-09-02 10:37:38,ya quedó el deploy
682,ch17,du053,2026-09-22 13:35:24,ya quedó el deploy
683,ch28,du087,2026-09-06 08:51:53,esto no compila
684,ch24,du027,2026-09-26 07:40:27,jaja
685,ch15,du157,2026-09-10 20:25:18,jaja
686,ch17,du127,2026-09-16 19:41:37,gracias!
687,ch01,du003,2026-09-13 19:24:01,esto no compila
688,ch31,du282,2026-09-25 20:25:30,me uno en 5
689,ch24,du275,2026-09-25 18:42:49,ya quedó el deploy
690,ch20,du091,2026-09-06 07:09:19,mañana sigo
691,ch25,du280,2026-09-28 11:15:07,a qué hora es la reunión
692,ch31,du194,2026-09-28 05:08:48,esto no compila
693,ch05,du068,2026-09-11 03:27:11,mañana sigo
694,ch18,du051,2026-09-30 14:00:53,me uno en 5
695,ch07,du218,2026-09-28 14:53:06,a qué hora es la reunión
696,ch05,du211,2026-09-03 08:18:33,a qué hora es la reunión
697,ch39,du051,2026-09-20 19:19:12,mañana sigo
698,ch24,du129,2026-09-14 10:25:32,me uno en 5
699,ch40,du170,2026-09-25 18:43:18,subí el archivo
700,ch36,du099,2026-09-21 14:23:55,alguien sabe cómo
701,ch16,du006,2026-09-21 12:46:00,mañana sigo
702,ch09,du193,2026-09-09 20:28:56,qué opinan de
703,ch01,du253,2026-09-16 08:00:24,a qué hora es la reunión
704,ch36,du012,2026-09-30 13:45:03,ya quedó el deploy
705,ch31,du267,2026-09-03 16:34:24,listo
706,ch29,du215,2026-09-14 10:39:26,mañana sigo
707,ch14,du242,2026-09-07 17:18:58,qué opinan de
708,ch39,du258,2026-09-05 16:15:58,ya quedó el deploy
709,ch06,du137,2026-09-23 14:05:06,esto no compila
710,ch21,du296,2026-09-22 21:08:33,ya quedó el deploy
711,ch18,du229,2026-09-06 09:46:00,a qué hora es la reunión
712,ch17,du189,2026-09-02 12:50:30,alguien sabe cómo
713,ch02,du084,2026-09-13 21:12:05,alguien sabe cómo
714,ch23,du003,2026-09-21 12:58:35,gracias!
715,ch02,du154,2026-09-08 13:41:23,mañana sigo
716,ch04,du009,2026-09-12 19:16:11,subí el archivo
717,ch20,du119,2026-09-06 19:27:22,alguien sabe cómo
718,ch33,du026,2026-09-01 11:00:29,mañana sigo
719,ch11,du132,2026-09-03 14:21:55,listo
720,ch19,du181,2026-09-30 09:17:47,gracias!
721,ch02,du026,2026-09-01 08:31:46,ya quedó el deploy
722,ch02,du230,2026-09-23 11:35:00,qué opinan de
723,ch06,du256,2026-09-09 15:27:39,me uno en 5
724,ch35,du159,2026-09-27 19:41:04,ya quedó el deploy
725,ch36,du179,2026-09-07 09:59:34,esto no compila
726,ch29,du136,2026-09-12 13:25:32,mañana sigo
727,ch29,du014,2026-09-07 17:08:50,alguien sabe cómo
728,ch03,du144,2026-09-17 21:17:34,mañana sigo
729,ch36,du232,2026-09-24 00:37:23,revisen el canal de anuncios
730,ch39,du215,2026-09-19 10:06:25,gracias!
731,ch31,du068,2026-09-25 06:05:21,a qué hora es la reunión
732,ch17,du169,2026-09-19 19:18:44,esto no compila
733,ch02,du189,2026-09-22 12:23:23,listo
734,ch01,du107,2026-09-25 13:18:48,listo
735,ch18,du248,2026-09-16 16:45:32,subí el archivo
736,ch29,du234,2026-09-17 03:02:56,listo
737,ch14,du133,2026-09-22 09:41:17,me uno en 5
738,ch19,du161,2026-09-21 21:24:27,qué opinan de
739,ch04,du275,2026-09-16 17:56:42,qué opinan de
740,ch15,du251,2026-09-12 18:51:44,ya quedó el deploy
741,ch05,du238,2026-09-27 11:06:19,jaja
742,ch33,du203,2026-09-25 17:27:23,qué opinan de
743,ch17,du101,2026-09-27 01:18:04,esto no compila
744,ch39,du142,2026-09-16 07:39:48,qué opinan de
745,ch29,du229,2026-09-10 11:42:47,mañana sigo
746,ch23,du129,2026-09-01 11:15:59,qué opinan de
747,ch35,du022,2026-09-13 13:25:03,me uno en 5
748,ch31,du130,2026-09-25 23:39:15,alguien sabe cómo
749,ch24,du057,2026-09-15 19:20:58,ya quedó el deploy
750,ch22,du101,2026-09-10 20:03:05,qué opinan de
751,ch20,du035,2026-09-28 17:18:36,alguien sabe cómo
752,ch28,du247,2026-09-06 06:18:40,mañana sigo
753,ch18,du234,2026-09-22 15:14:35,alguien sabe cómo
754,ch20,du026,2026-09-13 08:01:57,listo
755,ch02,du257,2026-09-08 14:03:15,subí el archivo
756,ch32,du262,2026-09-06 18:36:36,mañana sigo
757,ch35,du092,2026-09-15 18:25:45,qué opinan de
758,ch03,du038,2026-09-16 22:07:41,qué opinan de
759,ch12,du223,2026-09-23 19:53:37,alguien sabe cómo
760,ch03,du134,2026-09-24 22:13:14,me uno en 5
761,ch09,du028,2026-09-22 19:41:56,qué opinan de
762,ch21,du240,2026-09-05 19:54:12,alguien sabe cómo
763,ch29,du171,2026-09-15 08:30:55,qué opinan de
764,ch01,du129,2026-09-20 04:58:23,qué opinan de
765,ch01,du058,2026-09-04 20:43:44,gracias!
766,ch23,du106,2026-09-13 04:42:15,ya quedó el deploy
767,ch24,du229,2026-09-17 05:44:23,jaja
768,ch31,du168,2026-09-23 10:58:35,ya quedó el deploy
769,ch23,du171,2026-09-24 15:33:16,me uno en 5
770,ch39,du180,2026-09-26 18:20:40,a qué hora es la reunión
771,ch29,du144,2026-09-29 18:55:19,mañana sigo
772,ch15,du079,2026-09-11 11:18:45,jaja
773,ch04,du222,2026-09-16 20:07:47,mañana sigo
774,ch16,du136,2026-09-01 18:37:54,jaja
775,ch19,du186,2026-09-07 14:54:08,jaja
776,ch35,du216,2026-09-17 11:22:08,gracias!
777,ch40,du154,2026-09-05 15:32:23,a qué hora es la reunión
778,ch29,du173,2026-09-16 17:12:19,gracias!
779,ch33,du220,2026-09-17 21:36:55,subí el archivo
780,ch29,du054,2026-09-06 17:44:03,subí el archivo
781,ch05,du130,2026-09-01 18:57:03,esto no compila
782,ch07,du260,2026-09-29 17:26:40,qué opinan de
783,ch17,du151,2026-09-15 20:05:50,alguien sabe cómo
784,ch31,du136,2026-09-04 18:42:40,alguien sabe cómo
785,ch07,du013,2026-09-16 18:21:06,listo
786,ch04,du136,2026-09-13 12:08:37,ya quedó el deploy
787,ch05,du297,2026-09-05 13:13:54,revisen el canal de anuncios
788,ch16,du053,2026-09-06 12:42:48,a qué hora es la reunión
789,ch14,du285,2026-09-16 13:14:23,ya quedó el deploy
790,ch36,du127,2026-09-22 02:58:44,qué opinan de
791,ch19,du255,2026-09-11 15:08:47,gracias!
792,ch24,du012,2026-09-15 16:23:17,a qué hora es la reunión
793,ch09,du268,2026-09-19 06:30:36,listo
794,ch06,du289,2026-09-07 00:59:39,alguien sabe cómo
795,ch33,du156,2026-09-15 19:53:11,ya quedó el deploy
796,ch02,du262,2026-09-13 20:31:24,revisen el canal de anuncios
797,ch28,du174,2026-09-23 19:51:37,revisen el canal de anuncios
798,ch29,du040,2026-09-08 14:09:09,revisen el canal de anuncios
799,ch32,du228,2026-09-27 23:28:09,ya quedó el deploy
800,ch24,du261,2026-09-17 17:14:46,revisen el canal de anuncios
801,ch28,du275,2026-09-27 20:55:01,qué opinan de
802,ch20,du250,2026-09-18 08:16:15,qué opinan de
803,ch14,du271,2026-09-19 12:22:46,listo
804,ch31,du104,2026-09-13 15:17:13,jaja
805,ch34,du208,2026-09-30 15:02:04,jaja
806,ch22,du084,2026-09-11 21:51:00,subí el archivo
807,ch01,du037,2026-09-25 19:16:29,qué opinan de
808,ch39,du271,2026-09-21 08:14:38,me uno en 5
809,ch34,du136,2026-09-25 19:33:28,a qué hora es la reunión
810,ch17,du133,2026-09-13 21:12:44,alguien sabe cómo
811,ch29,du133,2026-09-27 20:11:05,alguien sabe cómo
812,ch29,du140,2026-09-02 14:39:21,alguien sabe cómo
813,ch16,du297,2026-09-25 17:33:16,esto no compila
814,ch36,du267,2026-09-01 18:27:18,mañana sigo
815,ch07,du028,2026-09-22 21:57:05,ya quedó el deploy
816,ch28,du174,2026-09-09 13:53:37,mañana sigo
817,ch36,du149,2026-09-01 23:45:19,listo
818,ch22,du115,2026-09-26 12:46:24,listo
819,ch30,du124,2026-09-11 12:17:42,esto no compila
820,ch13,du038,2026-09-06 18:12:29,listo
821,ch25,du172,2026-09-20 18:01:54,subí el archivo
822,ch14,du123,2026-09-26 13:05:07,me uno en 5
823,ch23,du043,2026-09-23 21:37:11,alguien sabe cómo
824,ch06,du278,2026-09-26 09:26:00,qué opinan de
825,ch23,du268,2026-09-23 13:01:58,mañana sigo
826,ch06,du162,2026-09-06 09:38:45,alguien sabe cómo
827,ch39,du282,2026-09-26 11:51:29,a qué hora es la reunión
828,ch31,du060,2026-09-06 00:19:13,esto no compila
829,ch40,du244,2026-09-11 21:29:13,subí el archivo
830,ch04,du084,2026-09-28 20:41:38,jaja
831,ch28,du122,2026-09-25 14:07:01,listo
832,ch16,du154,2026-09-23 07:40:45,revisen el canal de anuncios
833,ch29,du210,2026-09-29 13:26:44,mañana sigo
834,ch25,du066,2026-09-26 18:11:25,mañana sigo
835,ch01,du140,2026-09-29 20:39:30,ya quedó el deploy
836,ch25,du229,2026-09-07 13:41:33,listo
837,ch14,du104,2026-09-17 08:56:42,esto no compila
838,ch23,du041,2026-09-13 10:28:41,me uno en 5
839,ch20,du226,2026-09-14 10:48:15,listo
840,ch09,du181,2026-09-13 16:54:56,listo
841,ch23,du026,2026-09-05 19:06:23,mañana sigo
842,ch02,du215,2026-09-03 10:54:02,subí el archivo
843,ch39,du257,2026-09-04 08:11:33,qué opinan de
844,ch16,du083,2026-09-25 08:42:01,gracias!
845,ch24,du228,2026-09-19 18:03:35,a qué hora es la reunión
846,ch16,du213,2026-09-15 13:53:46,subí el archivo
847,ch04,du142,2026-09-30 12:13:54,revisen el canal de anuncios
848,ch12,du215,2026-09-06 10:41:14,listo
849,ch15,du255,2026-09-04 10:43:28,me uno en 5
850,ch31,du186,2026-09-08 00:41:52,alguien sabe cómo
851,ch24,du094,2026-09-24 16:19:56,ya quedó el deploy
852,ch36,du156,2026-09-04 14:35:03,subí el archivo
853,ch04,du162,2026-09-15 13:29:14,esto no compila
854,ch25,du076,2026-09-29 16:23:48,a qué hora es la reunión
855,ch29,du256,2026-09-28 05:10:30,jaja
856,ch22,du131,2026-09-10 18:01:50,alguien sabe cómo
857,ch39,du133,2026-09-12 06:57:48,gracias!
858,ch11,du181,2026-09-03 16:39:36,a qué hora es la reunión
859,ch07,du115,2026-09-29 21:04:11,gracias!
860,ch31,du162,2026-09-05 07:29:50,gracias!
861,ch31,du267,2026-09-29 18:49:47,a qué hora es la reunión
862,ch07,du226,2026-09-27 08:28:20,subí el archivo
863,ch16,du295,2026-09-03 08:10:39,revisen el canal de anuncios
864,ch02,du084,2026-09-06 14:34:37,ya quedó el deploy
865,ch35,du292,2026-09-14 19:38:20,qué opinan de
866,ch06,du078,2026-09-11 01:25:41,subí el archivo
867,ch39,du095,2026-09-27 19:36:24,ya quedó el deploy
868,ch13,du237,2026-09-18 07:39:28,revisen el canal de anuncios
869,ch28,du055,2026-09-04 21:23:48,alguien sabe cómo
870,ch21,du138,2026-09-02 12:41:11,esto no compila
871,ch23,du294,2026-09-18 12:25:03,subí el archivo
872,ch40,du164,2026-09-17 16:04:27,mañana sigo
873,ch04,du065,2026-09-10 18:19:06,qué opinan de
874,ch33,du234,2026-09-29 13:40:25,listo
875,ch31,du263,2026-09-05 10:47:21,ya quedó el deploy
876,ch36,du014,2026-09-28 12:08:13,a qué hora es la reunión
877,ch40,du106,2026-09-23 04:11:42,alguien sabe cómo
878,ch16,du139,2026-09-07 03:36:00,me uno en 5
879,ch16,du177,2026-09-25 14:37:39,revisen el canal de anuncios
880,ch02,du110,2026-09-01 08:31:09,a qué hora es la reunión
881,ch15,du272,2026-09-06 01:41:49,ya quedó el deploy
882,ch03,du262,2026-09-10 13:52:58,jaja
883,ch29,du074,2026-09-15 09:14:03,a qué hora es la reunión
884,ch01,du036,2026-09-04 09:29:20,ya quedó el deploy
885,ch15,du053,2026-09-20 21:55:00,jaja
886,ch06,du219,2026-09-18 16:41:49,a qué hora es la reunión
887,ch09,du052,2026-09-18 16:35:10,me uno en 5
888,ch28,du208,2026-09-04 19:44:53,esto no compila
889,ch18,du174,2026-09-22 08:07:22,gracias!
890,ch04,du101,2026-09-02 16:46:56,qué opinan de
891,ch19,du282,2026-09-13 15:10:08,mañana sigo
892,ch33,du264,2026-09-28 14:17:31,subí el archivo
893,ch17,du061,2026-09-29 16:08:52,qué opinan de
894,ch34,du294,2026-09-27 17:21:27,ya quedó el deploy
895,ch25,du269,2026-09-29 17:17:50,subí el archivo
896,ch23,du014,2026-09-29 03:13:28,revisen el canal de anuncios
897,ch01,du149,2026-09-29 00:12:34,qué opinan de
898,ch36,du151,2026-09-16 18:12:52,ya quedó el deploy
899,ch29,du256,2026-09-13 06:56:54,esto no compila
900,ch39,du110,2026-09-05 09:36:55,mañana sigo
901,ch14,du174,2026-09-21 13:44:34,mañana sigo
902,ch05,du204,2026-09-17 18:41:44,a qué hora es la reunión
903,ch14,du061,2026-09-18 14:37:23,me uno en 5
904,ch31,du049,2026-09-14 12:42:39,jaja
905,ch10,du113,2026-09-07 20:22:13,listo
906,ch05,du271,2026-09-23 08:08:53,gracias!
907,ch25,du184,2026-09-16 14:41:21,ya quedó el deploy
908,ch02,du079,2026-09-16 07:41:09,mañana sigo
909,ch24,du056,2026-09-27 19:37:27,a qué hora es la reunión
910,ch16,du195,2026-09-02 12:41:05,revisen el canal de anuncios
911,ch09,du100,2026-09-07 10:35:14,a qué hora es la reunión
912,ch12,du273,2026-09-27 15:59:47,a qué hora es la reunión
913,ch33,du135,2026-09-25 13:15:08,subí el archivo
914,ch33,du130,2026-09-17 12:09:50,a qué hora es la reunión
915,ch36,du208,2026-09-17 13:25:34,listo
916,ch39,du103,2026-09-15 11:37:24,ya quedó el deploy
917,ch25,du238,2026-09-16 13:51:41,alguien sabe cómo
918,ch01,du058,2026-09-20 09:08:22,subí el archivo
919,ch31,du261,2026-09-25 20:12:26,jaja
920,ch39,du118,2026-09-08 13:21:36,revisen el canal de anuncios
921,ch19,du161,2026-09-11 08:30:18,gracias!
922,ch14,du253,2026-09-17 15:48:02,mañana sigo
923,ch27,du162,2026-09-27 06:13:06,me uno en 5
924,ch02,du012,2026-09-18 16:47:20,a qué hora es la reunión
925,ch09,du297,2026-09-25 09:25:29,revisen el canal de anuncios
926,ch07,du282,2026-09-30 12:42:20,ya quedó el deploy
927,ch29,du221,2026-09-25 18:48:57,esto no compila
928,ch17,du160,2026-09-19 13:29:59,ya quedó el deploy
929,ch09,du070,2026-09-07 17:11:10,esto no compila
930,ch01,du152,2026-09-06 18:50:57,me uno en 5
931,ch32,du133,2026-09-12 21:50:20,jaja
932,ch19,du293,2026-09-01 12:59:14,mañana sigo
933,ch06,du237,2026-09-22 19:15:53,jaja
934,ch21,du018,2026-09-01 18:24:07,ya quedó el deploy
935,ch39,du193,2026-09-21 21:01:35,gracias!
936,ch21,du186,2026-09-22 18:45:37,mañana sigo
937,ch25,du038,2026-09-29 11:50:49,mañana sigo
938,ch19,du005,2026-09-04 09:33:09,jaja
939,ch25,du242,2026-09-07 20:36:23,esto no compila
940,ch31,du250,2026-09-05 20:03:38,ya quedó el deploy
941,ch27,du182,2026-09-08 19:15:23,a qué hora es la reunión
942,ch33,du257,2026-09-16 18:18:12,revisen el canal de anuncios
943,ch21,du111,2026-09-10 14:31:16,a qué hora es la reunión
944,ch39,du114,2026-09-12 01:05:31,me uno en 5
945,ch33,du134,2026-09-01 07:40:55,a qué hora es la reunión
946,ch30,du003,2026-09-25 10:18:28,qué opinan de
947,ch05,du262,2026-09-09 22:14:02,ya quedó el deploy
948,ch21,du296,2026-09-16 01:11:14,subí el archivo
949,ch25,du261,2026-09-26 13:28:17,alguien sabe cómo
950,ch21,du271,2026-09-06 17:30:40,alguien sabe cómo
951,ch29,du029,2026-09-26 12:31:05,revisen el canal de anuncios
952,ch06,du159,2026-09-06 18:15:33,me uno en 5
953,ch15,du076,2026-09-16 20:13:25,subí el archivo
954,ch32,du174,2026-09-12 18:27:55,mañana sigo
955,ch02,du171,2026-09-08 19:14:55,gracias!
956,ch09,du275,2026-09-16 21:08:58,mañana sigo
957,ch35,du137,2026-09-27 18:30:13,gracias!
958,ch17,du280,2026-09-26 09:23:26,alguien sabe cómo
959,ch35,du148,2026-09-04 11:52:48,listo
960,ch08,du081,2026-09-11 09:35:44,mañana sigo
961,ch16,du080,2026-09-20 11:50:54,jaja
962,ch05,du151,2026-09-25 19:46:49,qué opinan de
963,ch29,du038,2026-09-25 14:48:21,esto no compila
964,ch17,du036,2026-09-26 08:20:48,mañana sigo
965,ch04,du086,2026-09-27 17:49:13,a qué hora es la reunión
966,ch31,du204,2026-09-09 16:15:44,gracias!
967,ch05,du257,2026-09-07 12:39:59,esto no compila
968,ch02,du104,2026-09-28 07:40:28,mañana sigo
969,ch32,du091,2026-09-27 17:06:08,jaja
970,ch09,du175,2026-09-19 10:51:12,gracias!
971,ch02,du004,2026-09-14 07:32:17,alguien sabe cómo
972,ch37,du014,2026-09-29 12:59:04,qué opinan de
973,ch33,du063,2026-09-18 15:49:50,jaja
974,ch01,du139,2026-09-06 12:09:14,alguien sabe cómo
975,ch22,du219,2026-09-03 04:16:18,a qué hora es la reunión
976,ch17,du068,2026-09-24 18:36:21,listo
977,ch30,du072,2026-09-17 17:42:31,ya quedó el deploy
978,ch06,du210,2026-09-29 06:53:26,gracias!
979,ch20,du125,2026-09-02 20:48:41,mañana sigo
980,ch14,du275,2026-09-15 18:08:37,alguien sabe cómo
981,ch11,du030,2026-09-05 04:50:32,me uno en 5
982,ch33,du252,2026-09-23 16:13:22,revisen el canal de anuncios
983,ch14,du283,2026-09-21 09:44:25,jaja
984,ch33,du082,2026-09-19 17:43:51,gracias!
985,ch09,du067,2026-09-03 07:59:26,esto no compila
986,ch16,du043,2026-09-08 20:22:58,a qué hora es la reunión
987,ch06,du043,2026-09-19 04:42:34,revisen el canal de anuncios
988,ch23,du003,2026-09-21 08:19:32,alguien sabe cómo
989,ch19,du170,2026-09-29 12:02:58,mañana sigo
990,ch28,du107,2026-09-07 21:35:00,a qué hora es la reunión
991,ch02,du273,2026-09-30 18:01:43,subí el archivo
992,ch16,du064,2026-09-05 20:21:58,qué opinan de
993,ch25,du144,2026-09-05 09:43:14,listo
994,ch33,du027,2026-09-13 14:17:19,esto no compila
995,ch01,du250,2026-09-03 16:58:40,a qué hora es la reunión
996,ch35,du197,2026-09-26 20:11:45,qué opinan de
997,ch02,du016,2026-09-15 08:12:26,gracias!
998,ch16,du208,2026-09-10 21:13:14,alguien sabe cómo
999,ch04,du010,2026-09-30 10:40:21,revisen el canal de anuncios
1000,ch19,du121,2026-09-13 11:09:37,jaja
1001,ch07,du295,2026-09-11 12:44:46,alguien sabe cómo
1002,ch27,du278,2026-09-09 23:43:47,gracias!
1003,ch09,du195,2026-09-01 20:08:36,ya quedó el deploy
1004,ch25,du093,2026-09-13 16:16:49,mañana sigo
1005,ch05,du033,2026-09-24 19:20:48,gracias!
1006,ch28,du229,2026-09-21 08:59:16,ya quedó el deploy
1007,ch17,du109,2026-09-18 15:41:33,me uno en 5
1008,ch36,du064,2026-09-13 09:38:57,me uno en 5
1009,ch06,du229,2026-09-07 16:59:07,listo
1010,ch29,du062,2026-09-03 16:20:57,jaja
1011,ch36,du262,2026-09-02 15:44:49,me uno en 5
1012,ch25,du093,2026-09-18 05:29:40,a qué hora es la reunión
1013,ch36,du004,2026-09-15 13:43:36,gracias!
1014,ch04,du187,2026-09-23 13:38:50,listo
1015,ch01,du080,2026-09-02 18:28:41,qué opinan de
1016,ch28,du269,2026-09-25 20:42:29,ya quedó el deploy
1017,ch23,du131,2026-09-10 09:28:46,gracias!
1018,ch03,du106,2026-09-23 04:57:50,ya quedó el deploy
1019,ch14,du262,2026-09-30 20:32:59,listo
1020,ch11,du126,2026-09-27 13:30:51,revisen el canal de anuncios
1021,ch06,du057,2026-09-03 20:47:06,subí el archivo
1022,ch16,du165,2026-09-30 04:15:23,jaja
1023,ch02,du076,2026-09-18 06:28:27,jaja
1024,ch29,du250,2026-09-16 15:42:18,esto no compila
1025,ch24,du247,2026-09-10 23:36:29,mañana sigo
1026,ch30,du228,2026-09-21 15:27:23,me uno en 5
1027,ch09,du134,2026-09-06 19:44:06,mañana sigo
1028,ch18,du009,2026-09-08 19:18:04,listo
1029,ch18,du187,2026-09-25 09:07:46,gracias!
1030,ch31,du066,2026-09-20 19:18:16,me uno en 5
1031,ch03,du264,2026-09-13 11:07:01,ya quedó el deploy
1032,ch28,du233,2026-09-07 20:26:10,a qué hora es la reunión
1033,ch02,du219,2026-09-12 09:01:01,mañana sigo
1034,ch29,du296,2026-09-17 19:46:21,qué opinan de
1035,ch14,du276,2026-09-22 17:05:04,ya quedó el deploy
1036,ch32,du141,2026-09-11 14:14:04,ya quedó el deploy
1037,ch06,du106,2026-09-21 15:26:26,alguien sabe cómo
1038,ch21,du052,2026-09-22 19:02:51,a qué hora es la reunión
1039,ch24,du052,2026-09-10 15:53:20,ya quedó el deploy
1040,ch28,du256,2026-09-19 01:19:19,a qué hora es la reunión
1041,ch09,du221,2026-09-16 09:48:40,a qué hora es la reunión
1042,ch36,du200,2026-09-16 03:22:00,jaja
1043,ch06,du172,2026-09-15 12:58:26,listo
1044,ch15,du041,2026-09-13 19:12:45,me uno en 5
1045,ch06,du193,2026-09-03 22:13:14,qué opinan de
1046,ch09,du171,2026-09-07 12:13:08,revisen el canal de anuncios
1047,ch31,du293,2026-09-10 13:27:57,a qué hora es la reunión
1048,ch29,du229,2026-09-02 19:05:00,ya quedó el deploy
1049,ch33,du064,2026-09-04 09:50:46,esto no compila
1050,ch14,du186,2026-09-06 19:40:00,me uno en 5
1051,ch14,du089,2026-09-28 00:45:56,mañana sigo
1052,ch06,du230,2026-09-09 07:46:34,a qué hora es la reunión
1053,ch04,du254,2026-09-04 21:23:04,jaja
1054,ch02,du068,2026-09-11 20:40:53,a qué hora es la reunión
1055,ch39,du100,2026-09-20 11:34:21,ya quedó el deploy
1056,ch03,du050,2026-09-27 14:47:32,a qué hora es la reunión
1057,ch18,du099,2026-09-10 14:46:57,jaja
1058,ch28,du148,2026-09-16 18:08:45,jaja
1059,ch23,du136,2026-09-09 15:35:41,a qué hora es la reunión
1060,ch13,du202,2026-09-15 11:00:41,subí el archivo
1061,ch36,du161,2026-09-23 18:19:24,revisen el canal de anuncios
1062,ch04,du134,2026-09-09 12:06:36,gracias!
1063,ch33,du241,2026-09-10 07:15:46,gracias!
1064,ch26,du005,2026-09-28 22:21:52,subí el archivo
1065,ch28,du057,2026-09-29 17:44:26,ya quedó el deploy
1066,ch21,du088,2026-09-04 16:17:33,esto no compila
1067,ch27,du154,2026-09-18 07:40:28,revisen el canal de anuncios
1068,ch28,du187,2026-09-23 07:38:58,jaja
1069,ch24,du297,2026-09-04 08:39:03,a qué hora es la reunión
1070,ch05,du238,2026-09-29 07:47:42,revisen el canal de anuncios
1071,ch14,du084,2026-09-21 15:21:34,alguien sabe cómo
1072,ch25,du283,2026-09-11 13:28:01,revisen el canal de anuncios
1073,ch28,du020,2026-09-27 10:54:49,gracias!
1074,ch25,du241,2026-09-01 08:04:55,revisen el canal de anuncios
1075,ch34,du179,2026-09-12 09:42:57,esto no compila
1076,ch24,du266,2026-09-06 18:47:01,subí el archivo
1077,ch09,du125,2026-09-18 09:11:29,gracias!
1078,ch09,du088,2026-09-07 06:54:59,alguien sabe cómo
1079,ch30,du081,2026-09-29 09:01:00,alguien sabe cómo
1080,ch39,du176,2026-09-03 10:53:51,mañana sigo
1081,ch25,du065,2026-09-03 15:17:14,subí el archivo
1082,ch20,du238,2026-09-01 11:14:43,gracias!
1083,ch16,du119,2026-09-28 13:51:35,mañana sigo
1084,ch04,du079,2026-09-15 17:55:35,jaja
1085,ch09,du235,2026-09-13 21:11:39,alguien sabe cómo
1086,ch23,du101,2026-09-15 11:43:53,jaja
1087,ch14,du211,2026-09-08 07:16:08,subí el archivo
1088,ch39,du020,2026-09-20 08:53:51,alguien sabe cómo
1089,ch33,du207,2026-09-04 22:59:52,esto no compila
1090,ch32,du163,2026-09-28 05:06:28,gracias!
1091,ch04,du253,2026-09-16 08:08:34,listo
1092,ch19,du192,2026-09-21 09:31:14,mañana sigo
1093,ch01,du222,2026-09-25 11:54:03,subí el archivo
1094,ch20,du240,2026-09-20 07:55:34,me uno en 5
1095,ch14,du271,2026-09-01 21:00:42,subí el archivo
1096,ch39,du013,2026-09-01 08:09:36,revisen el canal de anuncios
1097,ch22,du148,2026-09-09 22:30:52,jaja
1098,ch19,du230,2026-09-26 17:41:43,qué opinan de
1099,ch15,du195,2026-09-23 20:30:37,subí el archivo
1100,ch01,du155,2026-09-27 08:38:02,revisen el canal de anuncios
1101,ch29,du201,2026-09-29 12:31:10,alguien sabe cómo
1102,ch19,du222,2026-09-24 17:32:35,mañana sigo
1103,ch25,du219,2026-09-02 02:18:06,ya quedó el deploy
1104,ch36,du283,2026-09-16 21:09:58,esto no compila
1105,ch36,du134,2026-09-19 19:19:24,qué opinan de
1106,ch31,du239,2026-09-06 12:53:05,mañana sigo
1107,ch39,du145,2026-09-24 07:50:31,subí el archivo
1108,ch30,du032,2026-09-24 11:45:00,gracias!
1109,ch25,du118,2026-09-27 15:19:55,esto no compila
1110,ch39,du052,2026-09-24 12:32:24,jaja
1111,ch06,du094,2026-09-20 18:22:28,alguien sabe cómo
1112,ch04,du248,2026-09-29 12:26:30,esto no compila
1113,ch26,du068,2026-09-02 08:29:23,jaja
1114,ch29,du025,2026-09-28 18:02:18,mañana sigo
1115,ch23,du082,2026-09-27 03:46:28,jaja
1116,ch32,du221,2026-09-18 06:22:38,qué opinan de
1117,ch21,du041,2026-09-03 05:44:47,jaja
1118,ch39,du106,2026-09-08 13:33:41,revisen el canal de anuncios
1119,ch31,du146,2026-09-18 14:28:43,mañana sigo
1120,ch23,du080,2026-09-09 19:14:52,a qué hora es la reunión
1121,ch19,du259,2026-09-07 13:10:43,mañana sigo
1122,ch25,du125,2026-09-10 01:19:33,mañana sigo
1123,ch39,du130,2026-09-15 19:45:45,esto no compila
1124,ch36,du250,2026-09-12 10:30:43,jaja
1125,ch35,du004,2026-09-30 08:31:42,ya quedó el deploy
1126,ch02,du105,2026-09-26 09:47:48,jaja
1127,ch01,du015,2026-09-02 13:55:23,ya quedó el deploy
1128,ch33,du061,2026-09-02 05:44:17,mañana sigo
1129,ch14,du289,2026-09-22 18:40:31,me uno en 5
1130,ch24,du124,2026-09-21 04:13:24,subí el archivo
1131,ch05,du154,2026-09-28 15:52:04,me uno en 5
1132,ch06,du122,2026-09-16 20:52:22,revisen el canal de anuncios
1133,ch33,du219,2026-09-05 19:18:19,me uno en 5
1134,ch28,du050,2026-09-25 23:56:47,revisen el canal de anuncios
1135,ch04,du129,2026-09-09 20:08:33,listo
1136,ch32,du294,2026-09-08 19:09:23,gracias!
1137,ch36,du016,2026-09-08 21:11:05,qué opinan de
1138,ch16,du124,2026-09-17 13:36:42,jaja
1139,ch09,du215,2026-09-18 11:24:50,revisen el canal de anuncios
1140,ch05,du224,2026-09-20 20:05:37,ya quedó el deploy
1141,ch28,du085,2026-09-20 08:08:32,a qué hora es la reunión
1142,ch06,du061,2026-09-14 17:30:14,jaja
1143,ch20,du030,2026-09-06 13:57:10,alguien sabe cómo
1144,ch16,du085,2026-09-06 14:30:12,jaja
1145,ch01,du053,2026-09-23 21:35:34,listo
1146,ch31,du055,2026-09-20 20:28:58,me uno en 5
1147,ch09,du085,2026-09-25 21:40:21,a qué hora es la reunión
1148,ch05,du154,2026-09-24 15:18:50,me uno en 5
1149,ch14,du191,2026-09-01 09:32:51,revisen el canal de anuncios
1150,ch34,du136,2026-09-27 10:42:49,subí el archivo
1151,ch36,du236,2026-09-02 22:59:29,jaja
1152,ch21,du257,2026-09-17 20:02:16,revisen el canal de anuncios
1153,ch32,du280,2026-09-23 15:11:28,revisen el canal de anuncios
1154,ch14,du208,2026-09-24 20:22:44,subí el archivo
1155,ch13,du119,2026-09-07 08:35:10,ya quedó el deploy
1156,ch24,du184,2026-09-02 04:13:47,listo
1157,ch39,du006,2026-09-29 12:26:40,jaja
1158,ch29,du118,2026-09-11 14:46:04,a qué hora es la reunión
1159,ch16,du154,2026-09-10 14:08:51,mañana sigo
1160,ch25,du230,2026-09-23 19:59:01,jaja
1161,ch23,du191,2026-09-23 20:03:09,me uno en 5
1162,ch06,du053,2026-09-15 14:39:09,gracias!
1163,ch33,du261,2026-09-02 20:21:14,mañana sigo
1164,ch22,du040,2026-09-24 13:38:02,gracias!
1165,ch01,du165,2026-09-24 19:43:07,qué opinan de
1166,ch31,du172,2026-09-29 18:59:12,listo
1167,ch29,du262,2026-09-13 12:54:55,alguien sabe cómo
1168,ch13,du247,2026-09-24 09:57:01,alguien sabe cómo
1169,ch24,du245,2026-09-01 16:50:12,qué opinan de
1170,ch31,du271,2026-09-13 14:18:00,mañana sigo
1171,ch06,du288,2026-09-09 12:52:42,alguien sabe cómo
1172,ch01,du016,2026-09-27 13:34:07,alguien sabe cómo
1173,ch05,du013,2026-09-28 09:08:16,jaja
1174,ch21,du271,2026-09-13 10:20:29,a qué hora es la reunión
1175,ch32,du096,2026-09-17 18:33:03,esto no compila
1176,ch32,du051,2026-09-29 07:56:01,ya quedó el deploy
1177,ch18,du283,2026-09-21 07:42:17,esto no compila
1178,ch03,du266,2026-09-20 14:19:04,jaja
1179,ch24,du166,2026-09-15 06:10:59,mañana sigo
1180,ch31,du248,2026-09-29 17:16:55,listo
1181,ch17,du204,2026-09-30 06:32:36,esto no compila
1182,ch39,du081,2026-09-19 14:12:42,a qué hora es la reunión
1183,ch14,du263,2026-09-14 14:03:40,listo
1184,ch16,du210,2026-09-28 21:16:56,qué opinan de
1185,ch40,du117,2026-09-30 18:12:47,esto no compila
1186,ch29,du083,2026-09-27 11:36:40,gracias!
1187,ch15,du060,2026-09-07 18:47:17,listo
1188,ch19,du276,2026-09-19 17:02:54,ya quedó el deploy
1189,ch16,du128,2026-09-19 11:54:49,a qué hora es la reunión
1190,ch32,du053,2026-09-30 13:46:40,listo
1191,ch39,du037,2026-09-26 22:32:48,qué opinan de
1192,ch06,du186,2026-09-01 16:03:07,a qué hora es la reunión
1193,ch14,du093,2026-09-21 00:11:40,listo
1194,ch25,du182,2026-09-28 18:37:09,esto no compila
1195,ch23,du033,2026-09-02 14:47:32,a qué hora es la reunión
1196,ch16,du183,2026-09-11 11:19:26,esto no compila
1197,ch25,du182,2026-09-27 17:04:43,alguien sabe cómo
1198,ch03,du129,2026-09-17 18:28:01,esto no compila
1199,ch31,du114,2026-09-06 14:58:53,alguien sabe cómo
1200,ch26,du047,2026-09-05 18:00:57,me uno en 5
1201,ch28,du295,2026-09-03 15:51:43,me uno en 5
1202,ch28,du195,2026-09-02 09:30:46,mañana sigo
1203,ch29,du262,2026-09-03 08:07:23,a qué hora es la reunión
1204,ch21,du264,2026-09-06 05:54:52,mañana sigo
1205,ch26,du164,2026-09-16 22:57:10,esto no compila
1206,ch31,du095,2026-09-28 09:11:53,jaja
1207,ch32,du157,2026-09-03 09:00:27,me uno en 5
1208,ch04,du226,2026-09-30 15:27:33,me uno en 5
1209,ch17,du104,2026-09-09 19:57:14,ya quedó el deploy
1210,ch24,du174,2026-09-04 16:45:57,jaja
1211,ch20,du216,2026-09-17 10:56:35,subí el archivo
1212,ch36,du013,2026-09-30 12:32:22,esto no compila
1213,ch29,du148,2026-09-19 15:39:59,mañana sigo
1214,ch13,du135,2026-09-28 07:47:19,subí el archivo
1215,ch20,du129,2026-09-16 16:51:30,me uno en 5
1216,ch27,du162,2026-09-03 15:28:51,revisen el canal de anuncios
1217,ch31,du110,2026-09-20 10:52:20,jaja
1218,ch36,du162,2026-09-17 17:57:52,listo
1219,ch28,du135,2026-09-02 20:25:39,revisen el canal de anuncios
1220,ch01,du049,2026-09-28 09:19:16,mañana sigo
1221,ch29,du242,2026-09-22 13:43:27,qué opinan de
1222,ch23,du022,2026-09-20 16:13:05,mañana sigo
1223,ch05,du093,2026-09-17 14:16:19,ya quedó el deploy
1224,ch21,du133,2026-09-11 07:29:01,jaja
1225,ch02,du144,2026-09-29 09:19:30,ya quedó el deploy
1226,ch35,du192,2026-09-16 20:41:52,me uno en 5
1227,ch29,du030,2026-09-19 13:20:11,me uno en 5
1228,ch01,du134,2026-09-29 10:04:09,subí el archivo
1229,ch09,du011,2026-09-02 21:26:59,jaja
1230,ch18,du104,2026-09-19 13:28:42,ya quedó el deploy
1231,ch28,du289,2026-09-06 19:47:10,ya quedó el deploy
1232,ch19,du250,2026-09-16 16:40:02,revisen el canal de anuncios
1233,ch31,du273,2026-09-13 12:56:22,qué opinan de
1234,ch14,du271,2026-09-16 12:09:18,alguien sabe cómo
1235,ch18,du060,2026-09-14 23:40:57,ya quedó el deploy
1236,ch23,du215,2026-09-11 09:53:05,mañana sigo
1237,ch22,du124,2026-09-22 20:39:00,subí el archivo
1238,ch15,du031,2026-09-30 10:43:25,ya quedó el deploy
1239,ch04,du280,2026-09-19 22:22:30,revisen el canal de anuncios
1240,ch33,du186,2026-09-25 21:36:12,qué opinan de
1241,ch32,du230,2026-09-18 10:50:42,listo
1242,ch26,du276,2026-09-09 07:08:04,me uno en 5
1243,ch34,du136,2026-09-17 11:48:41,alguien sabe cómo
1244,ch04,du137,2026-09-21 15:38:15,revisen el canal de anuncios
1245,ch11,du255,2026-09-22 14:02:42,mañana sigo
1246,ch31,du165,2026-09-07 23:43:46,subí el archivo
1247,ch07,du176,2026-09-30 14:34:06,me uno en 5
1248,ch14,du148,2026-09-06 19:20:54,alguien sabe cómo
1249,ch28,du188,2026-09-17 08:13:42,mañana sigo
1250,ch30,du283,2026-09-05 06:53:15,mañana sigo
1251,ch28,du192,2026-09-17 21:34:18,mañana sigo
1252,ch26,du124,2026-09-06 19:43:08,jaja
1253,ch02,du255,2026-09-22 04:44:03,gracias!
1254,ch06,du137,2026-09-21 16:44:32,qué opinan de
1255,ch32,du159,2026-09-27 08:18:51,alguien sabe cómo
1256,ch02,du015,2026-09-11 06:01:10,jaja
1257,ch09,du247,2026-09-26 12:20:48,ya quedó el deploy
1258,ch31,du050,2026-09-05 00:05:39,qué opinan de
1259,ch23,du121,2026-09-25 11:27:09,esto no compila
1260,ch35,du247,2026-09-09 04:59:13,revisen el canal de anuncios
1261,ch22,du067,2026-09-12 14:27:26,a qué hora es la reunión
1262,ch16,du191,2026-09-26 20:44:36,revisen el canal de anuncios
1263,ch15,du154,2026-09-14 18:50:07,mañana sigo
1264,ch13,du249,2026-09-04 14:02:41,jaja
1265,ch02,du135,2026-09-10 20:45:08,a qué hora es la reunión
1266,ch34,du076,2026-09-06 09:47:09,listo
1267,ch06,du078,2026-09-16 10:26:20,a qué hora es la reunión
1268,ch16,du285,2026-09-24 12:46:25,ya quedó el deploy
1269,ch36,du235,2026-09-11 18:25:39,esto no compila
1270,ch33,du129,2026-09-03 21:14:20,a qué hora es la reunión
1271,ch24,du225,2026-09-01 21:00:21,mañana sigo
1272,ch04,du237,2026-09-15 18:18:42,ya quedó el deploy
1273,ch16,du283,2026-09-05 14:44:08,revisen el canal de anuncios
1274,ch19,du289,2026-09-05 22:21:54,subí el archivo
1275,ch21,du242,2026-09-15 13:39:19,gracias!
1276,ch32,du076,2026-09-07 18:06:41,subí el archivo
1277,ch01,du193,2026-09-23 12:48:22,listo
1278,ch33,du149,2026-09-26 08:44:07,ya quedó el deploy
1279,ch23,du264,2026-09-15 17:33:41,jaja
1280,ch24,du118,2026-09-11 08:39:53,ya quedó el deploy
1281,ch11,du251,2026-09-16 10:14:48,ya quedó el deploy
1282,ch36,du168,2026-09-02 11:21:54,listo
1283,ch25,du235,2026-09-07 13:52:37,a qué hora es la reunión
1284,ch33,du015,2026-09-27 07:25:57,subí el archivo
1285,ch37,du133,2026-09-21 15:25:22,mañana sigo
1286,ch02,du191,2026-09-05 02:15:42,me uno en 5
1287,ch19,du115,2026-09-14 17:11:31,listo
1288,ch01,du215,2026-09-24 08:51:48,esto no compila
1289,ch04,du279,2026-09-07 10:04:30,gracias!
1290,ch24,du234,2026-09-27 14:57:31,qué opinan de
1291,ch33,du065,2026-09-02 12:10:24,gracias!
1292,ch36,du107,2026-09-03 18:00:57,revisen el canal de anuncios
1293,ch24,du081,2026-09-11 16:48:06,listo
1294,ch01,du154,2026-09-27 10:46:53,qué opinan de
1295,ch39,du043,2026-09-26 17:31:30,alguien sabe cómo
1296,ch05,du260,2026-09-18 09:25:08,a qué hora es la reunión
1297,ch33,du129,2026-09-17 19:04:05,alguien sabe cómo
1298,ch11,du084,2026-09-20 17:25:45,revisen el canal de anuncios
1299,ch04,du057,2026-09-25 06:33:55,esto no compila
1300,ch02,du117,2026-09-18 15:23:30,qué opinan de
1301,ch17,du235,2026-09-03 07:04:25,revisen el canal de anuncios
1302,ch01,du128,2026-09-04 21:55:56,subí el archivo
1303,ch16,du133,2026-09-19 18:51:54,a qué hora es la reunión
1304,ch02,du295,2026-09-14 15:15:54,revisen el canal de anuncios
1305,ch19,du273,2026-09-27 13:23:48,esto no compila
1306,ch17,du104,2026-09-29 05:13:01,esto no compila
1307,ch04,du164,2026-09-13 18:25:08,revisen el canal de anuncios
1308,ch17,du083,2026-09-12 14:22:24,alguien sabe cómo
1309,ch02,du028,2026-09-27 17:47:26,revisen el canal de anuncios
1310,ch06,du029,2026-09-05 07:13:34,esto no compila
1311,ch34,du022,2026-09-06 09:43:10,a qué hora es la reunión
1312,ch31,du260,2026-09-13 14:53:01,qué opinan de
1313,ch17,du039,2026-09-14 16:28:10,alguien sabe cómo
1314,ch36,du061,2026-09-20 19:52:42,qué opinan de
1315,ch07,du187,2026-09-24 13:42:56,ya quedó el deploy
1316,ch25,du005,2026-09-16 16:19:20,jaja
1317,ch14,du029,2026-09-20 09:13:33,alguien sabe cómo
1318,ch23,du029,2026-09-27 03:24:58,mañana sigo
1319,ch32,du255,2026-09-15 14:38:24,revisen el canal de anuncios
1320,ch34,du200,2026-09-24 10:32:49,ya quedó el deploy
1321,ch06,du139,2026-09-22 15:13:20,qué opinan de
1322,ch33,du076,2026-09-02 11:18:51,revisen el canal de anuncios
1323,ch31,du164,2026-09-09 20:40:41,jaja
1324,ch05,du295,2026-09-03 11:07:20,jaja
1325,ch02,du003,2026-09-09 07:01:19,jaja
1326,ch23,du130,2026-09-19 12:03:28,listo
1327,ch18,du257,2026-09-29 09:46:09,subí el archivo
1328,ch02,du189,2026-09-21 14:24:11,me uno en 5
1329,ch09,du131,2026-09-08 06:14:20,jaja
1330,ch32,du209,2026-09-25 22:43:44,a qué hora es la reunión
1331,ch14,du084,2026-09-20 13:56:06,mañana sigo
1332,ch29,du269,2026-09-20 10:09:23,alguien sabe cómo
1333,ch07,du136,2026-09-23 15:04:31,gracias!
1334,ch17,du297,2026-09-15 12:52:18,gracias!
1335,ch21,du035,2026-09-15 09:36:20,a qué hora es la reunión
1336,ch19,du081,2026-09-18 07:27:20,qué opinan de
1337,ch04,du014,2026-09-15 10:00:16,qué opinan de
1338,ch16,du043,2026-09-03 16:54:39,jaja
1339,ch24,du204,2026-09-29 08:20:43,a qué hora es la reunión
1340,ch25,du267,2026-09-26 15:09:11,alguien sabe cómo
1341,ch15,du070,2026-09-03 09:32:13,qué opinan de
1342,ch39,du201,2026-09-15 18:47:08,subí el archivo
1343,ch29,du195,2026-09-09 10:59:30,gracias!
1344,ch26,du135,2026-09-25 10:52:50,me uno en 5
1345,ch17,du136,2026-09-03 21:19:00,gracias!
1346,ch17,du098,2026-09-29 08:53:59,listo
1347,ch35,du029,2026-09-13 20:35:00,gracias!
1348,ch04,du149,2026-09-02 04:39:59,me uno en 5
1349,ch16,du201,2026-09-03 16:20:28,listo
1350,ch04,du120,2026-09-16 22:02:04,me uno en 5
1351,ch16,du203,2026-09-07 14:05:00,ya quedó el deploy
1352,ch02,du182,2026-09-19 10:01:43,revisen el canal de anuncios
1353,ch14,du062,2026-09-10 18:14:28,ya quedó el deploy
1354,ch02,du079,2026-09-12 10:03:04,esto no compila
1355,ch07,du178,2026-09-14 23:31:17,jaja
1356,ch25,du266,2026-09-01 12:16:44,qué opinan de
1357,ch05,du264,2026-09-08 18:45:24,a qué hora es la reunión
1358,ch01,du013,2026-09-20 13:04:07,mañana sigo
1359,ch31,du195,2026-09-22 17:04:40,alguien sabe cómo
1360,ch19,du296,2026-09-21 16:37:01,alguien sabe cómo
1361,ch16,du210,2026-09-28 18:36:54,revisen el canal de anuncios
1362,ch19,du121,2026-09-26 17:31:49,revisen el canal de anuncios
1363,ch28,du230,2026-09-09 19:37:38,gracias!
1364,ch09,du028,2026-09-26 10:32:48,gracias!
1365,ch21,du240,2026-09-16 06:53:15,mañana sigo
1366,ch06,du250,2026-09-21 21:56:50,esto no compila
1367,ch33,du002,2026-09-08 11:43:08,revisen el canal de anuncios
1368,ch25,du181,2026-09-14 20:45:44,qué opinan de
1369,ch04,du026,2026-09-04 18:55:41,ya quedó el deploy
1370,ch09,du113,2026-09-29 09:24:23,me uno en 5
1371,ch24,du138,2026-09-03 16:18:03,alguien sabe cómo
1372,ch29,du079,2026-09-28 20:31:08,subí el archivo
1373,ch28,du283,2026-09-10 15:30:15,alguien sabe cómo
1374,ch05,du252,2026-09-15 15:15:23,qué opinan de
1375,ch03,du289,2026-09-02 21:55:58,a qué hora es la reunión
1376,ch11,du149,2026-09-29 16:18:57,me uno en 5
1377,ch26,du193,2026-09-09 11:34:07,me uno en 5
1378,ch25,du023,2026-09-15 21:07:00,qué opinan de
1379,ch14,du136,2026-09-14 16:19:54,subí el archivo
1380,ch21,du142,2026-09-01 09:38:11,me uno en 5
1381,ch01,du052,2026-09-24 17:50:56,jaja
1382,ch17,du055,2026-09-30 12:41:07,qué opinan de
1383,ch17,du200,2026-09-12 16:32:56,subí el archivo
1384,ch04,du260,2026-09-14 17:05:09,mañana sigo
1385,ch11,du137,2026-09-09 08:35:30,alguien sabe cómo
1386,ch36,du295,2026-09-22 21:50:57,alguien sabe cómo
1387,ch31,du059,2026-09-24 20:03:51,jaja
1388,ch02,du186,2026-09-14 18:04:58,qué opinan de
1389,ch19,du164,2026-09-05 16:55:47,jaja
1390,ch14,du148,2026-09-20 10:18:12,a qué hora es la reunión
1391,ch14,du144,2026-09-25 16:17:10,subí el archivo
1392,ch17,du144,2026-09-21 07:51:24,a qué hora es la reunión
1393,ch19,du041,2026-09-30 12:50:55,revisen el canal de anuncios
1394,ch07,du255,2026-09-11 08:05:27,alguien sabe cómo
1395,ch36,du289,2026-09-04 09:59:34,mañana sigo
1396,ch17,du238,2026-09-07 18:59:45,revisen el canal de anuncios
1397,ch02,du043,2026-09-16 16:33:49,mañana sigo
1398,ch23,du276,2026-09-04 19:54:35,esto no compila
1399,ch04,du091,2026-09-08 23:39:00,mañana sigo
1400,ch01,du100,2026-09-18 10:46:36,jaja
1401,ch17,du270,2026-09-15 12:57:11,qué opinan de
1402,ch17,du294,2026-09-24 21:37:56,jaja
1403,ch31,du061,2026-09-01 19:08:23,esto no compila
1404,ch14,du251,2026-09-11 10:53:53,mañana sigo
1405,ch04,du171,2026-09-29 17:42:09,a qué hora es la reunión
1406,ch29,du202,2026-09-13 19:47:09,mañana sigo
1407,ch04,du186,2026-09-17 14:51:01,ya quedó el deploy
1408,ch15,du242,2026-09-29 12:00:57,gracias!
1409,ch01,du013,2026-09-20 20:18:47,gracias!
1410,ch06,du102,2026-09-16 22:40:03,gracias!
1411,ch04,du185,2026-09-06 16:18:25,subí el archivo
1412,ch17,du224,2026-09-09 08:34:41,mañana sigo
1413,ch36,du183,2026-09-18 07:40:26,jaja
1414,ch29,du122,2026-09-11 06:21:04,listo
1415,ch15,du038,2026-09-14 10:27:42,gracias!
1416,ch09,du172,2026-09-04 10:01:48,subí el archivo
1417,ch31,du022,2026-09-27 18:19:47,mañana sigo
1418,ch23,du119,2026-09-25 11:31:55,a qué hora es la reunión
1419,ch22,du208,2026-09-15 23:52:36,gracias!
1420,ch12,du136,2026-09-11 06:08:04,subí el archivo
1421,ch13,du038,2026-09-28 14:52:33,revisen el canal de anuncios
1422,ch29,du187,2026-09-17 18:22:02,esto no compila
1423,ch03,du093,2026-09-21 16:45:47,mañana sigo
1424,ch25,du263,2026-09-20 13:32:53,listo
1425,ch14,du275,2026-09-16 12:16:58,alguien sabe cómo
1426,ch16,du210,2026-09-26 14:12:17,jaja
1427,ch39,du019,2026-09-04 19:47:38,esto no compila
1428,ch29,du104,2026-09-15 02:34:00,listo
1429,ch21,du012,2026-09-29 10:08:58,subí el archivo
1430,ch33,du158,2026-09-09 17:40:07,subí el archivo
1431,ch12,du058,2026-09-16 17:17:50,gracias!
1432,ch02,du040,2026-09-12 15:02:05,esto no compila
1433,ch31,du203,2026-09-23 16:25:22,me uno en 5
1434,ch23,du124,2026-09-04 17:25:11,a qué hora es la reunión
1435,ch39,du144,2026-09-13 22:55:08,revisen el canal de anuncios
1436,ch28,du131,2026-09-14 17:47:33,jaja
1437,ch24,du149,2026-09-19 11:45:17,jaja
1438,ch31,du262,2026-09-18 16:55:33,subí el archivo
1439,ch35,du246,2026-09-13 12:59:35,mañana sigo
1440,ch02,du035,2026-09-09 19:42:53,esto no compila
1441,ch40,du043,2026-09-10 10:59:15,qué opinan de
1442,ch12,du094,2026-09-15 09:40:27,qué opinan de
1443,ch32,du257,2026-09-28 13:43:51,revisen el canal de anuncios
1444,ch26,du186,2026-09-16 15:56:37,ya quedó el deploy
1445,ch06,du073,2026-09-01 16:06:23,a qué hora es la reunión
1446,ch01,du026,2026-09-18 10:52:00,ya quedó el deploy
1447,ch36,du138,2026-09-21 13:31:16,ya quedó el deploy
1448,ch14,du119,2026-09-09 14:12:32,ya quedó el deploy
1449,ch08,du068,2026-09-08 00:52:39,jaja
1450,ch33,du072,2026-09-29 19:30:31,subí el archivo
1451,ch17,du068,2026-09-07 18:37:31,mañana sigo
1452,ch34,du050,2026-09-15 08:04:05,gracias!
1453,ch26,du014,2026-09-12 20:26:46,esto no compila
1454,ch06,du236,2026-09-21 03:35:09,esto no compila
1455,ch01,du290,2026-09-25 20:13:49,a qué hora es la reunión
1456,ch31,du194,2026-09-16 15:21:33,alguien sabe cómo
1457,ch01,du007,2026-09-09 22:28:31,qué opinan de
1458,ch39,du101,2026-09-20 21:22:05,alguien sabe cómo
1459,ch17,du122,2026-09-10 16:11:51,alguien sabe cómo
1460,ch27,du264,2026-09-18 18:25:15,me uno en 5
1461,ch25,du224,2026-09-27 06:34:50,esto no compila
1462,ch05,du106,2026-09-27 21:46:55,ya quedó el deploy
1463,ch05,du287,2026-09-07 10:04:07,alguien sabe cómo
1464,ch05,du117,2026-09-20 14:42:12,gracias!
1465,ch21,du015,2026-09-22 21:18:38,jaja
1466,ch25,du210,2026-09-01 18:02:53,esto no compila
1467,ch23,du295,2026-09-05 11:47:42,gracias!
1468,ch05,du118,2026-09-19 09:16:51,mañana sigo
1469,ch36,du222,2026-09-25 14:45:18,ya quedó el deploy
1470,ch36,du169,2026-09-18 18:52:07,qué opinan de
1471,ch23,du223,2026-09-29 21:23:52,jaja
1472,ch16,du172,2026-09-16 19:54:54,me uno en 5
1473,ch09,du165,2026-09-03 07:10:10,alguien sabe cómo
1474,ch06,du046,2026-09-15 12:56:40,revisen el canal de anuncios
1475,ch39,du068,2026-09-08 20:46:10,alguien sabe cómo
1476,ch22,du036,2026-09-09 16:40:41,revisen el canal de anuncios
1477,ch36,du116,2026-09-29 08:43:04,me uno en 5
1478,ch31,du085,2026-09-04 08:17:17,qué opinan de
1479,ch35,du181,2026-09-25 09:39:08,esto no compila
1480,ch36,du271,2026-09-02 03:08:07,me uno en 5
1481,ch28,du095,2026-09-04 19:16:32,listo
1482,ch36,du195,2026-09-04 13:19:13,ya quedó el deploy
1483,ch07,du133,2026-09-09 08:47:25,gracias!
1484,ch16,du191,2026-09-20 12:06:10,a qué hora es la reunión
1485,ch16,du124,2026-09-13 23:47:52,revisen el canal de anuncios
1486,ch02,du134,2026-09-26 12:03:19,qué opinan de
1487,ch23,du013,2026-09-27 21:05:38,a qué hora es la reunión
1488,ch25,du099,2026-09-04 23:51:20,jaja
1489,ch03,du041,2026-09-01 13:17:26,mañana sigo
1490,ch34,du168,2026-09-26 18:12:01,me uno en 5
1491,ch36,du264,2026-09-22 19:28:06,jaja
1492,ch09,du013,2026-09-28 06:48:51,jaja
1493,ch39,du209,2026-09-13 20:42:39,revisen el canal de anuncios
1494,ch16,du036,2026-09-18 19:27:57,a qué hora es la reunión
1495,ch13,du182,2026-09-03 05:55:53,revisen el canal de anuncios
1496,ch17,du208,2026-09-21 17:28:13,subí el archivo
1497,ch30,du154,2026-09-27 12:48:49,qué opinan de
1498,ch16,du043,2026-09-21 13:18:08,jaja
1499,ch36,du026,2026-09-03 14:18:06,esto no compila
1500,ch16,du148,2026-09-16 14:10:05,alguien sabe cómo
1501,ch28,du297,2026-09-21 10:37:36,a qué hora es la reunión
1502,ch32,du129,2026-09-07 04:34:53,ya quedó el deploy
1503,ch04,du022,2026-09-14 15:29:57,subí el archivo
1504,ch23,du041,2026-09-21 08:15:03,listo
1505,ch23,du181,2026-09-09 21:37:17,ya quedó el deploy
1506,ch17,du193,2026-09-27 15:12:08,gracias!
1507,ch31,du174,2026-09-15 03:58:32,esto no compila
1508,ch21,du061,2026-09-04 20:31:10,listo
1509,ch32,du054,2026-09-12 18:02:50,jaja
1510,ch39,du194,2026-09-04 08:37:05,alguien sabe cómo
1511,ch14,du065,2026-09-08 18:15:11,alguien sabe cómo
1512,ch40,du144,2026-09-16 19:44:17,subí el archivo
1513,ch25,du279,2026-09-28 20:03:20,revisen el canal de anuncios
1514,ch16,du056,2026-09-24 14:46:04,esto no compila
1515,ch31,du116,2026-09-13 14:12:20,jaja
1516,ch21,du200,2026-09-19 20:51:57,esto no compila
1517,ch39,du249,2026-09-28 11:57:06,gracias!
1518,ch19,du183,2026-09-29 16:41:43,revisen el canal de anuncios
1519,ch39,du014,2026-09-23 10:41:42,listo
1520,ch29,du061,2026-09-23 10:39:59,gracias!
1521,ch31,du012,2026-09-13 18:16:34,me uno en 5
1522,ch01,du084,2026-09-08 19:28:56,a qué hora es la reunión
1523,ch06,du101,2026-09-19 19:59:28,jaja
1524,ch22,du255,2026-09-19 09:45:28,jaja
1525,ch17,du263,2026-09-14 08:12:14,alguien sabe cómo
1526,ch36,du059,2026-09-19 17:09:23,listo
1527,ch24,du232,2026-09-06 05:13:35,a qué hora es la reunión
1528,ch37,du281,2026-09-21 10:26:57,mañana sigo
1529,ch04,du289,2026-09-20 18:42:06,qué opinan de
1530,ch30,du137,2026-09-29 17:59:59,ya quedó el deploy
1531,ch16,du151,2026-09-04 21:45:36,alguien sabe cómo
1532,ch03,du131,2026-09-09 07:13:29,mañana sigo
1533,ch14,du248,2026-09-26 19:53:59,revisen el canal de anuncios
1534,ch25,du194,2026-09-25 15:09:51,listo
1535,ch07,du154,2026-09-29 18:50:02,gracias!
1536,ch31,du047,2026-09-12 19:54:15,alguien sabe cómo
1537,ch19,du124,2026-09-07 07:03:43,alguien sabe cómo
1538,ch04,du290,2026-09-08 20:29:16,ya quedó el deploy
1539,ch32,du046,2026-09-25 09:50:47,ya quedó el deploy
1540,ch01,du059,2026-09-15 09:27:52,gracias!
1541,ch25,du003,2026-09-10 21:05:09,ya quedó el deploy
1542,ch22,du114,2026-09-15 06:25:34,mañana sigo
1543,ch36,du026,2026-09-01 21:05:09,me uno en 5
1544,ch16,du236,2026-09-17 18:16:38,me uno en 5
1545,ch30,du271,2026-09-11 16:22:37,me uno en 5
1546,ch15,du051,2026-09-19 21:37:06,qué opinan de
1547,ch14,du073,2026-09-23 12:37:26,revisen el canal de anuncios
1548,ch36,du012,2026-09-15 18:09:42,alguien sabe cómo
1549,ch33,du129,2026-09-30 21:51:04,esto no compila
1550,ch06,du268,2026-09-09 10:21:37,subí el archivo
1551,ch19,du187,2026-09-21 15:12:15,me uno en 5
1552,ch02,du221,2026-09-07 19:42:39,mañana sigo
1553,ch35,du167,2026-09-24 21:31:09,me uno en 5
1554,ch29,du057,2026-09-09 13:13:55,mañana sigo
1555,ch38,du212,2026-09-23 11:19:36,a qué hora es la reunión
1556,ch04,du066,2026-09-21 18:08:02,gracias!
1557,ch02,du219,2026-09-02 18:56:34,revisen el canal de anuncios
1558,ch25,du294,2026-09-23 08:58:45,ya quedó el deploy
1559,ch40,du234,2026-09-25 02:54:44,subí el archivo
1560,ch36,du184,2026-09-30 10:23:22,a qué hora es la reunión
1561,ch26,du038,2026-09-29 18:38:37,mañana sigo
1562,ch34,du234,2026-09-02 11:28:01,listo
1563,ch03,du022,2026-09-12 16:21:34,esto no compila
1564,ch27,du138,2026-09-21 07:43:19,alguien sabe cómo
1565,ch01,du046,2026-09-03 04:19:38,ya quedó el deploy
1566,ch20,du162,2026-09-02 16:56:24,alguien sabe cómo
1567,ch29,du247,2026-09-01 15:06:39,me uno en 5
1568,ch16,du175,2026-09-12 18:32:39,esto no compila
1569,ch06,du026,2026-09-11 12:54:59,revisen el canal de anuncios
1570,ch01,du221,2026-09-16 19:37:05,mañana sigo
1571,ch35,du239,2026-09-27 16:49:46,subí el archivo
1572,ch31,du059,2026-09-19 19:41:21,a qué hora es la reunión
1573,ch02,du263,2026-09-19 20:28:38,a qué hora es la reunión
1574,ch01,du255,2026-09-15 11:37:55,ya quedó el deploy
1575,ch31,du227,2026-09-29 03:24:10,esto no compila
1576,ch39,du187,2026-09-16 03:48:36,me uno en 5
1577,ch06,du056,2026-09-27 17:45:29,me uno en 5
1578,ch25,du059,2026-09-04 14:06:18,alguien sabe cómo
1579,ch19,du087,2026-09-11 21:02:23,ya quedó el deploy
1580,ch04,du082,2026-09-21 12:41:31,mañana sigo
1581,ch18,du009,2026-09-08 09:15:31,mañana sigo
1582,ch24,du200,2026-09-08 04:33:03,listo
1583,ch06,du183,2026-09-12 15:55:17,mañana sigo
1584,ch24,du162,2026-09-20 23:26:21,qué opinan de
1585,ch01,du036,2026-09-14 12:26:23,listo
1586,ch16,du155,2026-09-14 20:42:58,revisen el canal de anuncios
1587,ch09,du283,2026-09-03 19:57:55,jaja
1588,ch02,du191,2026-09-27 15:34:06,listo
1589,ch16,du276,2026-09-19 17:21:10,qué opinan de
1590,ch15,du240,2026-09-04 19:25:21,subí el archivo
1591,ch13,du242,2026-09-12 17:47:33,mañana sigo
1592,ch21,du053,2026-09-04 05:16:32,gracias!
1593,ch27,du153,2026-09-14 16:24:27,subí el archivo
1594,ch39,du232,2026-09-11 15:31:57,subí el archivo
1595,ch25,du262,2026-09-16 17:31:40,qué opinan de
1596,ch06,du171,2026-09-25 18:52:06,listo
1597,ch29,du089,2026-09-20 20:22:57,gracias!
1598,ch31,du172,2026-09-03 07:38:02,me uno en 5
1599,ch02,du094,2026-09-13 07:39:48,subí el archivo
1600,ch06,du230,2026-09-04 17:47:21,esto no compila
1601,ch02,du028,2026-09-25 11:16:36,jaja
1602,ch36,du080,2026-09-18 21:49:16,a qué hora es la reunión
1603,ch23,du216,2026-09-27 19:17:24,qué opinan de
1604,ch27,du014,2026-09-18 06:43:29,subí el archivo
1605,ch37,du019,2026-09-07 08:18:15,mañana sigo
1606,ch31,du131,2026-09-11 17:45:38,me uno en 5
1607,ch23,du010,2026-09-05 18:31:34,gracias!
1608,ch36,du049,2026-09-19 17:58:32,esto no compila
1609,ch36,du138,2026-09-09 19:46:05,listo
1610,ch07,du076,2026-09-20 09:14:42,esto no compila
1611,ch06,du202,2026-09-22 10:49:29,subí el archivo
1612,ch25,du059,2026-09-29 21:02:42,qué opinan de
1613,ch40,du234,2026-09-23 21:16:13,a qué hora es la reunión
1614,ch21,du226,2026-09-27 11:57:20,jaja
1615,ch16,du240,2026-09-26 15:34:19,subí el archivo
1616,ch27,du210,2026-09-22 16:24:11,jaja
1617,ch16,du095,2026-09-03 10:06:00,a qué hora es la reunión
1618,ch33,du063,2026-09-17 14:11:20,listo
1619,ch06,du055,2026-09-14 13:20:26,subí el archivo
1620,ch18,du295,2026-09-28 13:10:38,qué opinan de
1621,ch01,du282,2026-09-20 12:15:07,ya quedó el deploy
1622,ch40,du296,2026-09-21 12:23:32,revisen el canal de anuncios
1623,ch08,du267,2026-09-26 06:27:03,esto no compila
1624,ch33,du031,2026-09-05 13:52:40,alguien sabe cómo
1625,ch09,du232,2026-09-25 09:45:41,mañana sigo
1626,ch20,du062,2026-09-30 07:15:46,alguien sabe cómo
1627,ch35,du133,2026-09-09 18:28:47,revisen el canal de anuncios
1628,ch25,du106,2026-09-07 07:13:41,mañana sigo
1629,ch15,du238,2026-09-12 15:47:00,subí el archivo
1630,ch17,du104,2026-09-05 07:09:54,alguien sabe cómo
1631,ch17,du116,2026-09-07 17:03:53,qué opinan de
1632,ch14,du011,2026-09-22 18:44:23,jaja
1633,ch11,du221,2026-09-23 21:25:23,ya quedó el deploy
1634,ch16,du203,2026-09-28 22:08:37,qué opinan de
1635,ch16,du012,2026-09-20 16:10:27,mañana sigo
1636,ch25,du130,2026-09-06 21:23:45,esto no compila
1637,ch04,du081,2026-09-20 20:38:52,a qué hora es la reunión
1638,ch06,du186,2026-09-28 15:02:20,esto no compila
1639,ch06,du099,2026-09-20 19:35:30,alguien sabe cómo
1640,ch11,du228,2026-09-08 17:17:54,mañana sigo
1641,ch09,du115,2026-09-21 23:50:17,a qué hora es la reunión
1642,ch04,du114,2026-09-24 05:45:28,esto no compila
1643,ch33,du056,2026-09-01 08:06:31,alguien sabe cómo
1644,ch32,du297,2026-09-20 13:02:27,qué opinan de
1645,ch28,du038,2026-09-26 08:50:26,gracias!
1646,ch15,du066,2026-09-24 19:59:23,esto no compila
1647,ch29,du181,2026-09-30 18:06:02,esto no compila
1648,ch25,du128,2026-09-28 13:53:03,gracias!
1649,ch16,du223,2026-09-30 17:27:05,gracias!
1650,ch26,du282,2026-09-26 03:47:04,esto no compila
1651,ch19,du124,2026-09-30 17:25:50,jaja
1652,ch18,du114,2026-09-16 13:30:01,a qué hora es la reunión
1653,ch07,du107,2026-09-27 08:05:11,mañana sigo
1654,ch33,du088,2026-09-11 18:44:00,listo
1655,ch19,du262,2026-09-03 16:18:42,mañana sigo
1656,ch21,du273,2026-09-01 14:26:03,revisen el canal de anuncios
1657,ch01,du295,2026-09-14 18:37:31,subí el archivo
1658,ch31,du103,2026-09-20 17:43:08,me uno en 5
1659,ch02,du156,2026-09-16 10:30:00,qué opinan de
1660,ch01,du201,2026-09-02 15:02:19,esto no compila
1661,ch39,du078,2026-09-25 16:49:08,gracias!
1662,ch39,du237,2026-09-20 23:44:54,subí el archivo
1663,ch25,du080,2026-09-13 16:48:36,alguien sabe cómo
1664,ch25,du053,2026-09-17 23:35:30,subí el archivo
1665,ch35,du294,2026-09-25 12:41:05,mañana sigo
1666,ch33,du095,2026-09-22 12:28:06,a qué hora es la reunión
1667,ch12,du240,2026-09-17 11:39:23,mañana sigo
1668,ch15,du123,2026-09-16 09:37:28,jaja
1669,ch16,du007,2026-09-05 06:30:16,ya quedó el deploy
1670,ch18,du247,2026-09-25 13:10:40,a qué hora es la reunión
1671,ch04,du285,2026-09-08 00:49:20,ya quedó el deploy
1672,ch27,du252,2026-09-07 07:39:06,qué opinan de
1673,ch01,du253,2026-09-12 14:54:05,me uno en 5
1674,ch24,du297,2026-09-30 10:18:07,listo
1675,ch09,du104,2026-09-11 18:40:26,ya quedó el deploy
1676,ch05,du080,2026-09-16 14:13:53,subí el archivo
1677,ch39,du194,2026-09-28 18:41:18,mañana sigo
1678,ch23,du279,2026-09-16 23:11:36,revisen el canal de anuncios
1679,ch16,du142,2026-09-16 14:05:02,ya quedó el deploy
1680,ch18,du099,2026-09-21 09:59:03,revisen el canal de anuncios
1681,ch29,du247,2026-09-19 07:21:09,a qué hora es la reunión
1682,ch18,du182,2026-09-09 04:07:26,me uno en 5
1683,ch35,du053,2026-09-02 13:36:08,a qué hora es la reunión
1684,ch32,du065,2026-09-10 19:50:32,mañana sigo
1685,ch17,du130,2026-09-04 22:09:47,ya quedó el deploy
1686,ch32,du074,2026-09-27 18:11:48,qué opinan de
1687,ch40,du238,2026-09-26 18:39:18,jaja
1688,ch32,du224,2026-09-18 07:13:05,a qué hora es la reunión
1689,ch19,du132,2026-09-06 15:41:57,a qué hora es la reunión
1690,ch15,du249,2026-09-18 17:51:59,gracias!
1691,ch28,du237,2026-09-17 17:14:34,esto no compila
1692,ch04,du298,2026-09-12 16:30:46,mañana sigo
1693,ch12,du090,2026-09-25 15:16:57,subí el archivo
1694,ch19,du053,2026-09-13 11:35:57,subí el archivo
1695,ch03,du081,2026-09-09 10:19:51,gracias!
1696,ch36,du097,2026-09-13 12:08:23,mañana sigo
1697,ch25,du279,2026-09-19 13:40:37,gracias!
1698,ch11,du293,2026-09-17 11:58:12,esto no compila
1699,ch10,du262,2026-09-03 19:16:43,gracias!
1700,ch17,du029,2026-09-06 08:16:46,mañana sigo
1701,ch34,du112,2026-09-01 20:43:33,esto no compila
1702,ch31,du133,2026-09-14 10:47:32,alguien sabe cómo
1703,ch02,du166,2026-09-26 17:48:12,listo
1704,ch01,du237,2026-09-14 16:40:49,esto no compila
1705,ch33,du101,2026-09-07 15:46:47,listo
1706,ch01,du022,2026-09-27 22:43:45,ya quedó el deploy
1707,ch04,du062,2026-09-07 08:45:21,gracias!
1708,ch31,du221,2026-09-23 12:38:01,ya quedó el deploy
1709,ch33,du138,2026-09-27 16:40:15,qué opinan de
1710,ch14,du293,2026-09-23 19:21:40,jaja
1711,ch20,du288,2026-09-25 15:34:36,revisen el canal de anuncios
1712,ch23,du015,2026-09-30 11:27:26,a qué hora es la reunión
1713,ch11,du006,2026-09-28 11:15:32,subí el archivo
1714,ch24,du173,2026-09-29 10:16:11,gracias!
1715,ch24,du257,2026-09-05 18:26:06,a qué hora es la reunión
1716,ch40,du012,2026-09-02 18:09:12,a qué hora es la reunión
1717,ch34,du237,2026-09-07 06:30:07,revisen el canal de anuncios
1718,ch04,du223,2026-09-10 19:09:29,jaja
1719,ch17,du058,2026-09-16 22:52:58,me uno en 5
1720,ch06,du104,2026-09-23 05:08:40,listo
1721,ch29,du014,2026-09-08 09:14:22,listo
1722,ch39,du008,2026-09-14 18:48:03,qué opinan de
1723,ch06,du084,2026-09-01 21:01:43,listo
1724,ch24,du243,2026-09-11 04:04:02,esto no compila
1725,ch18,du082,2026-09-12 07:17:32,qué opinan de
1726,ch16,du134,2026-09-29 18:52:04,gracias!
1727,ch12,du085,2026-09-29 13:20:14,a qué hora es la reunión
1728,ch18,du021,2026-09-20 07:08:56,subí el archivo
1729,ch17,du192,2026-09-17 20:39:21,jaja
1730,ch34,du010,2026-09-04 08:52:30,a qué hora es la reunión
1731,ch14,du133,2026-09-15 12:43:25,revisen el canal de anuncios
1732,ch23,du050,2026-09-24 14:51:31,listo
1733,ch14,du219,2026-09-25 08:13:41,ya quedó el deploy
1734,ch26,du106,2026-09-05 16:39:36,me uno en 5
1735,ch17,du268,2026-09-06 16:01:01,qué opinan de
1736,ch36,du141,2026-09-09 13:51:17,alguien sabe cómo
1737,ch04,du203,2026-09-12 12:33:03,mañana sigo
1738,ch04,du053,2026-09-17 22:58:49,listo
1739,ch17,du087,2026-09-24 17:20:01,subí el archivo
1740,ch17,du256,2026-09-02 11:43:00,revisen el canal de anuncios
1741,ch29,du222,2026-09-29 16:11:17,gracias!
1742,ch06,du224,2026-09-10 17:54:19,subí el archivo
1743,ch33,du064,2026-09-16 10:32:38,subí el archivo
1744,ch28,du271,2026-09-16 12:29:55,a qué hora es la reunión
1745,ch29,du188,2026-09-16 08:31:37,esto no compila
1746,ch39,du086,2026-09-01 22:45:17,a qué hora es la reunión
1747,ch19,du229,2026-09-17 20:16:12,me uno en 5
1748,ch01,du138,2026-09-07 09:57:56,ya quedó el deploy
1749,ch33,du020,2026-09-05 13:16:28,jaja
1750,ch24,du222,2026-09-18 20:58:39,alguien sabe cómo
1751,ch09,du285,2026-09-02 17:30:59,subí el archivo
1752,ch38,du037,2026-09-13 16:03:40,qué opinan de
1753,ch01,du193,2026-09-26 06:58:11,qué opinan de
1754,ch29,du182,2026-09-12 15:04:37,esto no compila
1755,ch27,du236,2026-09-18 14:11:22,mañana sigo
1756,ch31,du076,2026-09-20 06:27:57,qué opinan de
1757,ch33,du053,2026-09-21 19:44:09,mañana sigo
1758,ch36,du296,2026-09-16 18:09:47,subí el archivo
1759,ch05,du023,2026-09-06 14:44:48,gracias!
1760,ch25,du139,2026-09-22 19:40:16,ya quedó el deploy
1761,ch14,du015,2026-09-14 20:08:05,jaja
1762,ch17,du215,2026-09-02 19:48:20,a qué hora es la reunión
1763,ch20,du172,2026-09-05 12:43:23,subí el archivo
1764,ch18,du149,2026-09-24 10:16:08,a qué hora es la reunión
1765,ch15,du049,2026-09-06 08:18:09,revisen el canal de anuncios
1766,ch29,du249,2026-09-11 13:46:13,ya quedó el deploy
1767,ch04,du076,2026-09-13 09:47:21,revisen el canal de anuncios
1768,ch29,du019,2026-09-27 09:51:07,listo
1769,ch02,du115,2026-09-22 16:26:27,jaja
1770,ch18,du182,2026-09-21 15:44:52,jaja
1771,ch06,du244,2026-09-21 17:55:34,jaja
1772,ch03,du262,2026-09-02 11:54:21,subí el archivo
1773,ch21,du105,2026-09-11 18:27:05,a qué hora es la reunión
1774,ch26,du238,2026-09-10 00:58:13,esto no compila
1775,ch39,du077,2026-09-24 11:54:17,qué opinan de
1776,ch32,du289,2026-09-28 14:09:00,a qué hora es la reunión
1777,ch04,du238,2026-09-13 13:29:33,ya quedó el deploy
1778,ch28,du101,2026-09-09 08:25:53,qué opinan de
1779,ch25,du185,2026-09-19 20:30:37,mañana sigo
1780,ch19,du259,2026-09-27 10:23:45,listo
1781,ch39,du165,2026-09-03 13:57:35,esto no compila
1782,ch09,du026,2026-09-23 11:54:41,a qué hora es la reunión
1783,ch07,du009,2026-09-29 19:43:02,jaja
1784,ch26,du210,2026-09-28 13:01:59,a qué hora es la reunión
1785,ch21,du240,2026-09-22 06:57:27,mañana sigo
1786,ch19,du119,2026-09-22 07:58:05,gracias!
1787,ch22,du015,2026-09-11 19:05:40,subí el archivo
1788,ch01,du226,2026-09-05 16:29:14,mañana sigo
1789,ch06,du108,2026-09-29 17:18:12,me uno en 5
1790,ch24,du230,2026-09-22 17:41:15,revisen el canal de anuncios
1791,ch09,du131,2026-09-12 16:14:57,me uno en 5
1792,ch24,du294,2026-09-12 15:33:03,jaja
1793,ch28,du293,2026-09-07 08:31:45,revisen el canal de anuncios
1794,ch40,du241,2026-09-20 23:13:28,revisen el canal de anuncios
1795,ch35,du039,2026-09-22 17:16:42,ya quedó el deploy
1796,ch16,du287,2026-09-18 17:16:53,alguien sabe cómo
1797,ch28,du030,2026-09-12 21:29:32,alguien sabe cómo
1798,ch05,du003,2026-09-27 04:54:22,qué opinan de
1799,ch35,du277,2026-09-21 08:19:43,jaja
1800,ch24,du136,2026-09-15 13:29:34,ya quedó el deploy
1801,ch09,du012,2026-09-30 13:53:49,alguien sabe cómo
1802,ch02,du129,2026-09-14 12:46:05,gracias!
1803,ch23,du257,2026-09-06 14:29:28,alguien sabe cómo
1804,ch17,du014,2026-09-14 15:10:49,listo
1805,ch25,du282,2026-09-23 21:46:47,a qué hora es la reunión
1806,ch16,du129,2026-09-11 07:15:45,qué opinan de
1807,ch33,du088,2026-09-14 09:21:28,alguien sabe cómo
1808,ch04,du050,2026-09-27 13:32:37,jaja
1809,ch09,du273,2026-09-08 13:55:57,subí el archivo
1810,ch39,du290,2026-09-19 16:19:07,listo
1811,ch28,du088,2026-09-30 14:41:36,a qué hora es la reunión
1812,ch17,du249,2026-09-16 10:09:11,esto no compila
1813,ch24,du151,2026-09-05 23:35:49,a qué hora es la reunión
1814,ch26,du151,2026-09-05 13:55:20,alguien sabe cómo
1815,ch35,du280,2026-09-14 12:28:19,ya quedó el deploy
1816,ch11,du004,2026-09-02 16:08:59,gracias!
1817,ch07,du064,2026-09-18 19:05:33,alguien sabe cómo
1818,ch14,du064,2026-09-20 16:28:52,esto no compila
1819,ch16,du060,2026-09-04 10:58:01,listo
1820,ch11,du113,2026-09-26 06:31:04,subí el archivo
1821,ch21,du219,2026-09-24 21:10:15,listo
1822,ch31,du128,2026-09-29 18:31:35,ya quedó el deploy
1823,ch34,du080,2026-09-05 19:50:04,mañana sigo
1824,ch08,du270,2026-09-12 15:36:54,revisen el canal de anuncios
1825,ch17,du056,2026-09-29 09:27:12,alguien sabe cómo
1826,ch14,du109,2026-09-17 18:55:02,gracias!
1827,ch16,du016,2026-09-24 20:06:34,a qué hora es la reunión
1828,ch09,du165,2026-09-18 03:09:30,alguien sabe cómo
1829,ch29,du045,2026-09-12 10:37:19,qué opinan de
1830,ch15,du015,2026-09-24 17:34:29,listo
1831,ch01,du291,2026-09-02 18:42:41,alguien sabe cómo
1832,ch05,du118,2026-09-10 22:47:24,mañana sigo
1833,ch20,du102,2026-09-16 09:04:47,gracias!
1834,ch39,du253,2026-09-08 12:02:15,esto no compila
1835,ch35,du253,2026-09-17 16:05:56,mañana sigo
1836,ch39,du074,2026-09-09 17:01:11,gracias!
1837,ch36,du115,2026-09-17 10:20:40,subí el archivo
1838,ch19,du180,2026-09-29 12:45:35,revisen el canal de anuncios
1839,ch06,du244,2026-09-19 06:50:53,a qué hora es la reunión
1840,ch28,du093,2026-09-17 09:12:09,qué opinan de
1841,ch27,du287,2026-09-19 16:55:21,a qué hora es la reunión
1842,ch33,du162,2026-09-04 07:28:09,qué opinan de
1843,ch03,du066,2026-09-05 18:09:08,listo
1844,ch09,du223,2026-09-04 21:07:57,alguien sabe cómo
1845,ch16,du195,2026-09-04 20:05:09,esto no compila
1846,ch30,du030,2026-09-22 23:08:19,esto no compila
1847,ch39,du091,2026-09-29 17:44:09,revisen el canal de anuncios
1848,ch32,du250,2026-09-08 18:08:59,subí el archivo
1849,ch30,du187,2026-09-06 18:25:14,esto no compila
1850,ch04,du237,2026-09-02 18:37:36,me uno en 5
1851,ch33,du186,2026-09-27 11:12:56,jaja
1852,ch08,du129,2026-09-11 14:10:30,ya quedó el deploy
1853,ch32,du171,2026-09-29 12:25:52,a qué hora es la reunión
1854,ch31,du189,2026-09-30 09:13:36,revisen el canal de anuncios
1855,ch06,du222,2026-09-03 13:37:30,jaja
1856,ch01,du233,2026-09-09 14:48:09,me uno en 5
1857,ch36,du056,2026-09-09 11:52:39,revisen el canal de anuncios
1858,ch33,du201,2026-09-19 20:18:22,listo
1859,ch23,du234,2026-09-13 17:13:16,listo
1860,ch07,du119,2026-09-26 15:43:01,a qué hora es la reunión
1861,ch09,du295,2026-09-20 15:23:44,mañana sigo
1862,ch01,du119,2026-09-19 09:22:53,a qué hora es la reunión
1863,ch09,du007,2026-09-26 18:55:18,listo
1864,ch27,du127,2026-09-09 17:07:31,revisen el canal de anuncios
1865,ch19,du198,2026-09-22 19:08:04,esto no compila
1866,ch23,du033,2026-09-07 09:40:11,mañana sigo
1867,ch17,du093,2026-09-26 13:11:27,mañana sigo
1868,ch22,du026,2026-09-12 18:48:05,mañana sigo
1869,ch20,du273,2026-09-19 15:45:36,subí el archivo
1870,ch29,du204,2026-09-07 18:40:45,listo
1871,ch33,du135,2026-09-17 07:17:03,ya quedó el deploy
1872,ch31,du243,2026-09-02 15:37:19,mañana sigo
1873,ch08,du283,2026-09-01 20:20:16,a qué hora es la reunión
1874,ch40,du003,2026-09-18 21:12:26,a qué hora es la reunión
1875,ch28,du056,2026-09-23 15:27:17,qué opinan de
1876,ch11,du262,2026-09-18 17:51:11,revisen el canal de anuncios
1877,ch25,du276,2026-09-03 14:49:26,gracias!
1878,ch31,du085,2026-09-03 14:45:05,qué opinan de
1879,ch01,du114,2026-09-28 09:28:36,me uno en 5
1880,ch04,du297,2026-09-28 10:50:53,alguien sabe cómo
1881,ch23,du136,2026-09-27 16:46:35,ya quedó el deploy
1882,ch28,du228,2026-09-21 15:55:39,ya quedó el deploy
1883,ch20,du012,2026-09-01 13:41:09,qué opinan de
1884,ch16,du036,2026-09-29 07:40:26,listo
1885,ch40,du130,2026-09-28 12:09:30,ya quedó el deploy
1886,ch29,du125,2026-09-02 12:46:20,esto no compila
1887,ch39,du282,2026-09-05 19:10:18,me uno en 5
1888,ch20,du100,2026-09-12 20:14:10,a qué hora es la reunión
1889,ch20,du236,2026-09-24 12:35:41,ya quedó el deploy
1890,ch35,du152,2026-09-05 09:53:30,esto no compila
1891,ch02,du215,2026-09-02 19:33:16,gracias!
1892,ch23,du193,2026-09-16 06:29:32,gracias!
1893,ch04,du125,2026-09-15 21:21:20,me uno en 5
1894,ch25,du292,2026-09-27 18:37:16,ya quedó el deploy
1895,ch14,du238,2026-09-15 18:14:14,esto no compila
1896,ch36,du065,2026-09-22 13:52:47,esto no compila
1897,ch35,du153,2026-09-08 06:36:38,ya quedó el deploy
1898,ch33,du239,2026-09-23 18:42:49,esto no compila
1899,ch19,du184,2026-09-30 08:07:54,jaja
1900,ch35,du144,2026-09-13 16:17:44,mañana sigo
1901,ch40,du202,2026-09-13 11:15:46,alguien sabe cómo
1902,ch09,du117,2026-09-07 20:36:43,listo
1903,ch13,du028,2026-09-27 09:15:16,alguien sabe cómo
1904,ch20,du112,2026-09-16 19:06:45,esto no compila
1905,ch13,du236,2026-09-03 16:56:59,jaja
1906,ch24,du218,2026-09-24 20:08:26,me uno en 5
1907,ch05,du166,2026-09-04 19:49:04,revisen el canal de anuncios
1908,ch17,du137,2026-09-01 11:01:37,mañana sigo
1909,ch03,du105,2026-09-27 13:09:51,listo
1910,ch24,du146,2026-09-01 17:35:32,esto no compila
1911,ch03,du253,2026-09-17 20:51:07,alguien sabe cómo
1912,ch01,du050,2026-09-10 12:14:39,subí el archivo
1913,ch25,du057,2026-09-09 04:18:18,subí el archivo
1914,ch32,du135,2026-09-25 18:20:51,esto no compila
1915,ch09,du187,2026-09-28 14:24:20,a qué hora es la reunión
1916,ch19,du007,2026-09-08 19:06:38,gracias!
1917,ch20,du120,2026-09-03 19:36:37,jaja
1918,ch36,du246,2026-09-27 05:53:58,qué opinan de
1919,ch18,du246,2026-09-02 11:42:57,listo
1920,ch06,du092,2026-09-30 00:27:14,gracias!
1921,ch25,du280,2026-09-09 09:39:18,listo
1922,ch15,du099,2026-09-10 10:45:09,me uno en 5
1923,ch39,du085,2026-09-27 08:20:15,a qué hora es la reunión
1924,ch09,du099,2026-09-17 15:14:46,jaja
1925,ch24,du063,2026-09-27 15:30:10,a qué hora es la reunión
1926,ch22,du209,2026-09-26 07:23:00,qué opinan de
1927,ch24,du085,2026-09-20 14:06:41,revisen el canal de anuncios
1928,ch19,du032,2026-09-02 20:33:15,subí el archivo
1929,ch32,du148,2026-09-30 15:07:12,qué opinan de
1930,ch24,du238,2026-09-11 19:46:09,listo
1931,ch40,du118,2026-09-01 20:23:48,me uno en 5
1932,ch23,du221,2026-09-02 19:42:55,gracias!
1933,ch35,du293,2026-09-23 21:58:24,esto no compila
1934,ch31,du094,2026-09-24 12:44:08,listo
1935,ch12,du128,2026-09-15 14:28:15,jaja
1936,ch09,du187,2026-09-26 20:59:09,listo
1937,ch16,du253,2026-09-30 05:38:23,listo
1938,ch24,du106,2026-09-24 21:09:19,alguien sabe cómo
1939,ch28,du019,2026-09-26 03:03:57,alguien sabe cómo
1940,ch31,du255,2026-09-28 12:15:44,subí el archivo
1941,ch16,du147,2026-09-09 07:08:25,alguien sabe cómo
1942,ch08,du032,2026-09-15 08:59:01,esto no compila
1943,ch30,du280,2026-09-10 23:13:49,listo
1944,ch38,du186,2026-09-24 00:05:01,listo
1945,ch24,du068,2026-09-14 07:38:26,esto no compila
1946,ch35,du087,2026-09-30 22:54:33,mañana sigo
1947,ch20,du053,2026-09-09 14:19:34,gracias!
1948,ch16,du182,2026-09-30 10:57:29,qué opinan de
1949,ch34,du172,2026-09-28 13:56:15,ya quedó el deploy
1950,ch02,du168,2026-09-02 15:48:28,mañana sigo
1951,ch16,du234,2026-09-24 19:57:29,alguien sabe cómo
1952,ch18,du215,2026-09-10 09:18:31,qué opinan de
1953,ch19,du051,2026-09-13 19:15:29,subí el archivo
1954,ch23,du124,2026-09-09 11:55:03,ya quedó el deploy
1955,ch40,du288,2026-09-22 17:03:18,mañana sigo
1956,ch04,du099,2026-09-25 15:47:36,me uno en 5
1957,ch16,du245,2026-09-22 14:20:07,esto no compila
1958,ch16,du123,2026-09-13 15:46:24,subí el archivo
1959,ch04,du188,2026-09-18 15:10:15,alguien sabe cómo
1960,ch02,du104,2026-09-23 18:01:42,esto no compila
1961,ch29,du162,2026-09-15 07:48:03,revisen el canal de anuncios
1962,ch02,du049,2026-09-04 12:54:13,alguien sabe cómo
1963,ch33,du014,2026-09-21 19:49:13,esto no compila
1964,ch03,du162,2026-09-12 16:46:52,qué opinan de
1965,ch33,du137,2026-09-17 10:14:29,mañana sigo
1966,ch20,du260,2026-09-08 19:53:30,gracias!
1967,ch04,du064,2026-09-07 00:33:59,alguien sabe cómo
1968,ch04,du040,2026-09-09 11:53:55,gracias!
1969,ch03,du226,2026-09-17 18:36:22,me uno en 5
1970,ch19,du014,2026-09-13 21:36:48,alguien sabe cómo
1971,ch04,du170,2026-09-02 19:54:42,me uno en 5
1972,ch24,du201,2026-09-02 07:17:56,ya quedó el deploy
1973,ch29,du296,2026-09-22 19:34:58,qué opinan de
1974,ch17,du002,2026-09-04 08:40:54,ya quedó el deploy
1975,ch13,du242,2026-09-25 10:20:18,listo
1976,ch18,du052,2026-09-28 13:47:14,qué opinan de
1977,ch27,du014,2026-09-21 13:18:05,revisen el canal de anuncios
1978,ch04,du230,2026-09-15 10:51:12,jaja
1979,ch29,du125,2026-09-20 15:28:36,esto no compila
1980,ch06,du113,2026-09-15 14:07:19,esto no compila
1981,ch31,du121,2026-09-08 18:21:58,subí el archivo
1982,ch20,du056,2026-09-14 18:56:03,gracias!
1983,ch17,du285,2026-09-25 09:34:34,a qué hora es la reunión
1984,ch24,du290,2026-09-03 03:15:51,revisen el canal de anuncios
1985,ch04,du198,2026-09-14 19:41:04,listo
1986,ch06,du085,2026-09-14 19:28:46,gracias!
1987,ch07,du092,2026-09-19 14:51:15,me uno en 5
1988,ch35,du084,2026-09-29 23:26:21,listo
1989,ch32,du276,2026-09-09 17:24:33,me uno en 5
1990,ch24,du080,2026-09-04 07:53:26,alguien sabe cómo
1991,ch18,du229,2026-09-08 13:54:59,a qué hora es la reunión
1992,ch29,du043,2026-09-23 21:42:14,qué opinan de
1993,ch14,du056,2026-09-28 21:09:38,qué opinan de
1994,ch06,du028,2026-09-24 09:54:38,gracias!
1995,ch31,du025,2026-09-24 20:38:11,me uno en 5
1996,ch30,du131,2026-09-25 13:54:00,listo
1997,ch20,du052,2026-09-23 06:27:26,me uno en 5
1998,ch04,du131,2026-09-05 16:45:51,a qué hora es la reunión
1999,ch14,du115,2026-09-16 15:19:46,ya quedó el deploy
2000,ch06,du078,2026-09-21 14:31:16,subí el archivo
2001,ch24,du082,2026-09-27 17:05:48,jaja
2002,ch02,du223,2026-09-17 03:10:59,jaja
2003,ch09,du283,2026-09-26 07:20:36,qué opinan de
2004,ch16,du144,2026-09-04 22:07:52,ya quedó el deploy
2005,ch34,du170,2026-09-03 05:10:25,alguien sabe cómo
2006,ch33,du287,2026-09-20 15:55:58,listo
2007,ch14,du115,2026-09-10 12:51:04,qué opinan de
2008,ch23,du188,2026-09-21 10:59:31,qué opinan de
2009,ch19,du257,2026-09-28 10:19:06,subí el archivo
2010,ch34,du115,2026-09-02 15:50:17,subí el archivo
2011,ch09,du063,2026-09-13 00:26:37,esto no compila
2012,ch29,du004,2026-09-10 20:07:52,alguien sabe cómo
2013,ch02,du144,2026-09-22 06:46:57,subí el archivo
2014,ch24,du082,2026-09-13 08:40:52,alguien sabe cómo
2015,ch25,du046,2026-09-13 20:14:16,ya quedó el deploy
2016,ch40,du242,2026-09-25 13:15:03,alguien sabe cómo
2017,ch36,du235,2026-09-27 19:36:27,revisen el canal de anuncios
2018,ch36,du086,2026-09-30 17:44:55,subí el archivo
2019,ch01,du228,2026-09-26 17:33:42,me uno en 5
2020,ch18,du288,2026-09-30 16:51:50,jaja
2021,ch36,du056,2026-09-29 06:20:05,listo
2022,ch16,du035,2026-09-13 11:46:04,alguien sabe cómo
2023,ch14,du051,2026-09-23 23:36:36,me uno en 5
2024,ch38,du101,2026-09-30 13:02:54,ya quedó el deploy
2025,ch29,du162,2026-09-28 20:01:19,subí el archivo
2026,ch28,du130,2026-09-05 20:54:41,gracias!
2027,ch39,du154,2026-09-12 01:53:28,esto no compila
2028,ch36,du079,2026-09-02 22:14:10,listo
2029,ch39,du208,2026-09-03 22:30:28,jaja
2030,ch06,du091,2026-09-01 13:41:14,alguien sabe cómo
2031,ch33,du135,2026-09-25 12:00:31,jaja
2032,ch25,du056,2026-09-30 07:07:06,listo
2033,ch26,du280,2026-09-12 12:41:36,me uno en 5
2034,ch06,du177,2026-09-22 20:04:00,gracias!
2035,ch33,du034,2026-09-21 23:32:03,gracias!
2036,ch09,du244,2026-09-16 16:23:34,revisen el canal de anuncios
2037,ch22,du172,2026-09-26 18:47:02,mañana sigo
2038,ch29,du215,2026-09-07 19:16:55,qué opinan de
2039,ch14,du104,2026-09-29 11:36:47,listo
2040,ch14,du065,2026-09-28 16:02:51,ya quedó el deploy
2041,ch19,du154,2026-09-21 19:47:05,gracias!
2042,ch14,du192,2026-09-28 17:47:44,alguien sabe cómo
2043,ch03,du294,2026-09-28 17:31:15,alguien sabe cómo
2044,ch28,du083,2026-09-30 21:46:00,mañana sigo
2045,ch37,du114,2026-09-28 11:58:35,listo
2046,ch22,du236,2026-09-06 12:36:16,alguien sabe cómo
2047,ch28,du053,2026-09-13 18:16:28,listo
2048,ch23,du049,2026-09-19 19:02:27,a qué hora es la reunión
2049,ch26,du300,2026-09-18 20:22:59,me uno en 5
2050,ch02,du162,2026-09-07 12:06:44,subí el archivo
2051,ch20,du088,2026-09-25 10:57:11,ya quedó el deploy
2052,ch12,du047,2026-09-16 06:20:27,esto no compila
2053,ch28,du277,2026-09-17 03:08:01,listo
2054,ch18,du144,2026-09-12 08:20:52,esto no compila
2055,ch29,du242,2026-09-27 07:56:24,me uno en 5
2056,ch32,du144,2026-09-08 19:17:08,me uno en 5
2057,ch29,du262,2026-09-04 09:33:07,revisen el canal de anuncios
2058,ch06,du091,2026-09-30 11:44:52,revisen el canal de anuncios
2059,ch32,du120,2026-09-10 01:05:13,ya quedó el deploy
2060,ch28,du285,2026-09-21 18:37:07,mañana sigo
2061,ch36,du082,2026-09-25 09:00:47,qué opinan de
2062,ch01,du112,2026-09-04 21:37:21,a qué hora es la reunión
2063,ch04,du079,2026-09-15 13:11:08,jaja
2064,ch39,du116,2026-09-03 15:41:04,me uno en 5
2065,ch33,du136,2026-09-17 14:08:44,qué opinan de
2066,ch29,du118,2026-09-18 14:56:03,jaja
2067,ch36,du046,2026-09-02 09:40:22,me uno en 5
2068,ch02,du052,2026-09-25 23:57:03,esto no compila
2069,ch06,du029,2026-09-12 17:27:35,ya quedó el deploy
2070,ch15,du200,2026-09-01 02:40:29,ya quedó el deploy
2071,ch07,du280,2026-09-20 19:19:41,gracias!
2072,ch25,du259,2026-09-16 18:27:09,subí el archivo
2073,ch19,du214,2026-09-08 17:34:10,ya quedó el deploy
2074,ch16,du006,2026-09-07 17:54:43,jaja
2075,ch26,du053,2026-09-24 18:19:02,me uno en 5
2076,ch03,du184,2026-09-23 09:24:55,a qué hora es la reunión
2077,ch25,du298,2026-09-20 19:14:28,mañana sigo
2078,ch14,du142,2026-09-28 15:02:32,me uno en 5
2079,ch15,du005,2026-09-29 11:37:45,me uno en 5
2080,ch36,du011,2026-09-12 14:15:13,alguien sabe cómo
2081,ch28,du095,2026-09-22 11:18:39,me uno en 5
2082,ch09,du085,2026-09-23 18:13:46,subí el archivo
2083,ch26,du086,2026-09-02 14:42:44,a qué hora es la reunión
2084,ch14,du237,2026-09-06 11:29:10,mañana sigo
2085,ch05,du037,2026-09-25 08:49:12,esto no compila
2086,ch02,du140,2026-09-17 18:58:07,a qué hora es la reunión
2087,ch01,du138,2026-09-08 15:37:08,jaja
2088,ch18,du269,2026-09-08 15:06:41,alguien sabe cómo
2089,ch19,du144,2026-09-18 13:58:19,jaja
2090,ch16,du154,2026-09-07 03:51:17,esto no compila
2091,ch31,du292,2026-09-21 10:02:58,gracias!
2092,ch09,du208,2026-09-04 20:48:17,listo
2093,ch03,du046,2026-09-04 14:50:37,a qué hora es la reunión
2094,ch16,du092,2026-09-10 22:52:08,me uno en 5
2095,ch01,du275,2026-09-04 10:28:12,a qué hora es la reunión
2096,ch25,du051,2026-09-28 16:48:39,a qué hora es la reunión
2097,ch07,du050,2026-09-12 10:16:24,mañana sigo
2098,ch20,du243,2026-09-10 10:07:52,a qué hora es la reunión
2099,ch09,du079,2026-09-15 13:48:33,gracias!
2100,ch19,du201,2026-09-07 14:25:44,ya quedó el deploy
2101,ch04,du266,2026-09-17 21:33:20,me uno en 5
2102,ch02,du008,2026-09-17 15:33:37,subí el archivo
2103,ch16,du070,2026-09-27 09:03:34,mañana sigo
2104,ch11,du121,2026-09-30 13:15:59,me uno en 5
2105,ch02,du076,2026-09-13 14:59:23,mañana sigo
2106,ch23,du162,2026-09-28 15:23:20,me uno en 5
2107,ch29,du149,2026-09-30 19:38:50,subí el archivo
2108,ch14,du246,2026-09-24 15:28:09,mañana sigo
2109,ch29,du190,2026-09-18 03:23:22,mañana sigo
2110,ch19,du210,2026-09-11 22:28:34,alguien sabe cómo
2111,ch22,du046,2026-09-18 10:17:53,me uno en 5
2112,ch31,du294,2026-09-01 19:46:43,esto no compila
2113,ch28,du187,2026-09-17 17:48:41,listo
2114,ch05,du246,2026-09-10 09:35:02,me uno en 5
2115,ch17,du283,2026-09-13 20:54:30,qué opinan de
2116,ch09,du221,2026-09-26 13:49:21,a qué hora es la reunión
2117,ch25,du186,2026-09-28 13:55:25,revisen el canal de anuncios
2118,ch24,du203,2026-09-24 18:08:51,me uno en 5
2119,ch13,du081,2026-09-26 16:33:13,esto no compila
2120,ch19,du203,2026-09-24 19:07:20,esto no compila
2121,ch39,du036,2026-09-03 09:07:31,alguien sabe cómo
2122,ch09,du243,2026-09-16 20:01:00,mañana sigo
2123,ch03,du012,2026-09-20 06:10:22,mañana sigo
2124,ch05,du060,2026-09-18 12:13:35,jaja
2125,ch36,du264,2026-09-11 03:39:53,qué opinan de
2126,ch02,du151,2026-09-12 08:11:55,gracias!
2127,ch21,du228,2026-09-27 18:38:53,subí el archivo
2128,ch25,du273,2026-09-21 00:51:49,qué opinan de
2129,ch01,du101,2026-09-19 16:42:38,ya quedó el deploy
2130,ch34,du044,2026-09-26 14:27:56,esto no compila
2131,ch35,du003,2026-09-10 12:20:45,listo
2132,ch27,du174,2026-09-28 07:15:27,esto no compila
2133,ch09,du091,2026-09-28 13:22:19,a qué hora es la reunión
2134,ch09,du171,2026-09-09 00:03:53,listo
2135,ch36,du093,2026-09-02 13:30:48,esto no compila
2136,ch38,du021,2026-09-27 10:24:03,listo
2137,ch33,du250,2026-09-21 16:58:09,revisen el canal de anuncios
2138,ch02,du129,2026-09-19 09:09:10,a qué hora es la reunión
2139,ch25,du163,2026-09-17 15:04:40,a qué hora es la reunión
2140,ch26,du125,2026-09-11 18:02:52,ya quedó el deploy
2141,ch11,du035,2026-09-08 19:39:03,qué opinan de
2142,ch36,du105,2026-09-26 21:57:32,mañana sigo
2143,ch28,du174,2026-09-09 12:31:13,a qué hora es la reunión
2144,ch27,du237,2026-09-15 19:32:10,revisen el canal de anuncios
2145,ch21,du178,2026-09-09 12:44:36,alguien sabe cómo
2146,ch16,du079,2026-09-25 09:28:22,revisen el canal de anuncios
2147,ch31,du276,2026-09-02 22:43:51,gracias!
2148,ch09,du078,2026-09-15 18:05:48,alguien sabe cómo
2149,ch14,du264,2026-09-29 09:01:15,a qué hora es la reunión
2150,ch07,du109,2026-09-09 18:51:28,jaja
2151,ch28,du282,2026-09-13 09:01:21,ya quedó el deploy
2152,ch19,du013,2026-09-14 19:37:40,me uno en 5
2153,ch33,du172,2026-09-13 12:19:57,qué opinan de
2154,ch36,du285,2026-09-22 21:03:14,mañana sigo
2155,ch23,du234,2026-09-28 08:14:10,mañana sigo
2156,ch22,du226,2026-09-26 08:45:06,a qué hora es la reunión
2157,ch14,du020,2026-09-16 10:47:41,revisen el canal de anuncios
2158,ch15,du141,2026-09-07 12:46:11,mañana sigo
2159,ch07,du100,2026-09-29 11:25:32,ya quedó el deploy
2160,ch32,du215,2026-09-07 13:01:26,qué opinan de
2161,ch08,du032,2026-09-16 09:21:19,gracias!
2162,ch02,du117,2026-09-13 18:46:28,listo
2163,ch20,du081,2026-09-06 10:27:42,gracias!
2164,ch02,du008,2026-09-04 01:13:40,subí el archivo
2165,ch19,du221,2026-09-05 20:50:09,gracias!
2166,ch36,du015,2026-09-01 11:53:57,qué opinan de
2167,ch17,du136,2026-09-03 10:08:50,qué opinan de
2168,ch18,du250,2026-09-13 14:10:34,mañana sigo
2169,ch29,du142,2026-09-26 09:44:54,alguien sabe cómo
2170,ch30,du268,2026-09-28 08:06:49,gracias!
2171,ch24,du212,2026-09-16 18:42:15,subí el archivo
2172,ch20,du275,2026-09-06 08:25:52,qué opinan de
2173,ch40,du093,2026-09-20 18:57:05,me uno en 5
2174,ch07,du125,2026-09-20 17:29:01,revisen el canal de anuncios
2175,ch10,du037,2026-09-27 22:30:16,jaja
2176,ch16,du215,2026-09-05 13:55:28,jaja
2177,ch09,du142,2026-09-25 18:36:02,qué opinan de
2178,ch18,du282,2026-09-20 19:57:58,ya quedó el deploy
2179,ch36,du289,2026-09-29 12:06:25,jaja
2180,ch31,du236,2026-09-30 10:21:23,subí el archivo
2181,ch13,du049,2026-09-18 15:06:01,subí el archivo
2182,ch11,du249,2026-09-11 10:45:17,gracias!
2183,ch02,du234,2026-09-03 21:52:58,ya quedó el deploy
2184,ch25,du216,2026-09-03 15:26:21,ya quedó el deploy
2185,ch17,du255,2026-09-27 17:05:02,me uno en 5
2186,ch24,du294,2026-09-24 07:06:32,qué opinan de
2187,ch29,du267,2026-09-22 17:00:19,alguien sabe cómo
2188,ch23,du173,2026-09-02 18:18:56,a qué hora es la reunión
2189,ch18,du237,2026-09-08 16:10:26,alguien sabe cómo
2190,ch04,du030,2026-09-11 07:21:18,gracias!
2191,ch05,du208,2026-09-05 17:35:35,revisen el canal de anuncios
2192,ch36,du028,2026-09-03 18:34:31,alguien sabe cómo
2193,ch04,du119,2026-09-09 16:04:08,esto no compila
2194,ch20,du114,2026-09-02 13:44:10,gracias!
2195,ch07,du030,2026-09-20 17:15:50,gracias!
2196,ch04,du137,2026-09-05 11:26:09,alguien sabe cómo
2197,ch33,du202,2026-09-26 22:08:42,subí el archivo
2198,ch16,du133,2026-09-28 18:21:36,alguien sabe cómo
2199,ch19,du011,2026-09-30 10:39:26,a qué hora es la reunión
2200,ch24,du144,2026-09-28 20:32:11,listo
2201,ch29,du201,2026-09-04 10:23:55,subí el archivo
2202,ch36,du051,2026-09-10 14:24:28,gracias!
2203,ch09,du295,2026-09-10 13:14:01,a qué hora es la reunión
2204,ch34,du068,2026-09-30 21:06:57,mañana sigo
2205,ch21,du162,2026-09-25 23:58:53,listo
2206,ch14,du104,2026-09-13 10:21:33,qué opinan de
2207,ch36,du165,2026-09-02 17:31:21,esto no compila
2208,ch36,du036,2026-09-15 11:40:53,esto no compila
2209,ch01,du004,2026-09-02 20:27:56,me uno en 5
2210,ch25,du056,2026-09-01 10:07:42,listo
2211,ch35,du052,2026-09-13 21:48:43,esto no compila
2212,ch17,du206,2026-09-22 18:41:11,mañana sigo
2213,ch31,du223,2026-09-19 12:00:08,me uno en 5
2214,ch16,du138,2026-09-05 17:01:20,me uno en 5
2215,ch13,du131,2026-09-15 09:34:15,ya quedó el deploy
2216,ch02,du129,2026-09-10 16:34:28,mañana sigo
2217,ch36,du229,2026-09-20 21:54:57,listo
2218,ch29,du136,2026-09-21 23:38:10,alguien sabe cómo
2219,ch25,du236,2026-09-04 18:36:24,jaja
2220,ch21,du182,2026-09-01 12:19:25,qué opinan de
2221,ch27,du095,2026-09-15 10:11:00,alguien sabe cómo
2222,ch04,du187,2026-09-08 19:06:31,ya quedó el deploy
2223,ch19,du052,2026-09-14 12:34:03,qué opinan de
2224,ch15,du253,2026-09-01 11:37:20,revisen el canal de anuncios
2225,ch29,du295,2026-09-01 08:31:13,ya quedó el deploy
2226,ch36,du270,2026-09-22 16:34:25,qué opinan de
2227,ch20,du061,2026-09-03 19:50:50,ya quedó el deploy
2228,ch27,du235,2026-09-01 08:18:44,a qué hora es la reunión
2229,ch04,du133,2026-09-02 04:02:16,alguien sabe cómo
2230,ch02,du011,2026-09-01 17:52:06,alguien sabe cómo
2231,ch36,du255,2026-09-23 17:19:04,subí el archivo
2232,ch25,du052,2026-09-05 20:37:31,jaja
2233,ch19,du186,2026-09-21 15:51:01,revisen el canal de anuncios
2234,ch12,du223,2026-09-05 05:28:04,esto no compila
2235,ch06,du031,2026-09-10 13:56:36,ya quedó el deploy
2236,ch28,du151,2026-09-18 19:30:25,qué opinan de
2237,ch16,du050,2026-09-09 06:40:35,ya quedó el deploy
2238,ch36,du082,2026-09-17 12:09:57,revisen el canal de anuncios
2239,ch01,du226,2026-09-16 13:38:53,a qué hora es la reunión
2240,ch17,du114,2026-09-30 19:02:39,a qué hora es la reunión
2241,ch32,du182,2026-09-25 07:15:03,me uno en 5
2242,ch33,du267,2026-09-16 00:56:26,listo
2243,ch26,du236,2026-09-08 07:32:02,me uno en 5
2244,ch27,du101,2026-09-06 10:18:39,esto no compila
2245,ch16,du219,2026-09-06 07:34:23,revisen el canal de anuncios
2246,ch05,du051,2026-09-10 17:17:09,a qué hora es la reunión
2247,ch24,du144,2026-09-09 16:06:38,me uno en 5
2248,ch07,du099,2026-09-21 20:54:46,subí el archivo
2249,ch23,du114,2026-09-01 15:18:20,a qué hora es la reunión
2250,ch40,du232,2026-09-15 11:37:56,listo
2251,ch17,du204,2026-09-30 20:06:50,esto no compila
2252,ch32,du082,2026-09-02 20:23:57,jaja
2253,ch36,du028,2026-09-10 17:29:53,me uno en 5
2254,ch15,du210,2026-09-19 11:37:06,subí el archivo
2255,ch19,du255,2026-09-23 20:28:35,listo
2256,ch16,du082,2026-09-29 10:45:34,a qué hora es la reunión
2257,ch33,du250,2026-09-24 14:22:57,mañana sigo
2258,ch40,du121,2026-09-02 15:07:18,esto no compila
2259,ch19,du237,2026-09-05 04:48:46,listo
2260,ch31,du228,2026-09-29 17:09:00,listo
2261,ch33,du148,2026-09-20 10:50:57,revisen el canal de anuncios
2262,ch12,du057,2026-09-02 20:05:25,revisen el canal de anuncios
2263,ch24,du050,2026-09-22 10:54:06,a qué hora es la reunión
2264,ch18,du014,2026-09-22 17:32:01,jaja
2265,ch06,du148,2026-09-06 15:35:59,listo
2266,ch25,du071,2026-09-12 02:19:05,mañana sigo
2267,ch16,du052,2026-09-30 22:48:15,mañana sigo
2268,ch19,du015,2026-09-07 13:50:23,listo
2269,ch18,du135,2026-09-23 20:19:15,a qué hora es la reunión
2270,ch07,du053,2026-09-28 17:12:55,revisen el canal de anuncios
2271,ch34,du092,2026-09-13 02:43:09,subí el archivo
2272,ch33,du128,2026-09-01 06:23:15,mañana sigo
2273,ch05,du219,2026-09-27 21:55:22,mañana sigo
2274,ch31,du186,2026-09-16 14:14:21,revisen el canal de anuncios
2275,ch33,du029,2026-09-30 07:36:55,subí el archivo
2276,ch22,du074,2026-09-07 21:55:50,revisen el canal de anuncios
2277,ch04,du144,2026-09-20 11:56:15,qué opinan de
2278,ch12,du138,2026-09-28 19:57:18,alguien sabe cómo
2279,ch13,du278,2026-09-25 09:56:53,gracias!
2280,ch12,du061,2026-09-03 12:49:01,ya quedó el deploy
2281,ch09,du264,2026-09-11 19:42:58,ya quedó el deploy
2282,ch39,du058,2026-09-08 11:29:05,me uno en 5
2283,ch01,du093,2026-09-26 16:02:35,subí el archivo
2284,ch14,du038,2026-09-13 13:25:50,esto no compila
2285,ch16,du134,2026-09-02 04:31:09,revisen el canal de anuncios
2286,ch01,du068,2026-09-06 09:08:33,jaja
2287,ch14,du027,2026-09-06 18:41:04,alguien sabe cómo
2288,ch19,du293,2026-09-20 16:36:41,revisen el canal de anuncios
2289,ch17,du028,2026-09-18 07:10:49,a qué hora es la reunión
2290,ch02,du131,2026-09-04 09:23:32,ya quedó el deploy
2291,ch23,du201,2026-09-04 18:53:16,subí el archivo
2292,ch14,du267,2026-09-10 20:48:06,me uno en 5
2293,ch16,du225,2026-09-29 10:10:56,gracias!
2294,ch09,du059,2026-09-25 10:45:48,listo
2295,ch24,du264,2026-09-07 14:29:13,alguien sabe cómo
2296,ch24,du259,2026-09-25 20:17:05,alguien sabe cómo
2297,ch05,du216,2026-09-24 21:43:12,mañana sigo
2298,ch34,du077,2026-09-10 11:51:22,a qué hora es la reunión
2299,ch36,du185,2026-09-21 20:44:29,me uno en 5
2300,ch31,du269,2026-09-06 21:20:47,qué opinan de
2301,ch16,du183,2026-09-29 10:13:57,alguien sabe cómo
2302,ch23,du184,2026-09-23 07:35:49,jaja
2303,ch14,du287,2026-09-03 16:20:48,a qué hora es la reunión
2304,ch23,du125,2026-09-09 16:10:34,jaja
2305,ch22,du138,2026-09-16 11:25:12,qué opinan de
2306,ch27,du051,2026-09-07 08:25:47,qué opinan de
2307,ch36,du263,2026-09-20 14:54:59,ya quedó el deploy
2308,ch17,du112,2026-09-21 17:48:55,ya quedó el deploy
2309,ch02,du235,2026-09-06 19:59:11,listo
2310,ch09,du283,2026-09-08 08:43:09,listo
2311,ch30,du007,2026-09-03 18:22:29,subí el archivo
2312,ch21,du009,2026-09-15 07:09:21,esto no compila
2313,ch31,du031,2026-09-04 19:12:49,mañana sigo
2314,ch16,du043,2026-09-24 12:31:43,me uno en 5
2315,ch03,du026,2026-09-10 09:40:21,gracias!
2316,ch02,du102,2026-09-16 17:26:12,esto no compila
2317,ch31,du221,2026-09-29 18:43:17,jaja
2318,ch02,du015,2026-09-16 14:42:07,jaja
2319,ch36,du222,2026-09-27 06:02:27,gracias!
2320,ch29,du131,2026-09-06 12:53:58,listo
2321,ch09,du041,2026-09-15 23:02:34,esto no compila
2322,ch32,du113,2026-09-02 11:20:14,jaja
2323,ch17,du068,2026-09-16 02:11:31,subí el archivo
2324,ch23,du007,2026-09-05 22:55:21,mañana sigo
2325,ch34,du051,2026-09-02 06:25:10,alguien sabe cómo
2326,ch25,du007,2026-09-24 04:51:39,a qué hora es la reunión
2327,ch17,du057,2026-09-14 06:49:15,revisen el canal de anuncios
2328,ch17,du116,2026-09-02 12:34:19,a qué hora es la reunión
2329,ch28,du230,2026-09-28 07:19:27,ya quedó el deploy
2330,ch39,du173,2026-09-01 07:58:00,alguien sabe cómo
2331,ch07,du208,2026-09-27 19:18:55,listo
2332,ch29,du001,2026-09-08 16:52:36,subí el archivo
2333,ch19,du015,2026-09-16 13:15:58,alguien sabe cómo
2334,ch02,du104,2026-09-14 09:04:39,a qué hora es la reunión
2335,ch40,du095,2026-09-16 16:40:31,revisen el canal de anuncios
2336,ch21,du051,2026-09-29 10:15:04,listo
2337,ch28,du256,2026-09-05 17:34:30,a qué hora es la reunión
2338,ch27,du165,2026-09-24 02:17:33,jaja
2339,ch16,du203,2026-09-25 08:03:21,alguien sabe cómo
2340,ch20,du222,2026-09-04 10:25:02,mañana sigo
2341,ch01,du222,2026-09-07 09:28:18,revisen el canal de anuncios
2342,ch25,du166,2026-09-12 19:59:14,esto no compila
2343,ch32,du044,2026-09-06 21:33:21,listo
2344,ch29,du117,2026-09-01 05:16:56,revisen el canal de anuncios
2345,ch23,du024,2026-09-23 13:50:29,alguien sabe cómo
2346,ch27,du236,2026-09-01 20:22:38,a qué hora es la reunión
2347,ch21,du105,2026-09-05 08:38:44,mañana sigo
2348,ch17,du106,2026-09-28 12:07:05,me uno en 5
2349,ch29,du004,2026-09-12 21:31:05,ya quedó el deploy
2350,ch38,du188,2026-09-26 03:19:33,mañana sigo
2351,ch33,du222,2026-09-28 18:19:06,mañana sigo
2352,ch31,du068,2026-09-29 07:34:49,revisen el canal de anuncios
2353,ch30,du013,2026-09-04 23:04:42,alguien sabe cómo
2354,ch09,du131,2026-09-24 03:08:44,alguien sabe cómo
2355,ch32,du272,2026-09-24 11:19:49,mañana sigo
2356,ch28,du011,2026-09-15 09:09:51,alguien sabe cómo
2357,ch16,du142,2026-09-19 18:14:38,alguien sabe cómo
2358,ch02,du110,2026-09-04 16:19:51,listo
2359,ch02,du166,2026-09-18 13:13:04,ya quedó el deploy
2360,ch17,du263,2026-09-21 20:27:28,me uno en 5
2361,ch06,du195,2026-09-16 11:45:14,ya quedó el deploy
2362,ch03,du253,2026-09-14 19:10:01,alguien sabe cómo
2363,ch31,du225,2026-09-24 13:41:15,esto no compila
2364,ch25,du188,2026-09-18 15:27:45,ya quedó el deploy
2365,ch21,du195,2026-09-17 20:23:03,revisen el canal de anuncios
2366,ch14,du267,2026-09-27 14:51:02,gracias!
2367,ch06,du002,2026-09-16 17:44:48,esto no compila
2368,ch04,du169,2026-09-01 09:07:25,jaja
2369,ch06,du054,2026-09-12 06:50:33,listo
2370,ch24,du294,2026-09-19 16:53:23,jaja
2371,ch24,du026,2026-09-03 22:32:41,mañana sigo
2372,ch05,du014,2026-09-17 12:31:25,subí el archivo
2373,ch04,du136,2026-09-30 13:12:57,a qué hora es la reunión
2374,ch14,du068,2026-09-13 20:06:18,mañana sigo
2375,ch04,du117,2026-09-02 01:08:56,revisen el canal de anuncios
2376,ch25,du242,2026-09-22 16:30:17,ya quedó el deploy
2377,ch24,du037,2026-09-26 19:57:56,alguien sabe cómo
2378,ch14,du061,2026-09-12 10:44:58,alguien sabe cómo
2379,ch03,du110,2026-09-27 11:29:48,jaja
2380,ch02,du022,2026-09-12 16:10:53,revisen el canal de anuncios
2381,ch02,du267,2026-09-17 17:59:17,gracias!
2382,ch07,du158,2026-09-01 22:30:35,gracias!
2383,ch15,du047,2026-09-05 22:42:14,subí el archivo
2384,ch16,du139,2026-09-04 10:37:47,ya quedó el deploy
2385,ch16,du228,2026-09-06 14:04:07,subí el archivo
2386,ch06,du086,2026-09-08 13:00:17,me uno en 5
2387,ch02,du268,2026-09-09 18:55:51,alguien sabe cómo
2388,ch28,du182,2026-09-11 13:27:18,qué opinan de
2389,ch23,du154,2026-09-11 23:15:09,gracias!
2390,ch25,du181,2026-09-08 13:33:03,listo
2391,ch02,du262,2026-09-29 19:55:51,me uno en 5
2392,ch34,du137,2026-09-18 16:51:39,esto no compila
2393,ch32,du093,2026-09-24 00:28:03,ya quedó el deploy
2394,ch40,du285,2026-09-08 18:09:05,me uno en 5
2395,ch04,du062,2026-09-23 18:48:45,listo
2396,ch30,du149,2026-09-27 20:58:22,revisen el canal de anuncios
2397,ch20,du172,2026-09-12 22:04:27,alguien sabe cómo
2398,ch01,du174,2026-09-21 17:32:40,qué opinan de
2399,ch05,du029,2026-09-20 12:16:03,alguien sabe cómo
2400,ch29,du134,2026-09-06 05:03:14,alguien sabe cómo
2401,ch01,du165,2026-09-28 10:00:15,esto no compila
2402,ch02,du267,2026-09-01 19:27:40,revisen el canal de anuncios
2403,ch02,du019,2026-09-02 10:21:07,mañana sigo
2404,ch33,du004,2026-09-23 17:56:30,listo
2405,ch05,du199,2026-09-05 06:13:56,a qué hora es la reunión
2406,ch20,du228,2026-09-10 14:18:47,listo
2407,ch29,du203,2026-09-03 20:41:04,alguien sabe cómo
2408,ch27,du198,2026-09-12 22:56:17,esto no compila
2409,ch01,du283,2026-09-18 16:14:28,listo
2410,ch05,du052,2026-09-22 19:34:23,subí el archivo
2411,ch16,du129,2026-09-06 18:38:51,alguien sabe cómo
2412,ch25,du020,2026-09-06 12:00:13,jaja
2413,ch33,du277,2026-09-02 17:09:06,revisen el canal de anuncios
2414,ch37,du290,2026-09-18 08:32:37,mañana sigo
2415,ch35,du014,2026-09-07 06:39:44,ya quedó el deploy
2416,ch16,du148,2026-09-18 17:26:16,me uno en 5
2417,ch20,du149,2026-09-09 11:44:12,jaja
2418,ch36,du182,2026-09-27 21:08:23,gracias!
2419,ch14,du095,2026-09-21 08:23:49,qué opinan de
2420,ch38,du238,2026-09-24 06:13:11,revisen el canal de anuncios
2421,ch07,du238,2026-09-29 18:27:40,mañana sigo
2422,ch34,du130,2026-09-17 22:29:18,listo
2423,ch04,du260,2026-09-30 19:19:17,listo
2424,ch18,du130,2026-09-16 09:30:59,gracias!
2425,ch18,du155,2026-09-06 06:40:01,me uno en 5
2426,ch09,du110,2026-09-05 04:13:54,alguien sabe cómo
2427,ch17,du239,2026-09-06 23:59:26,gracias!
2428,ch11,du187,2026-09-30 15:46:52,alguien sabe cómo
2429,ch21,du116,2026-09-29 14:45:37,gracias!
2430,ch24,du267,2026-09-10 06:59:17,revisen el canal de anuncios
2431,ch17,du234,2026-09-04 16:22:35,revisen el canal de anuncios
2432,ch31,du081,2026-09-22 03:12:02,a qué hora es la reunión
2433,ch26,du087,2026-09-25 20:42:38,gracias!
2434,ch20,du164,2026-09-07 14:42:47,gracias!
2435,ch24,du267,2026-09-19 14:30:04,jaja
2436,ch21,du076,2026-09-06 07:31:39,me uno en 5
2437,ch02,du227,2026-09-29 09:01:43,esto no compila
2438,ch31,du239,2026-09-17 10:15:16,ya quedó el deploy
2439,ch02,du251,2026-09-08 06:26:13,listo
2440,ch05,du071,2026-09-16 22:12:58,listo
2441,ch31,du128,2026-09-06 07:05:11,alguien sabe cómo
2442,ch01,du238,2026-09-12 03:32:33,subí el archivo
2443,ch04,du111,2026-09-12 14:25:54,me uno en 5
2444,ch14,du014,2026-09-29 13:07:17,gracias!
2445,ch16,du050,2026-09-16 15:13:56,revisen el canal de anuncios
2446,ch16,du133,2026-09-29 22:38:50,mañana sigo
2447,ch14,du137,2026-09-23 10:55:24,gracias!
2448,ch29,du224,2026-09-11 15:15:55,alguien sabe cómo
2449,ch36,du003,2026-09-29 17:12:47,subí el archivo
2450,ch19,du276,2026-09-08 07:39:03,jaja
2451,ch36,du230,2026-09-08 08:25:24,alguien sabe cómo
2452,ch19,du187,2026-09-15 11:02:45,alguien sabe cómo
2453,ch18,du214,2026-09-17 15:58:56,qué opinan de
2454,ch32,du041,2026-09-03 02:46:40,esto no compila
2455,ch30,du014,2026-09-14 18:15:09,subí el archivo
2456,ch05,du102,2026-09-05 08:42:20,a qué hora es la reunión
2457,ch24,du221,2026-09-13 17:14:34,listo
2458,ch14,du285,2026-09-23 20:31:45,alguien sabe cómo
2459,ch23,du234,2026-09-10 19:35:43,alguien sabe cómo
2460,ch17,du059,2026-09-23 18:56:29,me uno en 5
2461,ch33,du068,2026-09-07 13:33:52,mañana sigo
2462,ch35,du184,2026-09-24 12:16:45,gracias!
2463,ch29,du125,2026-09-19 18:24:13,me uno en 5
2464,ch16,du014,2026-09-06 13:11:44,revisen el canal de anuncios
2465,ch07,du052,2026-09-14 11:21:52,ya quedó el deploy
2466,ch33,du278,2026-09-30 21:03:58,mañana sigo
2467,ch13,du010,2026-09-19 20:26:05,mañana sigo
2468,ch36,du129,2026-09-10 15:08:05,gracias!
2469,ch23,du036,2026-09-06 22:58:35,jaja
2470,ch25,du043,2026-09-25 10:50:49,qué opinan de
2471,ch15,du137,2026-09-28 12:56:30,a qué hora es la reunión
2472,ch34,du229,2026-09-22 15:16:49,a qué hora es la reunión
2473,ch23,du132,2026-09-09 13:25:14,ya quedó el deploy
2474,ch02,du079,2026-09-30 01:50:02,revisen el canal de anuncios
2475,ch24,du087,2026-09-21 14:58:08,subí el archivo
2476,ch18,du204,2026-09-11 21:48:41,gracias!
2477,ch02,du191,2026-09-05 14:29:17,subí el archivo
2478,ch32,du169,2026-09-18 18:45:15,a qué hora es la reunión
2479,ch37,du220,2026-09-20 07:46:04,qué opinan de
2480,ch31,du238,2026-09-29 17:06:41,mañana sigo
2481,ch09,du209,2026-09-01 13:29:27,me uno en 5
2482,ch28,du074,2026-09-15 11:07:52,alguien sabe cómo
2483,ch34,du152,2026-09-12 15:46:03,qué opinan de
2484,ch19,du088,2026-09-06 20:56:40,qué opinan de
2485,ch16,du263,2026-09-14 05:56:45,me uno en 5
2486,ch18,du242,2026-09-21 20:42:35,jaja
2487,ch34,du131,2026-09-27 19:12:07,a qué hora es la reunión
2488,ch23,du099,2026-09-09 13:05:05,revisen el canal de anuncios
2489,ch07,du234,2026-09-22 16:15:16,me uno en 5
2490,ch31,du288,2026-09-07 20:00:11,revisen el canal de anuncios
2491,ch16,du128,2026-09-15 09:45:28,qué opinan de
2492,ch22,du204,2026-09-13 07:03:32,subí el archivo
2493,ch33,du112,2026-09-12 13:38:00,ya quedó el deploy
2494,ch24,du250,2026-09-24 06:11:11,revisen el canal de anuncios
2495,ch35,du285,2026-09-29 20:17:50,mañana sigo
2496,ch36,du127,2026-09-07 12:05:26,mañana sigo
2497,ch09,du288,2026-09-01 13:11:28,ya quedó el deploy
2498,ch01,du066,2026-09-12 10:12:02,ya quedó el deploy
2499,ch01,du154,2026-09-21 01:59:37,listo
2500,ch33,du235,2026-09-05 10:11:17,mañana sigo
2501,ch23,du035,2026-09-22 19:21:42,qué opinan de
2502,ch36,du004,2026-09-21 13:39:24,mañana sigo
2503,ch39,du257,2026-09-11 11:33:32,a qué hora es la reunión
2504,ch15,du030,2026-09-09 17:25:47,listo
2505,ch26,du194,2026-09-14 19:39:21,revisen el canal de anuncios
2506,ch39,du279,2026-09-14 22:31:46,esto no compila
2507,ch14,du125,2026-09-15 11:34:48,me uno en 5
2508,ch17,du279,2026-09-29 22:26:51,listo
2509,ch05,du173,2026-09-12 14:04:40,revisen el canal de anuncios
2510,ch19,du101,2026-09-05 17:54:11,me uno en 5
2511,ch28,du106,2026-09-27 15:58:47,jaja
2512,ch09,du229,2026-09-03 15:13:01,a qué hora es la reunión
2513,ch15,du194,2026-09-04 17:56:05,qué opinan de
2514,ch22,du152,2026-09-27 09:56:00,listo
2515,ch02,du204,2026-09-28 15:57:32,subí el archivo
2516,ch01,du162,2026-09-19 21:32:20,a qué hora es la reunión
2517,ch04,du056,2026-09-30 18:00:12,gracias!
2518,ch35,du076,2026-09-11 14:23:46,listo
2519,ch17,du109,2026-09-05 18:54:41,alguien sabe cómo
2520,ch04,du141,2026-09-23 14:17:34,jaja
2521,ch07,du279,2026-09-11 19:02:41,subí el archivo
2522,ch29,du003,2026-09-08 19:34:56,ya quedó el deploy
2523,ch29,du078,2026-09-24 01:31:36,subí el archivo
2524,ch28,du172,2026-09-25 18:31:27,jaja
2525,ch06,du137,2026-09-25 19:02:02,a qué hora es la reunión
2526,ch24,du029,2026-09-19 20:02:50,jaja
2527,ch36,du273,2026-09-26 18:39:13,revisen el canal de anuncios
2528,ch02,du064,2026-09-25 08:41:45,jaja
2529,ch25,du101,2026-09-26 10:24:06,subí el archivo
2530,ch02,du041,2026-09-13 18:58:45,revisen el canal de anuncios
2531,ch29,du197,2026-09-18 06:31:48,alguien sabe cómo
2532,ch20,du004,2026-09-19 21:49:17,alguien sabe cómo
2533,ch23,du158,2026-09-28 13:50:25,listo
2534,ch36,du249,2026-09-09 18:15:03,gracias!
2535,ch21,du007,2026-09-26 12:48:49,alguien sabe cómo
2536,ch31,du278,2026-09-22 18:21:07,me uno en 5
2537,ch07,du262,2026-09-06 10:53:14,a qué hora es la reunión
2538,ch04,du279,2026-09-06 06:43:27,me uno en 5
2539,ch33,du252,2026-09-10 16:09:12,jaja
2540,ch32,du121,2026-09-23 18:18:49,alguien sabe cómo
2541,ch01,du053,2026-09-22 13:45:36,revisen el canal de anuncios
2542,ch04,du283,2026-09-16 09:14:21,jaja
2543,ch31,du218,2026-09-26 16:18:11,ya quedó el deploy
2544,ch24,du222,2026-09-30 09:02:04,alguien sabe cómo
2545,ch02,du125,2026-09-19 10:24:48,me uno en 5
2546,ch27,du222,2026-09-09 08:04:28,gracias!
2547,ch17,du259,2026-09-08 11:50:09,gracias!
2548,ch17,du084,2026-09-12 19:08:29,ya quedó el deploy
2549,ch06,du012,2026-09-22 10:33:44,gracias!
2550,ch23,du275,2026-09-03 21:39:49,me uno en 5
2551,ch06,du060,2026-09-20 09:10:31,listo
2552,ch30,du275,2026-09-12 00:52:37,jaja
2553,ch21,du012,2026-09-06 20:08:21,alguien sabe cómo
2554,ch31,du261,2026-09-27 20:10:34,me uno en 5
2555,ch30,du014,2026-09-08 19:21:58,alguien sabe cómo
2556,ch25,du036,2026-09-15 15:53:38,subí el archivo
2557,ch09,du241,2026-09-07 12:56:19,a qué hora es la reunión
2558,ch36,du164,2026-09-14 16:18:01,me uno en 5
2559,ch28,du050,2026-09-09 11:08:43,a qué hora es la reunión
2560,ch40,du099,2026-09-25 12:18:08,esto no compila
2561,ch09,du135,2026-09-22 12:46:02,subí el archivo
2562,ch07,du137,2026-09-03 12:44:02,listo
2563,ch31,du229,2026-09-11 09:58:29,esto no compila
2564,ch17,du054,2026-09-02 10:52:42,gracias!
2565,ch25,du064,2026-09-19 20:35:37,revisen el canal de anuncios
2566,ch31,du053,2026-09-02 17:41:46,ya quedó el deploy
2567,ch26,du077,2026-09-01 05:22:18,mañana sigo
2568,ch36,du131,2026-09-05 21:55:37,me uno en 5
2569,ch05,du058,2026-09-30 10:33:02,me uno en 5
2570,ch03,du040,2026-09-12 09:21:36,alguien sabe cómo
2571,ch09,du253,2026-09-07 09:06:03,me uno en 5
2572,ch22,du252,2026-09-11 09:18:40,alguien sabe cómo
2573,ch14,du100,2026-09-29 14:13:57,esto no compila
2574,ch15,du195,2026-09-29 06:30:45,me uno en 5
2575,ch25,du121,2026-09-11 21:22:44,a qué hora es la reunión
2576,ch16,du173,2026-09-06 19:12:26,a qué hora es la reunión
2577,ch09,du168,2026-09-21 12:37:35,esto no compila
2578,ch02,du133,2026-09-26 04:56:20,a qué hora es la reunión
2579,ch19,du116,2026-09-02 09:21:20,listo
2580,ch32,du141,2026-09-05 12:05:10,revisen el canal de anuncios
2581,ch36,du034,2026-09-29 09:48:41,gracias!
2582,ch14,du248,2026-09-24 14:34:41,jaja
2583,ch36,du028,2026-09-26 18:05:34,qué opinan de
2584,ch14,du148,2026-09-14 15:05:25,mañana sigo
2585,ch28,du095,2026-09-17 21:52:54,jaja
2586,ch14,du152,2026-09-22 09:47:50,qué opinan de
2587,ch16,du154,2026-09-04 12:02:38,ya quedó el deploy
2588,ch16,du242,2026-09-03 21:23:29,me uno en 5
2589,ch06,du144,2026-09-15 17:45:42,revisen el canal de anuncios
2590,ch23,du149,2026-09-07 16:49:21,jaja
2591,ch28,du003,2026-09-02 14:26:04,revisen el canal de anuncios
2592,ch11,du119,2026-09-26 21:32:24,a qué hora es la reunión
2593,ch21,du022,2026-09-17 12:17:02,mañana sigo
2594,ch36,du076,2026-09-30 13:03:09,jaja
2595,ch23,du148,2026-09-25 20:10:22,listo
2596,ch36,du285,2026-09-27 23:10:37,revisen el canal de anuncios
2597,ch25,du052,2026-09-23 09:07:28,subí el archivo
2598,ch31,du060,2026-09-14 21:42:01,gracias!
2599,ch23,du032,2026-09-13 20:30:03,gracias!
2600,ch17,du182,2026-09-06 23:15:36,esto no compila
2601,ch23,du003,2026-09-16 11:50:18,qué opinan de
2602,ch09,du071,2026-09-22 18:51:40,gracias!
2603,ch18,du049,2026-09-07 15:41:30,esto no compila
2604,ch22,du154,2026-09-26 18:15:15,mañana sigo
2605,ch23,du157,2026-09-26 16:24:30,revisen el canal de anuncios
2606,ch29,du013,2026-09-08 22:51:25,mañana sigo
2607,ch02,du101,2026-09-08 21:07:31,alguien sabe cómo
2608,ch28,du202,2026-09-06 06:39:22,subí el archivo
2609,ch08,du162,2026-09-10 09:09:55,gracias!
2610,ch33,du237,2026-09-09 11:02:23,me uno en 5
2611,ch24,du032,2026-09-16 10:48:17,subí el archivo
2612,ch12,du219,2026-09-07 03:25:03,a qué hora es la reunión
2613,ch07,du128,2026-09-25 16:13:59,jaja
2614,ch19,du060,2026-09-10 15:19:11,alguien sabe cómo
2615,ch30,du081,2026-09-23 00:45:38,esto no compila
2616,ch19,du135,2026-09-09 22:18:47,listo
2617,ch36,du004,2026-09-22 19:18:53,alguien sabe cómo
2618,ch31,du173,2026-09-23 11:14:45,revisen el canal de anuncios
2619,ch31,du233,2026-09-26 12:48:03,alguien sabe cómo
2620,ch16,du020,2026-09-16 14:38:46,esto no compila
2621,ch04,du178,2026-09-27 12:59:39,jaja
2622,ch13,du257,2026-09-10 20:43:15,revisen el canal de anuncios
2623,ch06,du081,2026-09-22 17:37:53,jaja
2624,ch09,du026,2026-09-08 08:44:22,mañana sigo
2625,ch04,du256,2026-09-08 00:14:13,gracias!
2626,ch15,du029,2026-09-10 18:52:31,listo
2627,ch29,du255,2026-09-02 20:19:08,mañana sigo
2628,ch32,du136,2026-09-16 07:18:08,gracias!
2629,ch06,du137,2026-09-12 17:39:36,qué opinan de
2630,ch24,du290,2026-09-27 22:53:10,me uno en 5
2631,ch29,du101,2026-09-14 01:49:40,esto no compila
2632,ch02,du014,2026-09-25 14:13:17,esto no compila
2633,ch32,du103,2026-09-06 07:13:13,revisen el canal de anuncios
2634,ch17,du088,2026-09-14 22:03:49,revisen el canal de anuncios
2635,ch30,du236,2026-09-06 05:22:01,jaja
2636,ch16,du084,2026-09-18 10:48:32,qué opinan de
2637,ch09,du184,2026-09-14 15:08:32,revisen el canal de anuncios
2638,ch28,du116,2026-09-12 09:34:15,me uno en 5
2639,ch09,du228,2026-09-19 10:06:32,alguien sabe cómo
2640,ch18,du192,2026-09-15 13:11:49,jaja
2641,ch30,du295,2026-09-20 13:43:24,subí el archivo
2642,ch21,du100,2026-09-13 00:20:07,ya quedó el deploy
2643,ch31,du060,2026-09-07 04:29:52,gracias!
2644,ch33,du223,2026-09-05 17:22:02,mañana sigo
2645,ch04,du164,2026-09-29 06:47:29,jaja
2646,ch27,du297,2026-09-10 02:28:51,esto no compila
2647,ch02,du237,2026-09-20 21:19:44,subí el archivo
2648,ch17,du104,2026-09-03 18:02:42,jaja
2649,ch36,du027,2026-09-28 21:24:08,esto no compila
2650,ch23,du125,2026-09-20 14:53:45,qué opinan de
2651,ch16,du004,2026-09-24 03:42:23,a qué hora es la reunión
2652,ch04,du131,2026-09-27 18:04:16,gracias!
2653,ch24,du222,2026-09-24 21:37:23,jaja
2654,ch26,du236,2026-09-01 13:07:20,listo
2655,ch02,du055,2026-09-11 09:51:58,subí el archivo
2656,ch17,du066,2026-09-27 10:42:44,esto no compila
2657,ch09,du014,2026-09-12 12:55:09,mañana sigo
2658,ch20,du257,2026-09-08 10:04:42,ya quedó el deploy
2659,ch36,du013,2026-09-15 08:33:04,me uno en 5
2660,ch26,du073,2026-09-19 07:09:19,esto no compila
2661,ch02,du031,2026-09-15 20:09:17,ya quedó el deploy
2662,ch05,du238,2026-09-18 17:20:41,qué opinan de
2663,ch16,du195,2026-09-17 19:10:30,listo
2664,ch05,du055,2026-09-25 13:35:42,alguien sabe cómo
2665,ch02,du063,2026-09-30 15:10:46,subí el archivo
2666,ch24,du297,2026-09-27 12:40:06,esto no compila
2667,ch25,du052,2026-09-23 15:45:25,a qué hora es la reunión
2668,ch39,du222,2026-09-11 09:20:34,me uno en 5
2669,ch38,du204,2026-09-10 20:16:38,listo
2670,ch17,du250,2026-09-06 09:00:49,esto no compila
2671,ch01,du201,2026-09-27 17:34:36,jaja
2672,ch39,du156,2026-09-17 18:02:45,alguien sabe cómo
2673,ch36,du073,2026-09-26 20:22:35,alguien sabe cómo
2674,ch32,du198,2026-09-07 23:09:02,me uno en 5
2675,ch06,du020,2026-09-01 20:11:40,listo
2676,ch33,du084,2026-09-08 07:53:03,jaja
2677,ch02,du277,2026-09-07 14:28:29,me uno en 5
2678,ch26,du135,2026-09-08 18:19:45,jaja
2679,ch31,du191,2026-09-07 05:19:00,subí el archivo
2680,ch16,du268,2026-09-12 13:47:09,a qué hora es la reunión
2681,ch03,du255,2026-09-17 17:29:14,subí el archivo
2682,ch17,du052,2026-09-04 05:01:41,subí el archivo
2683,ch02,du151,2026-09-21 15:33:43,qué opinan de
2684,ch33,du204,2026-09-07 15:40:20,ya quedó el deploy
2685,ch18,du047,2026-09-06 14:22:46,me uno en 5
2686,ch33,du244,2026-09-29 17:42:16,jaja
2687,ch09,du269,2026-09-01 05:30:08,esto no compila
2688,ch06,du065,2026-09-23 10:01:44,listo
2689,ch36,du208,2026-09-20 04:34:31,alguien sabe cómo
2690,ch23,du212,2026-09-08 05:56:53,listo
2691,ch25,du078,2026-09-03 18:12:22,revisen el canal de anuncios
2692,ch35,du222,2026-09-10 17:23:36,ya quedó el deploy
2693,ch07,du117,2026-09-24 11:59:51,alguien sabe cómo
2694,ch07,du063,2026-09-02 20:17:43,a qué hora es la reunión
2695,ch39,du264,2026-09-20 23:10:05,jaja
2696,ch39,du247,2026-09-05 21:49:16,revisen el canal de anuncios
2697,ch39,du095,2026-09-17 18:10:51,qué opinan de
2698,ch27,du022,2026-09-20 11:52:31,revisen el canal de anuncios
2699,ch33,du195,2026-09-24 23:58:16,jaja
2700,ch14,du181,2026-09-20 09:42:09,a qué hora es la reunión
2701,ch14,du098,2026-09-08 13:36:23,mañana sigo
2702,ch29,du027,2026-09-18 16:24:04,a qué hora es la reunión
2703,ch04,du037,2026-09-13 09:33:06,subí el archivo
2704,ch36,du275,2026-09-01 19:06:22,listo
2705,ch39,du252,2026-09-03 20:23:25,mañana sigo
2706,ch17,du269,2026-09-24 20:20:51,esto no compila
2707,ch29,du131,2026-09-22 19:41:08,revisen el canal de anuncios
2708,ch40,du004,2026-09-12 12:54:34,esto no compila
2709,ch33,du157,2026-09-11 19:43:17,gracias!
2710,ch28,du102,2026-09-06 10:29:43,gracias!
2711,ch14,du244,2026-09-06 18:34:00,subí el archivo
2712,ch29,du136,2026-09-01 08:27:54,ya quedó el deploy
2713,ch39,du293,2026-09-02 05:41:41,listo
2714,ch29,du121,2026-09-10 11:06:29,revisen el canal de anuncios
2715,ch33,du071,2026-09-05 13:20:18,qué opinan de
2716,ch24,du099,2026-09-10 06:35:19,mañana sigo
2717,ch15,du230,2026-09-13 05:24:58,subí el archivo
2718,ch30,du186,2026-09-02 12:22:28,mañana sigo
2719,ch28,du088,2026-09-16 20:13:46,subí el archivo
2720,ch17,du120,2026-09-13 16:30:03,ya quedó el deploy
2721,ch16,du249,2026-09-04 19:14:03,me uno en 5
2722,ch39,du221,2026-09-28 13:27:51,ya quedó el deploy
2723,ch04,du011,2026-09-26 21:46:02,qué opinan de
2724,ch25,du121,2026-09-06 09:45:10,revisen el canal de anuncios
2725,ch27,du220,2026-09-01 18:32:54,qué opinan de
2726,ch28,du102,2026-09-11 09:23:21,subí el archivo
2727,ch20,du078,2026-09-26 08:25:23,ya quedó el deploy
2728,ch16,du257,2026-09-14 20:58:13,revisen el canal de anuncios
2729,ch03,du079,2026-09-18 21:12:34,me uno en 5
2730,ch31,du012,2026-09-08 05:20:41,revisen el canal de anuncios
2731,ch18,du118,2026-09-01 10:55:45,me uno en 5
2732,ch04,du250,2026-09-26 14:43:51,alguien sabe cómo
2733,ch27,du236,2026-09-18 21:55:50,esto no compila
2734,ch23,du203,2026-09-21 10:26:40,ya quedó el deploy
2735,ch01,du015,2026-09-07 06:57:20,a qué hora es la reunión
2736,ch31,du222,2026-09-30 15:19:21,subí el archivo
2737,ch25,du098,2026-09-10 19:09:00,jaja
2738,ch02,du141,2026-09-14 19:45:46,revisen el canal de anuncios
2739,ch28,du040,2026-09-24 10:42:23,jaja
2740,ch34,du136,2026-09-26 08:59:21,subí el archivo
2741,ch14,du109,2026-09-19 11:31:49,me uno en 5
2742,ch31,du200,2026-09-10 15:45:04,jaja
2743,ch17,du050,2026-09-07 14:29:34,qué opinan de
2744,ch21,du229,2026-09-06 23:06:53,gracias!
2745,ch01,du004,2026-09-03 20:42:46,esto no compila
2746,ch33,du027,2026-09-08 21:07:49,ya quedó el deploy
2747,ch25,du173,2026-09-09 00:32:49,qué opinan de
2748,ch09,du181,2026-09-01 06:55:38,qué opinan de
2749,ch28,du297,2026-09-10 20:16:37,alguien sabe cómo
2750,ch09,du088,2026-09-03 20:32:46,alguien sabe cómo
2751,ch18,du135,2026-09-23 16:01:27,esto no compila
2752,ch05,du288,2026-09-19 02:54:14,me uno en 5
2753,ch33,du255,2026-09-20 05:31:33,alguien sabe cómo
2754,ch33,du177,2026-09-09 18:18:57,me uno en 5
2755,ch20,du035,2026-09-08 12:51:31,gracias!
2756,ch33,du120,2026-09-06 22:32:35,alguien sabe cómo
2757,ch05,du095,2026-09-21 13:57:10,qué opinan de
2758,ch01,du154,2026-09-09 21:54:50,ya quedó el deploy
2759,ch06,du059,2026-09-06 11:40:44,revisen el canal de anuncios
2760,ch08,du128,2026-09-16 10:34:39,mañana sigo
2761,ch15,du141,2026-09-28 16:28:12,gracias!
2762,ch28,du129,2026-09-10 21:47:12,subí el archivo
2763,ch17,du055,2026-09-22 17:53:38,a qué hora es la reunión
2764,ch14,du201,2026-09-06 02:52:29,listo
2765,ch31,du295,2026-09-05 09:08:18,esto no compila
2766,ch27,du296,2026-09-08 20:58:07,subí el archivo
2767,ch29,du106,2026-09-01 21:51:14,listo
2768,ch01,du051,2026-09-27 12:30:17,esto no compila
2769,ch04,du084,2026-09-09 11:18:47,gracias!
2770,ch04,du094,2026-09-22 08:41:19,listo
2771,ch01,du105,2026-09-29 14:38:05,me uno en 5
2772,ch21,du115,2026-09-11 13:15:20,jaja
2773,ch32,du294,2026-09-21 13:04:12,ya quedó el deploy
2774,ch25,du181,2026-09-29 07:03:27,ya quedó el deploy
2775,ch19,du256,2026-09-20 12:51:50,jaja
2776,ch32,du138,2026-09-22 09:29:50,esto no compila
2777,ch09,du058,2026-09-29 19:22:15,mañana sigo
2778,ch08,du235,2026-09-01 15:58:31,listo
2779,ch40,du030,2026-09-15 20:35:40,listo
2780,ch34,du271,2026-09-24 16:12:36,mañana sigo
2781,ch14,du136,2026-09-10 14:11:45,esto no compila
2782,ch11,du208,2026-09-08 17:15:06,qué opinan de
2783,ch33,du242,2026-09-01 06:15:30,subí el archivo
2784,ch14,du053,2026-09-23 19:09:26,qué opinan de
2785,ch09,du262,2026-09-25 13:51:45,alguien sabe cómo
2786,ch36,du114,2026-09-08 15:41:28,subí el archivo
2787,ch25,du149,2026-09-18 18:26:21,listo
2788,ch14,du061,2026-09-23 12:02:32,jaja
2789,ch24,du264,2026-09-23 15:56:47,a qué hora es la reunión
2790,ch06,du208,2026-09-23 10:02:31,ya quedó el deploy
2791,ch39,du152,2026-09-09 07:54:44,listo
2792,ch08,du165,2026-09-09 11:52:03,alguien sabe cómo
2793,ch36,du152,2026-09-28 13:09:53,qué opinan de
2794,ch13,du057,2026-09-17 20:23:30,listo
2795,ch36,du133,2026-09-18 15:44:15,a qué hora es la reunión
2796,ch32,du226,2026-09-17 07:41:10,a qué hora es la reunión
2797,ch23,du082,2026-09-10 13:55:50,me uno en 5
2798,ch24,du052,2026-09-11 11:56:34,alguien sabe cómo
2799,ch26,du142,2026-09-13 12:13:22,ya quedó el deploy
2800,ch33,du281,2026-09-20 14:24:26,ya quedó el deploy
2801,ch07,du261,2026-09-19 19:53:42,qué opinan de
2802,ch07,du280,2026-09-02 18:18:46,qué opinan de
2803,ch23,du298,2026-09-01 10:56:27,mañana sigo
2804,ch24,du134,2026-09-21 15:49:00,alguien sabe cómo
2805,ch19,du118,2026-09-07 07:49:55,ya quedó el deploy
2806,ch31,du288,2026-09-01 18:41:12,jaja
2807,ch21,du244,2026-09-03 20:59:51,jaja
2808,ch05,du247,2026-09-22 07:04:22,alguien sabe cómo
2809,ch31,du074,2026-09-11 17:21:08,me uno en 5
2810,ch33,du112,2026-09-29 20:15:37,subí el archivo
2811,ch39,du247,2026-09-19 08:27:49,mañana sigo
2812,ch36,du093,2026-09-08 07:16:29,revisen el canal de anuncios
2813,ch34,du081,2026-09-28 16:24:37,alguien sabe cómo
2814,ch21,du219,2026-09-10 22:25:38,revisen el canal de anuncios
2815,ch06,du276,2026-09-05 12:25:37,subí el archivo
2816,ch01,du230,2026-09-18 20:38:08,qué opinan de
2817,ch40,du294,2026-09-17 13:19:45,esto no compila
2818,ch31,du104,2026-09-15 17:24:33,revisen el canal de anuncios
2819,ch28,du169,2026-09-24 12:23:54,listo
2820,ch17,du120,2026-09-03 14:43:05,a qué hora es la reunión
2821,ch39,du251,2026-09-20 19:11:47,listo
2822,ch23,du278,2026-09-27 19:00:01,qué opinan de
2823,ch31,du177,2026-09-27 12:10:53,me uno en 5
2824,ch16,du058,2026-09-15 10:24:38,subí el archivo
2825,ch15,du221,2026-09-03 11:59:42,listo
2826,ch23,du247,2026-09-05 18:59:24,subí el archivo
2827,ch34,du125,2026-09-28 17:54:03,alguien sabe cómo
2828,ch19,du212,2026-09-17 19:41:48,ya quedó el deploy
2829,ch25,du134,2026-09-17 14:27:19,alguien sabe cómo
2830,ch33,du012,2026-09-16 18:15:06,ya quedó el deploy
2831,ch28,du289,2026-09-09 09:37:34,gracias!
2832,ch32,du191,2026-09-22 23:08:22,esto no compila
2833,ch39,du064,2026-09-15 05:29:18,esto no compila
2834,ch03,du285,2026-09-10 18:49:31,me uno en 5
2835,ch09,du059,2026-09-04 09:11:20,subí el archivo
2836,ch01,du025,2026-09-13 20:12:04,jaja
2837,ch16,du134,2026-09-24 09:56:28,subí el archivo
2838,ch23,du208,2026-09-22 02:09:18,gracias!
2839,ch16,du255,2026-09-19 09:18:58,listo
2840,ch26,du285,2026-09-11 22:51:20,listo
2841,ch32,du149,2026-09-26 06:23:22,qué opinan de
2842,ch27,du233,2026-09-06 19:27:23,mañana sigo
2843,ch40,du223,2026-09-03 21:38:36,qué opinan de
2844,ch04,du154,2026-09-06 12:27:56,esto no compila
2845,ch16,du177,2026-09-04 14:00:34,a qué hora es la reunión
2846,ch01,du135,2026-09-19 07:56:08,ya quedó el deploy
2847,ch23,du255,2026-09-06 14:44:42,jaja
2848,ch31,du029,2026-09-05 11:28:04,me uno en 5
2849,ch15,du114,2026-09-30 09:41:38,ya quedó el deploy
2850,ch04,du257,2026-09-02 14:15:38,revisen el canal de anuncios
2851,ch33,du224,2026-09-13 12:37:15,me uno en 5
2852,ch06,du222,2026-09-27 20:03:04,mañana sigo
2853,ch05,du107,2026-09-05 11:38:06,alguien sabe cómo
2854,ch36,du148,2026-09-07 19:31:34,esto no compila
2855,ch28,du129,2026-09-07 18:40:57,jaja
2856,ch36,du082,2026-09-17 09:18:40,a qué hora es la reunión
2857,ch27,du144,2026-09-19 17:13:27,listo
2858,ch17,du151,2026-09-01 18:14:30,revisen el canal de anuncios
2859,ch16,du208,2026-09-08 12:14:29,qué opinan de
2860,ch24,du229,2026-09-22 07:26:43,subí el archivo
2861,ch28,du004,2026-09-05 20:22:29,ya quedó el deploy
2862,ch28,du200,2026-09-29 10:19:54,qué opinan de
2863,ch36,du101,2026-09-10 09:34:16,jaja
2864,ch19,du244,2026-09-12 12:06:35,jaja
2865,ch32,du264,2026-09-19 13:11:43,esto no compila
2866,ch14,du049,2026-09-07 15:20:45,esto no compila
2867,ch28,du222,2026-09-12 09:57:04,revisen el canal de anuncios
2868,ch29,du165,2026-09-27 20:11:14,mañana sigo
2869,ch36,du187,2026-09-14 11:25:05,esto no compila
2870,ch20,du015,2026-09-16 19:58:00,revisen el canal de anuncios
2871,ch32,du168,2026-09-27 17:06:26,alguien sabe cómo
2872,ch20,du073,2026-09-30 06:17:09,esto no compila
2873,ch18,du221,2026-09-13 21:30:50,a qué hora es la reunión
2874,ch24,du208,2026-09-13 18:40:01,qué opinan de
2875,ch09,du099,2026-09-19 12:24:58,mañana sigo
2876,ch04,du058,2026-09-29 09:25:33,alguien sabe cómo
2877,ch16,du077,2026-09-14 07:58:33,qué opinan de
2878,ch37,du067,2026-09-21 09:11:13,a qué hora es la reunión
2879,ch06,du131,2026-09-28 15:23:17,qué opinan de
2880,ch14,du078,2026-09-19 08:47:38,me uno en 5
2881,ch40,du120,2026-09-20 02:19:44,ya quedó el deploy
2882,ch29,du294,2026-09-29 17:14:04,revisen el canal de anuncios
2883,ch14,du036,2026-09-13 18:15:41,alguien sabe cómo
2884,ch25,du131,2026-09-08 19:29:57,ya quedó el deploy
2885,ch01,du016,2026-09-29 23:36:34,revisen el canal de anuncios
2886,ch02,du077,2026-09-05 08:26:19,listo
2887,ch19,du097,2026-09-09 09:01:15,esto no compila
2888,ch15,du250,2026-09-08 09:49:05,qué opinan de
2889,ch24,du283,2026-09-15 10:42:25,listo
2890,ch39,du135,2026-09-03 09:42:06,mañana sigo
2891,ch13,du293,2026-09-04 19:34:56,ya quedó el deploy
2892,ch28,du240,2026-09-03 15:15:59,ya quedó el deploy
2893,ch31,du057,2026-09-04 20:00:41,subí el archivo
2894,ch33,du221,2026-09-24 08:37:23,revisen el canal de anuncios
2895,ch11,du219,2026-09-29 15:31:07,gracias!
2896,ch15,du200,2026-09-15 06:22:17,listo
2897,ch32,du212,2026-09-23 07:04:39,alguien sabe cómo
2898,ch27,du244,2026-09-04 21:53:29,qué opinan de
2899,ch17,du248,2026-09-11 09:23:04,mañana sigo
2900,ch15,du236,2026-09-23 19:35:57,ya quedó el deploy
2901,ch12,du160,2026-09-28 10:24:06,jaja
2902,ch25,du121,2026-09-02 20:08:59,gracias!
2903,ch23,du067,2026-09-01 17:22:13,revisen el canal de anuncios
2904,ch02,du051,2026-09-11 16:17:26,a qué hora es la reunión
2905,ch29,du068,2026-09-03 13:43:09,alguien sabe cómo
2906,ch05,du150,2026-09-24 08:15:05,gracias!
2907,ch16,du298,2026-09-23 21:01:27,subí el archivo
2908,ch31,du253,2026-09-08 15:49:50,me uno en 5
2909,ch23,du113,2026-09-01 14:39:44,a qué hora es la reunión
2910,ch01,du241,2026-09-05 13:38:18,alguien sabe cómo
2911,ch15,du056,2026-09-23 13:01:27,listo
2912,ch04,du248,2026-09-20 13:56:25,gracias!
2913,ch19,du172,2026-09-16 19:09:12,jaja
2914,ch17,du189,2026-09-30 19:29:54,revisen el canal de anuncios
2915,ch36,du117,2026-09-01 13:46:26,qué opinan de
2916,ch04,du031,2026-09-03 20:07:42,jaja
2917,ch06,du117,2026-09-04 10:53:41,ya quedó el deploy
2918,ch12,du219,2026-09-18 19:33:43,revisen el canal de anuncios
2919,ch24,du085,2026-09-11 09:46:42,jaja
2920,ch06,du283,2026-09-29 11:47:49,gracias!
2921,ch24,du224,2026-09-24 19:16:09,a qué hora es la reunión
2922,ch16,du068,2026-09-18 09:06:40,jaja
2923,ch11,du277,2026-09-03 21:02:53,subí el archivo
2924,ch21,du131,2026-09-01 17:19:27,esto no compila
2925,ch01,du181,2026-09-02 21:40:25,revisen el canal de anuncios
2926,ch23,du186,2026-09-05 11:44:35,a qué hora es la reunión
2927,ch16,du148,2026-09-01 19:19:20,me uno en 5
2928,ch16,du271,2026-09-04 08:30:25,mañana sigo
2929,ch09,du286,2026-09-15 20:42:22,mañana sigo
2930,ch12,du111,2026-09-12 12:44:41,alguien sabe cómo
2931,ch29,du102,2026-09-25 15:10:39,a qué hora es la reunión
2932,ch14,du176,2026-09-14 14:38:52,listo
2933,ch29,du133,2026-09-23 19:06:19,jaja
2934,ch17,du154,2026-09-01 10:09:52,esto no compila
2935,ch20,du052,2026-09-10 20:16:05,jaja
2936,ch36,du242,2026-09-25 15:43:12,jaja
2937,ch28,du290,2026-09-09 10:26:56,esto no compila
2938,ch15,du061,2026-09-30 12:23:44,alguien sabe cómo
2939,ch24,du174,2026-09-12 15:42:49,listo
2940,ch29,du198,2026-09-07 17:43:46,revisen el canal de anuncios
2941,ch24,du294,2026-09-27 10:19:23,gracias!
2942,ch31,du012,2026-09-11 21:24:13,ya quedó el deploy
2943,ch35,du035,2026-09-15 01:38:18,esto no compila
2944,ch29,du160,2026-09-25 11:50:34,a qué hora es la reunión
2945,ch14,du193,2026-09-25 12:44:32,revisen el canal de anuncios
2946,ch20,du064,2026-09-16 09:28:40,mañana sigo
2947,ch14,du081,2026-09-13 19:09:48,subí el archivo
2948,ch02,du149,2026-09-26 16:04:27,qué opinan de
2949,ch02,du279,2026-09-09 19:17:16,revisen el canal de anuncios
2950,ch16,du089,2026-09-23 20:51:20,alguien sabe cómo
2951,ch29,du262,2026-09-23 14:11:21,mañana sigo
2952,ch23,du013,2026-09-07 13:25:58,a qué hora es la reunión
2953,ch09,du237,2026-09-11 11:47:49,me uno en 5
2954,ch05,du141,2026-09-09 14:17:55,me uno en 5
2955,ch30,du261,2026-09-07 13:34:35,qué opinan de
2956,ch33,du266,2026-09-23 14:54:10,ya quedó el deploy
2957,ch25,du235,2026-09-08 20:28:16,subí el archivo
2958,ch28,du162,2026-09-17 16:18:39,revisen el canal de anuncios
2959,ch28,du249,2026-09-02 17:34:15,mañana sigo
2960,ch25,du292,2026-09-16 22:21:26,revisen el canal de anuncios
2961,ch29,du058,2026-09-04 20:38:00,alguien sabe cómo
2962,ch19,du109,2026-09-26 10:18:44,esto no compila
2963,ch01,du297,2026-09-06 20:35:17,ya quedó el deploy
2964,ch07,du103,2026-09-03 20:12:36,jaja
2965,ch08,du056,2026-09-27 18:28:56,subí el archivo
2966,ch34,du104,2026-09-15 08:32:08,me uno en 5
2967,ch31,du100,2026-09-03 09:50:06,mañana sigo
2968,ch31,du104,2026-09-24 13:41:10,subí el archivo
2969,ch01,du289,2026-09-17 16:51:14,jaja
2970,ch04,du275,2026-09-18 15:57:29,a qué hora es la reunión
2971,ch01,du258,2026-09-09 20:10:11,gracias!
2972,ch31,du162,2026-09-22 03:08:08,alguien sabe cómo
2973,ch33,du208,2026-09-16 13:04:58,mañana sigo
2974,ch31,du007,2026-09-14 12:41:06,listo
2975,ch23,du032,2026-09-19 16:40:11,subí el archivo
2976,ch04,du029,2026-09-07 02:53:17,revisen el canal de anuncios
2977,ch26,du173,2026-09-24 18:15:16,alguien sabe cómo
2978,ch16,du173,2026-09-03 13:37:33,gracias!
2979,ch23,du066,2026-09-22 11:34:25,alguien sabe cómo
2980,ch02,du130,2026-09-22 04:48:37,esto no compila
2981,ch13,du120,2026-09-25 20:13:28,ya quedó el deploy
2982,ch01,du110,2026-09-18 16:10:57,gracias!
2983,ch21,du298,2026-09-30 07:09:18,alguien sabe cómo
2984,ch16,du062,2026-09-18 19:30:58,esto no compila
2985,ch33,du229,2026-09-06 15:13:25,revisen el canal de anuncios
2986,ch04,du049,2026-09-02 17:15:58,ya quedó el deploy
2987,ch28,du029,2026-09-02 17:05:27,mañana sigo
2988,ch39,du295,2026-09-28 17:02:39,revisen el canal de anuncios
2989,ch01,du194,2026-09-14 03:44:11,revisen el canal de anuncios
2990,ch34,du296,2026-09-24 19:32:35,a qué hora es la reunión
2991,ch20,du202,2026-09-22 15:06:30,gracias!
2992,ch39,du043,2026-09-03 06:28:24,a qué hora es la reunión
2993,ch01,du189,2026-09-14 07:20:43,a qué hora es la reunión
2994,ch03,du247,2026-09-14 19:29:36,mañana sigo
2995,ch14,du080,2026-09-20 17:10:36,esto no compila
2996,ch02,du011,2026-09-27 15:03:16,mañana sigo
2997,ch13,du228,2026-09-11 09:54:40,esto no compila
2998,ch14,du200,2026-09-05 12:59:52,subí el archivo
2999,ch23,du080,2026-09-12 09:46:20,listo
3000,ch17,du204,2026-09-21 16:17:39,qué opinan de
3001,ch09,du153,2026-09-25 20:12:33,alguien sabe cómo
3002,ch14,du223,2026-09-30 18:23:08,revisen el canal de anuncios
3003,ch27,du191,2026-09-19 20:10:55,me uno en 5
3004,ch34,du004,2026-09-27 18:13:04,esto no compila
3005,ch36,du296,2026-09-24 10:43:42,revisen el canal de anuncios
3006,ch25,du254,2026-09-23 01:43:02,mañana sigo
3007,ch11,du141,2026-09-24 09:04:05,me uno en 5
3008,ch12,du242,2026-09-28 10:15:38,gracias!
3009,ch31,du137,2026-09-12 09:58:36,gracias!
3010,ch23,du244,2026-09-07 15:04:25,gracias!
3011,ch16,du297,2026-09-03 16:20:06,subí el archivo
3012,ch27,du082,2026-09-29 21:18:43,esto no compila
3013,ch33,du142,2026-09-03 04:22:30,ya quedó el deploy
3014,ch20,du012,2026-09-24 08:43:59,esto no compila
3015,ch31,du032,2026-09-07 07:42:52,qué opinan de
3016,ch12,du081,2026-09-03 06:10:06,a qué hora es la reunión
3017,ch14,du100,2026-09-25 15:13:55,subí el archivo
3018,ch23,du176,2026-09-22 13:20:46,alguien sabe cómo
3019,ch23,du297,2026-09-09 14:27:38,qué opinan de
3020,ch37,du099,2026-09-02 11:13:26,revisen el canal de anuncios
3021,ch08,du162,2026-09-26 18:04:32,listo
3022,ch28,du061,2026-09-01 13:11:42,esto no compila
3023,ch01,du010,2026-09-03 07:32:53,alguien sabe cómo
3024,ch18,du257,2026-09-30 13:11:35,listo
3025,ch11,du239,2026-09-30 20:24:33,subí el archivo
3026,ch14,du294,2026-09-29 19:16:57,revisen el canal de anuncios
3027,ch39,du076,2026-09-06 05:24:05,gracias!
3028,ch01,du052,2026-09-20 18:36:35,alguien sabe cómo
3029,ch15,du110,2026-09-07 08:19:25,esto no compila
3030,ch13,du025,2026-09-17 17:51:10,mañana sigo
3031,ch24,du035,2026-09-03 17:06:05,esto no compila
3032,ch23,du129,2026-09-01 18:45:43,qué opinan de
3033,ch32,du216,2026-09-26 18:46:40,revisen el canal de anuncios
3034,ch29,du256,2026-09-06 20:35:11,a qué hora es la reunión
3035,ch27,du052,2026-09-29 06:23:53,listo
3036,ch07,du067,2026-09-30 08:09:57,alguien sabe cómo
3037,ch24,du021,2026-09-22 07:25:52,a qué hora es la reunión
3038,ch05,du241,2026-09-12 08:06:39,qué opinan de
3039,ch31,du001,2026-09-21 17:18:46,ya quedó el deploy
3040,ch21,du095,2026-09-12 18:03:27,listo
3041,ch36,du181,2026-09-07 13:03:05,alguien sabe cómo
3042,ch34,du138,2026-09-24 20:22:59,esto no compila
3043,ch25,du252,2026-09-08 20:38:00,listo
3044,ch36,du212,2026-09-19 13:31:17,esto no compila
3045,ch23,du149,2026-09-27 10:18:50,alguien sabe cómo
3046,ch08,du295,2026-09-09 16:07:54,revisen el canal de anuncios
3047,ch20,du101,2026-09-11 16:50:44,mañana sigo
3048,ch14,du015,2026-09-05 20:37:05,mañana sigo
3049,ch18,du064,2026-09-21 01:35:51,mañana sigo
3050,ch19,du030,2026-09-09 08:24:31,mañana sigo
3051,ch06,du044,2026-09-24 15:23:19,qué opinan de
3052,ch16,du012,2026-09-17 08:53:40,subí el archivo
3053,ch32,du208,2026-09-29 09:26:23,subí el archivo
3054,ch01,du220,2026-09-22 11:08:40,subí el archivo
3055,ch20,du091,2026-09-29 16:56:03,subí el archivo
3056,ch33,du120,2026-09-22 09:08:03,me uno en 5
3057,ch28,du226,2026-09-18 16:05:17,me uno en 5
3058,ch17,du032,2026-09-05 14:49:33,me uno en 5
3059,ch34,du253,2026-09-22 10:19:01,esto no compila
3060,ch02,du223,2026-09-30 07:48:04,listo
3061,ch17,du038,2026-09-17 11:54:00,alguien sabe cómo
3062,ch39,du142,2026-09-11 12:44:15,ya quedó el deploy
3063,ch29,du131,2026-09-19 10:56:47,esto no compila
3064,ch16,du141,2026-09-20 08:37:10,alguien sabe cómo
3065,ch17,du068,2026-09-13 19:44:49,a qué hora es la reunión
3066,ch25,du280,2026-09-24 14:36:12,subí el archivo
3067,ch25,du169,2026-09-19 16:20:13,mañana sigo
3068,ch24,du197,2026-09-18 15:22:40,me uno en 5
3069,ch06,du148,2026-09-19 11:12:11,me uno en 5
3070,ch33,du100,2026-09-28 16:43:17,mañana sigo
3071,ch23,du034,2026-09-28 17:02:35,me uno en 5
3072,ch16,du046,2026-09-12 09:32:56,gracias!
3073,ch36,du004,2026-09-12 14:53:08,me uno en 5
3074,ch05,du028,2026-09-27 20:12:33,qué opinan de
3075,ch36,du128,2026-09-29 12:27:30,mañana sigo
3076,ch01,du181,2026-09-26 21:32:29,listo
3077,ch33,du075,2026-09-14 08:15:08,ya quedó el deploy
3078,ch25,du129,2026-09-29 16:57:10,alguien sabe cómo
3079,ch05,du166,2026-09-06 14:39:59,mañana sigo
3080,ch24,du071,2026-09-13 00:47:26,listo
3081,ch33,du084,2026-09-17 17:04:43,a qué hora es la reunión
3082,ch21,du038,2026-09-29 12:22:18,subí el archivo
3083,ch06,du142,2026-09-26 15:06:58,qué opinan de
3084,ch32,du191,2026-09-17 15:38:23,a qué hora es la reunión
3085,ch24,du171,2026-09-24 06:01:28,ya quedó el deploy
3086,ch26,du194,2026-09-24 19:19:39,subí el archivo
3087,ch14,du026,2026-09-16 12:21:51,me uno en 5
3088,ch21,du282,2026-09-12 09:33:30,mañana sigo
3089,ch07,du085,2026-09-11 15:17:05,listo
3090,ch28,du057,2026-09-02 05:39:09,subí el archivo
3091,ch29,du129,2026-09-21 20:01:00,gracias!
3092,ch29,du129,2026-09-23 12:37:27,qué opinan de
3093,ch07,du053,2026-09-21 14:17:34,me uno en 5
3094,ch19,du166,2026-09-30 19:17:11,listo
3095,ch23,du201,2026-09-16 11:49:39,qué opinan de
3096,ch19,du147,2026-09-24 13:02:13,alguien sabe cómo
3097,ch04,du060,2026-09-21 10:23:11,ya quedó el deploy
3098,ch19,du275,2026-09-24 13:06:38,qué opinan de
3099,ch16,du117,2026-09-05 03:58:19,alguien sabe cómo
3100,ch28,du203,2026-09-16 10:25:14,jaja
3101,ch23,du003,2026-09-03 17:05:19,mañana sigo
3102,ch27,du129,2026-09-25 19:04:28,revisen el canal de anuncios
3103,ch02,du041,2026-09-01 17:46:20,revisen el canal de anuncios
3104,ch14,du060,2026-09-17 08:51:03,qué opinan de
3105,ch36,du053,2026-09-09 23:29:34,a qué hora es la reunión
3106,ch01,du113,2026-09-11 12:35:46,mañana sigo
3107,ch07,du085,2026-09-22 08:34:04,mañana sigo
3108,ch14,du117,2026-09-01 21:18:42,esto no compila
3109,ch01,du066,2026-09-12 18:54:28,gracias!
3110,ch29,du210,2026-09-18 08:39:01,mañana sigo
3111,ch07,du191,2026-09-05 08:36:33,a qué hora es la reunión
3112,ch27,du280,2026-09-09 16:30:19,mañana sigo
3113,ch25,du228,2026-09-19 21:22:06,jaja
3114,ch32,du201,2026-09-24 23:59:51,esto no compila
3115,ch40,du110,2026-09-26 21:08:30,subí el archivo
3116,ch06,du292,2026-09-02 01:06:28,alguien sabe cómo
3117,ch20,du257,2026-09-30 09:09:57,a qué hora es la reunión
3118,ch09,du101,2026-09-08 16:51:36,subí el archivo
3119,ch14,du261,2026-09-13 10:57:52,alguien sabe cómo
3120,ch31,du279,2026-09-01 01:02:08,qué opinan de
3121,ch35,du081,2026-09-19 09:41:21,me uno en 5
3122,ch27,du157,2026-09-01 19:42:38,subí el archivo
3123,ch17,du181,2026-09-23 13:20:39,listo
3124,ch07,du049,2026-09-30 06:13:20,ya quedó el deploy
3125,ch24,du032,2026-09-26 17:48:15,mañana sigo
3126,ch14,du210,2026-09-21 09:37:44,listo
3127,ch04,du084,2026-09-04 22:53:32,esto no compila
3128,ch23,du065,2026-09-26 12:03:53,ya quedó el deploy
3129,ch34,du099,2026-09-17 11:06:35,gracias!
3130,ch27,du271,2026-09-28 20:19:49,me uno en 5
3131,ch19,du295,2026-09-11 19:18:08,qué opinan de
3132,ch34,du020,2026-09-09 07:09:45,listo
3133,ch15,du088,2026-09-28 13:13:48,alguien sabe cómo
3134,ch33,du055,2026-09-12 19:57:00,listo
3135,ch16,du170,2026-09-12 05:22:51,subí el archivo
3136,ch24,du263,2026-09-03 09:06:41,listo
3137,ch36,du157,2026-09-03 06:09:42,alguien sabe cómo
3138,ch03,du120,2026-09-02 10:50:15,esto no compila
3139,ch31,du030,2026-09-11 14:25:05,ya quedó el deploy
3140,ch17,du252,2026-09-01 17:43:28,mañana sigo
3141,ch06,du148,2026-09-22 18:15:53,a qué hora es la reunión
3142,ch18,du296,2026-09-06 13:21:52,mañana sigo
3143,ch17,du082,2026-09-04 12:37:44,me uno en 5
3144,ch35,du149,2026-09-28 12:52:46,revisen el canal de anuncios
3145,ch11,du112,2026-09-26 13:55:27,a qué hora es la reunión
3146,ch03,du053,2026-09-16 09:34:08,gracias!
3147,ch22,du084,2026-09-01 12:34:08,subí el archivo
3148,ch06,du135,2026-09-19 10:44:57,gracias!
3149,ch21,du120,2026-09-20 15:20:33,a qué hora es la reunión
3150,ch29,du217,2026-09-06 01:56:21,ya quedó el deploy
3151,ch16,du234,2026-09-06 18:52:35,esto no compila
3152,ch34,du038,2026-09-27 15:11:58,revisen el canal de anuncios
3153,ch19,du003,2026-09-30 13:51:44,alguien sabe cómo
3154,ch31,du273,2026-09-17 18:47:32,subí el archivo
3155,ch15,du076,2026-09-11 18:50:58,me uno en 5
3156,ch14,du117,2026-09-04 17:16:25,listo
3157,ch22,du222,2026-09-19 15:53:59,revisen el canal de anuncios
3158,ch02,du261,2026-09-09 15:14:36,mañana sigo
3159,ch14,du052,2026-09-18 12:54:58,jaja
3160,ch14,du089,2026-09-08 12:16:07,subí el archivo
3161,ch05,du114,2026-09-30 21:17:32,revisen el canal de anuncios
3162,ch33,du289,2026-09-13 12:49:48,jaja
3163,ch16,du175,2026-09-15 22:00:50,alguien sabe cómo
3164,ch34,du031,2026-09-28 08:27:37,gracias!
3165,ch17,du209,2026-09-16 09:54:18,a qué hora es la reunión
3166,ch39,du166,2026-09-09 19:47:46,me uno en 5
3167,ch16,du129,2026-09-06 16:12:39,esto no compila
3168,ch29,du059,2026-09-18 18:45:39,revisen el canal de anuncios
3169,ch27,du088,2026-09-16 05:54:14,subí el archivo
3170,ch40,du181,2026-09-24 11:58:32,gracias!
3171,ch06,du221,2026-09-08 16:25:55,qué opinan de
3172,ch20,du199,2026-09-30 04:32:47,alguien sabe cómo
3173,ch39,du173,2026-09-06 11:42:34,alguien sabe cómo
3174,ch24,du217,2026-09-09 02:41:14,jaja
3175,ch04,du176,2026-09-25 19:55:04,ya quedó el deploy
3176,ch30,du273,2026-09-04 14:06:40,esto no compila
3177,ch30,du144,2026-09-25 22:51:44,jaja
3178,ch05,du186,2026-09-11 17:41:26,mañana sigo
3179,ch12,du092,2026-09-05 15:53:21,me uno en 5
3180,ch31,du247,2026-09-10 05:12:55,a qué hora es la reunión
3181,ch26,du238,2026-09-17 13:28:16,revisen el canal de anuncios
3182,ch23,du082,2026-09-26 10:05:09,gracias!
3183,ch23,du278,2026-09-26 07:51:15,subí el archivo
3184,ch04,du279,2026-09-22 11:08:51,esto no compila
3185,ch21,du122,2026-09-21 16:45:09,qué opinan de
3186,ch23,du210,2026-09-18 13:52:14,mañana sigo
3187,ch05,du137,2026-09-14 08:46:52,mañana sigo
3188,ch25,du095,2026-09-25 12:30:48,jaja
3189,ch05,du115,2026-09-19 16:27:35,revisen el canal de anuncios
3190,ch30,du142,2026-09-02 10:27:08,qué opinan de
3191,ch17,du186,2026-09-17 14:15:21,mañana sigo
3192,ch29,du278,2026-09-11 21:28:48,gracias!
3193,ch03,du235,2026-09-11 15:59:02,subí el archivo
3194,ch25,du156,2026-09-28 17:35:21,alguien sabe cómo
3195,ch24,du197,2026-09-18 12:13:52,ya quedó el deploy
3196,ch16,du079,2026-09-04 09:38:24,alguien sabe cómo
3197,ch23,du004,2026-09-29 09:29:40,mañana sigo
3198,ch04,du269,2026-09-05 16:47:49,esto no compila
3199,ch05,du241,2026-09-01 17:30:09,alguien sabe cómo
3200,ch16,du231,2026-09-06 20:17:09,me uno en 5
3201,ch23,du006,2026-09-16 08:40:39,subí el archivo
3202,ch01,du052,2026-09-27 19:16:02,mañana sigo
3203,ch35,du053,2026-09-23 13:36:46,qué opinan de
3204,ch17,du235,2026-09-24 07:29:06,listo
3205,ch35,du238,2026-09-27 13:56:30,alguien sabe cómo
3206,ch14,du228,2026-09-01 21:38:47,qué opinan de
3207,ch36,du274,2026-09-29 18:15:12,revisen el canal de anuncios
3208,ch17,du186,2026-09-15 13:27:22,ya quedó el deploy
3209,ch36,du252,2026-09-03 09:18:05,jaja
3210,ch25,du193,2026-09-04 08:05:30,jaja
3211,ch13,du148,2026-09-11 12:56:40,alguien sabe cómo
3212,ch33,du138,2026-09-21 04:28:10,qué opinan de
3213,ch23,du043,2026-09-10 05:46:59,revisen el canal de anuncios
3214,ch17,du290,2026-09-06 18:47:22,esto no compila
3215,ch33,du280,2026-09-11 12:33:28,a qué hora es la reunión
3216,ch15,du255,2026-09-28 08:45:35,a qué hora es la reunión
3217,ch39,du203,2026-09-16 15:41:21,qué opinan de
3218,ch25,du055,2026-09-22 21:44:04,gracias!
3219,ch24,du202,2026-09-08 16:49:32,me uno en 5
3220,ch16,du271,2026-09-30 08:53:37,esto no compila
3221,ch29,du191,2026-09-04 07:34:55,revisen el canal de anuncios
3222,ch37,du234,2026-09-08 15:54:06,a qué hora es la reunión
3223,ch18,du120,2026-09-16 15:36:41,gracias!
3224,ch31,du043,2026-09-27 02:40:24,qué opinan de
3225,ch20,du186,2026-09-08 05:30:41,esto no compila
3226,ch22,du207,2026-09-09 00:33:47,revisen el canal de anuncios
3227,ch05,du139,2026-09-08 01:20:59,listo
3228,ch33,du128,2026-09-21 23:10:18,a qué hora es la reunión
3229,ch01,du066,2026-09-05 20:23:14,listo
3230,ch14,du120,2026-09-26 03:59:43,alguien sabe cómo
3231,ch15,du148,2026-09-24 10:47:44,alguien sabe cómo
3232,ch21,du260,2026-09-01 12:05:38,listo
3233,ch36,du102,2026-09-24 20:07:39,ya quedó el deploy
3234,ch04,du012,2026-09-23 16:44:02,subí el archivo
3235,ch21,du094,2026-09-30 14:41:52,alguien sabe cómo
3236,ch07,du223,2026-09-15 19:25:35,qué opinan de
3237,ch04,du176,2026-09-15 23:37:45,revisen el canal de anuncios
3238,ch24,du116,2026-09-24 12:41:03,qué opinan de
3239,ch20,du035,2026-09-06 18:50:13,listo
3240,ch06,du247,2026-09-02 13:07:37,qué opinan de
3241,ch18,du134,2026-09-26 05:54:20,gracias!
3242,ch36,du285,2026-09-15 08:49:27,listo
3243,ch11,du243,2026-09-19 21:50:18,subí el archivo
3244,ch29,du131,2026-09-22 08:47:24,alguien sabe cómo
3245,ch01,du133,2026-09-05 10:09:14,gracias!
3246,ch21,du215,2026-09-28 19:13:31,esto no compila
3247,ch12,du236,2026-09-27 17:05:25,esto no compila
3248,ch33,du267,2026-09-06 07:33:09,esto no compila
3249,ch02,du133,2026-09-17 21:00:25,subí el archivo
3250,ch10,du203,2026-09-03 13:25:27,me uno en 5
3251,ch05,du054,2026-09-28 15:40:15,esto no compila
3252,ch16,du099,2026-09-04 15:29:48,a qué hora es la reunión
3253,ch19,du155,2026-09-08 19:50:14,mañana sigo
3254,ch29,du181,2026-09-17 21:04:29,gracias!
3255,ch36,du247,2026-09-20 21:03:31,me uno en 5
3256,ch28,du234,2026-09-28 11:18:56,esto no compila
3257,ch03,du200,2026-09-30 19:45:08,esto no compila
3258,ch03,du277,2026-09-23 21:44:59,esto no compila
3259,ch23,du148,2026-09-25 10:34:28,alguien sabe cómo
3260,ch12,du155,2026-09-27 01:25:17,listo
3261,ch29,du276,2026-09-24 07:55:37,revisen el canal de anuncios
3262,ch40,du068,2026-09-24 10:41:57,ya quedó el deploy
3263,ch24,du219,2026-09-17 20:00:01,alguien sabe cómo
3264,ch02,du285,2026-09-13 19:14:50,me uno en 5
3265,ch17,du196,2026-09-12 13:31:54,a qué hora es la reunión
3266,ch19,du257,2026-09-05 12:23:56,listo
3267,ch05,du014,2026-09-21 11:14:19,jaja
3268,ch19,du066,2026-09-14 07:04:03,gracias!
3269,ch39,du101,2026-09-09 08:05:55,alguien sabe cómo
3270,ch19,du029,2026-09-15 09:24:13,alguien sabe cómo
3271,ch33,du079,2026-09-07 21:07:14,ya quedó el deploy
3272,ch31,du238,2026-09-14 11:33:46,subí el archivo
3273,ch02,du051,2026-09-04 12:41:34,alguien sabe cómo
3274,ch16,du010,2026-09-24 17:00:06,qué opinan de
3275,ch30,du177,2026-09-08 19:50:15,ya quedó el deploy
3276,ch16,du135,2026-09-20 14:27:02,a qué hora es la reunión
3277,ch25,du144,2026-09-08 19:49:49,revisen el canal de anuncios
3278,ch02,du086,2026-09-25 17:10:42,me uno en 5
3279,ch31,du279,2026-09-25 15:41:54,alguien sabe cómo
3280,ch35,du148,2026-09-10 12:57:27,esto no compila
3281,ch02,du183,2026-09-11 13:39:52,a qué hora es la reunión
3282,ch21,du128,2026-09-22 11:38:23,mañana sigo
3283,ch29,du007,2026-09-10 20:34:14,listo
3284,ch27,du290,2026-09-15 17:57:28,a qué hora es la reunión
3285,ch02,du065,2026-09-11 10:01:06,jaja
3286,ch07,du215,2026-09-04 13:37:00,ya quedó el deploy
3287,ch33,du068,2026-09-26 13:36:07,jaja
3288,ch16,du168,2026-09-09 20:07:59,esto no compila
3289,ch37,du032,2026-09-01 18:24:34,alguien sabe cómo
3290,ch12,du167,2026-09-17 10:30:33,a qué hora es la reunión
3291,ch04,du072,2026-09-09 21:36:50,esto no compila
3292,ch05,du232,2026-09-19 11:40:19,qué opinan de
3293,ch24,du106,2026-09-13 23:10:52,alguien sabe cómo
3294,ch15,du257,2026-09-14 18:33:08,revisen el canal de anuncios
3295,ch04,du273,2026-09-30 15:56:38,me uno en 5
3296,ch24,du135,2026-09-07 15:13:09,listo
3297,ch35,du067,2026-09-01 10:36:31,a qué hora es la reunión
3298,ch25,du081,2026-09-15 06:09:43,ya quedó el deploy
3299,ch21,du295,2026-09-08 13:28:46,me uno en 5
3300,ch35,du025,2026-09-08 19:59:58,jaja
3301,ch25,du082,2026-09-08 12:42:57,gracias!
3302,ch33,du060,2026-09-21 12:45:16,gracias!
3303,ch28,du158,2026-09-14 08:03:24,me uno en 5
3304,ch05,du030,2026-09-24 17:08:47,alguien sabe cómo
3305,ch33,du055,2026-09-23 21:25:00,a qué hora es la reunión
3306,ch09,du140,2026-09-05 17:52:30,alguien sabe cómo
3307,ch20,du234,2026-09-08 22:44:25,qué opinan de
3308,ch29,du104,2026-09-13 12:28:28,ya quedó el deploy
3309,ch05,du109,2026-09-06 18:35:28,gracias!
3310,ch16,du041,2026-09-08 10:29:28,ya quedó el deploy
3311,ch36,du049,2026-09-22 08:41:16,qué opinan de
3312,ch06,du043,2026-09-14 17:01:25,qué opinan de
3313,ch05,du015,2026-09-03 06:23:01,a qué hora es la reunión
3314,ch35,du153,2026-09-18 14:30:16,qué opinan de
3315,ch19,du257,2026-09-23 05:08:24,gracias!
3316,ch16,du087,2026-09-19 12:38:20,qué opinan de
3317,ch24,du064,2026-09-14 13:12:45,mañana sigo
3318,ch15,du106,2026-09-19 19:44:21,subí el archivo
3319,ch17,du296,2026-09-14 17:57:28,a qué hora es la reunión
3320,ch11,du013,2026-09-25 18:20:18,qué opinan de
3321,ch19,du085,2026-09-07 14:31:10,gracias!
3322,ch36,du188,2026-09-17 19:26:21,jaja
3323,ch36,du043,2026-09-23 14:23:21,revisen el canal de anuncios
3324,ch28,du262,2026-09-21 19:02:41,ya quedó el deploy
3325,ch26,du022,2026-09-04 05:28:57,qué opinan de
3326,ch17,du079,2026-09-09 13:32:29,mañana sigo
3327,ch14,du234,2026-09-24 13:33:35,mañana sigo
3328,ch21,du110,2026-09-26 17:27:34,alguien sabe cómo
3329,ch01,du148,2026-09-08 10:58:00,mañana sigo
3330,ch24,du032,2026-09-30 02:12:50,ya quedó el deploy
3331,ch17,du049,2026-09-03 23:48:26,me uno en 5
3332,ch39,du249,2026-09-16 09:52:11,me uno en 5
3333,ch24,du080,2026-09-15 02:18:17,esto no compila
3334,ch01,du080,2026-09-04 13:12:05,alguien sabe cómo
3335,ch06,du061,2026-09-03 20:44:13,a qué hora es la reunión
3336,ch36,du016,2026-09-24 11:01:27,a qué hora es la reunión
3337,ch16,du237,2026-09-10 08:43:12,subí el archivo
3338,ch19,du221,2026-09-20 13:10:48,subí el archivo
3339,ch26,du117,2026-09-08 15:27:25,listo
3340,ch29,du130,2026-09-30 19:38:20,jaja
3341,ch33,du182,2026-09-30 08:47:11,jaja
3342,ch17,du239,2026-09-25 17:16:41,jaja
3343,ch25,du224,2026-09-23 17:46:37,ya quedó el deploy
3344,ch08,du184,2026-09-16 11:48:38,revisen el canal de anuncios
3345,ch02,du223,2026-09-08 07:54:29,esto no compila
3346,ch21,du213,2026-09-30 14:18:09,alguien sabe cómo
3347,ch19,du145,2026-09-21 16:01:33,ya quedó el deploy
3348,ch16,du183,2026-09-24 18:59:15,qué opinan de
3349,ch17,du078,2026-09-15 18:20:49,revisen el canal de anuncios
3350,ch25,du072,2026-09-19 10:14:40,qué opinan de
3351,ch30,du065,2026-09-30 06:35:26,a qué hora es la reunión
3352,ch29,du106,2026-09-19 19:32:29,a qué hora es la reunión
3353,ch07,du220,2026-09-10 16:33:53,a qué hora es la reunión
3354,ch20,du061,2026-09-19 10:36:33,me uno en 5
3355,ch35,du062,2026-09-09 19:29:07,gracias!
3356,ch19,du239,2026-09-09 18:54:30,listo
3357,ch07,du285,2026-09-22 11:20:31,jaja
3358,ch15,du224,2026-09-03 13:43:19,ya quedó el deploy
3359,ch33,du236,2026-09-06 08:12:43,jaja
3360,ch01,du237,2026-09-25 15:42:26,esto no compila
3361,ch18,du181,2026-09-12 13:37:26,a qué hora es la reunión
3362,ch02,du052,2026-09-22 10:11:55,gracias!
3363,ch21,du131,2026-09-05 20:08:15,listo
3364,ch06,du088,2026-09-04 07:54:20,revisen el canal de anuncios
3365,ch06,du142,2026-09-18 09:07:38,a qué hora es la reunión
3366,ch28,du095,2026-09-29 13:04:36,revisen el canal de anuncios
3367,ch16,du195,2026-09-17 16:38:14,revisen el canal de anuncios
3368,ch32,du242,2026-09-15 14:42:50,jaja
3369,ch03,du223,2026-09-19 19:09:54,qué opinan de
3370,ch27,du257,2026-09-24 07:40:51,ya quedó el deploy
3371,ch03,du003,2026-09-06 16:23:09,esto no compila
3372,ch18,du174,2026-09-03 19:45:14,me uno en 5
3373,ch17,du061,2026-09-11 16:09:22,qué opinan de
3374,ch17,du012,2026-09-12 09:23:26,subí el archivo
3375,ch17,du014,2026-09-14 19:13:16,esto no compila
3376,ch18,du191,2026-09-30 10:32:15,esto no compila
3377,ch39,du063,2026-09-12 04:39:48,qué opinan de
3378,ch02,du237,2026-09-23 18:14:30,a qué hora es la reunión
3379,ch14,du251,2026-09-08 20:40:53,esto no compila
3380,ch19,du133,2026-09-24 14:58:02,mañana sigo
3381,ch07,du081,2026-09-26 16:11:37,revisen el canal de anuncios
3382,ch19,du218,2026-09-29 11:56:31,a qué hora es la reunión
3383,ch06,du113,2026-09-16 12:17:12,gracias!
3384,ch28,du061,2026-09-02 06:29:38,gracias!
3385,ch33,du273,2026-09-12 02:59:12,me uno en 5
3386,ch38,du128,2026-09-29 12:16:12,jaja
3387,ch26,du118,2026-09-16 23:03:03,qué opinan de
3388,ch16,du181,2026-09-13 20:26:52,a qué hora es la reunión
3389,ch33,du020,2026-09-05 15:56:48,gracias!
3390,ch34,du013,2026-09-27 09:37:11,me uno en 5
3391,ch19,du014,2026-09-26 17:20:27,ya quedó el deploy
3392,ch04,du216,2026-09-28 14:54:31,gracias!
3393,ch10,du043,2026-09-15 09:37:40,gracias!
3394,ch31,du247,2026-09-22 10:54:18,listo
3395,ch06,du228,2026-09-17 14:37:54,alguien sabe cómo
3396,ch34,du161,2026-09-29 18:09:03,subí el archivo
3397,ch14,du044,2026-09-01 15:37:17,jaja
3398,ch30,du135,2026-09-05 08:04:23,subí el archivo
3399,ch28,du202,2026-09-10 10:57:31,a qué hora es la reunión
3400,ch39,du285,2026-09-17 23:31:42,me uno en 5
3401,ch18,du102,2026-09-28 10:53:41,listo
3402,ch16,du236,2026-09-03 05:25:02,ya quedó el deploy
3403,ch23,du224,2026-09-08 12:15:25,a qué hora es la reunión
3404,ch06,du032,2026-09-28 11:34:09,ya quedó el deploy
3405,ch05,du187,2026-09-15 15:42:55,jaja
3406,ch36,du112,2026-09-10 18:41:57,gracias!
3407,ch17,du095,2026-09-18 20:08:07,me uno en 5
3408,ch22,du224,2026-09-03 02:07:46,alguien sabe cómo
3409,ch21,du257,2026-09-09 07:59:31,qué opinan de
3410,ch06,du135,2026-09-17 08:23:58,me uno en 5
3411,ch25,du015,2026-09-06 18:23:31,ya quedó el deploy
3412,ch08,du235,2026-09-14 07:44:03,me uno en 5
3413,ch36,du060,2026-09-28 13:08:47,revisen el canal de anuncios
3414,ch01,du082,2026-09-28 19:09:12,qué opinan de
3415,ch28,du085,2026-09-12 18:08:10,alguien sabe cómo
3416,ch39,du264,2026-09-27 15:26:09,listo
3417,ch21,du037,2026-09-18 15:16:45,alguien sabe cómo
3418,ch31,du222,2026-09-14 20:07:13,a qué hora es la reunión
3419,ch16,du253,2026-09-17 07:50:56,a qué hora es la reunión
3420,ch01,du049,2026-09-12 19:39:20,esto no compila
3421,ch09,du085,2026-09-23 09:32:57,a qué hora es la reunión
3422,ch31,du011,2026-09-16 17:49:29,me uno en 5
3423,ch09,du201,2026-09-20 08:02:40,ya quedó el deploy
3424,ch16,du087,2026-09-22 12:19:09,subí el archivo
3425,ch19,du074,2026-09-07 12:24:50,qué opinan de
3426,ch21,du152,2026-09-21 07:44:53,subí el archivo
3427,ch19,du149,2026-09-24 08:54:39,ya quedó el deploy
3428,ch20,du076,2026-09-22 00:22:16,subí el archivo
3429,ch19,du162,2026-09-23 09:12:50,me uno en 5
3430,ch09,du278,2026-09-19 08:16:13,qué opinan de
3431,ch39,du168,2026-09-26 14:31:12,a qué hora es la reunión
3432,ch19,du219,2026-09-11 09:22:46,qué opinan de
3433,ch22,du189,2026-09-22 09:36:36,esto no compila
3434,ch16,du204,2026-09-25 15:10:52,ya quedó el deploy
3435,ch16,du165,2026-09-10 14:52:10,jaja
3436,ch01,du071,2026-09-15 02:44:59,revisen el canal de anuncios
3437,ch33,du203,2026-09-03 09:29:59,me uno en 5
3438,ch14,du036,2026-09-23 13:23:47,revisen el canal de anuncios
3439,ch18,du012,2026-09-25 07:07:58,ya quedó el deploy
3440,ch18,du084,2026-09-24 09:27:05,jaja
3441,ch09,du271,2026-09-27 06:54:18,subí el archivo
3442,ch23,du182,2026-09-23 11:09:27,alguien sabe cómo
3443,ch21,du263,2026-09-15 12:57:25,jaja
3444,ch18,du053,2026-09-06 09:08:18,qué opinan de
3445,ch04,du204,2026-09-23 19:48:47,subí el archivo
3446,ch01,du201,2026-09-19 21:46:34,revisen el canal de anuncios
3447,ch17,du015,2026-09-28 20:51:36,listo
3448,ch36,du105,2026-09-20 06:35:08,qué opinan de
3449,ch07,du066,2026-09-18 17:24:28,qué opinan de
3450,ch15,du077,2026-09-24 13:41:43,gracias!
3451,ch19,du253,2026-09-13 04:59:46,a qué hora es la reunión
3452,ch22,du151,2026-09-13 07:20:05,a qué hora es la reunión
3453,ch28,du027,2026-09-27 10:19:21,me uno en 5
3454,ch26,du279,2026-09-30 17:05:53,subí el archivo
3455,ch31,du050,2026-09-18 12:43:51,mañana sigo
3456,ch39,du064,2026-09-29 06:30:17,qué opinan de
3457,ch13,du253,2026-09-07 21:24:41,subí el archivo
3458,ch34,du254,2026-09-20 09:34:51,me uno en 5
3459,ch33,du186,2026-09-30 11:24:53,ya quedó el deploy
3460,ch34,du261,2026-09-03 04:17:33,subí el archivo
3461,ch05,du135,2026-09-29 07:21:32,gracias!
3462,ch04,du027,2026-09-28 12:36:08,me uno en 5
3463,ch09,du266,2026-09-04 09:15:52,subí el archivo
3464,ch21,du241,2026-09-01 21:30:17,mañana sigo
3465,ch37,du003,2026-09-03 12:31:36,jaja
3466,ch16,du200,2026-09-26 20:49:47,esto no compila
3467,ch20,du277,2026-09-27 21:52:14,me uno en 5
3468,ch07,du084,2026-09-25 16:40:31,jaja
3469,ch02,du182,2026-09-27 08:00:26,qué opinan de
3470,ch09,du133,2026-09-16 17:02:49,revisen el canal de anuncios
3471,ch17,du162,2026-09-27 12:36:34,qué opinan de
3472,ch25,du209,2026-09-20 09:09:23,listo
3473,ch01,du188,2026-09-18 08:13:13,jaja
3474,ch31,du129,2026-09-30 06:39:39,esto no compila
3475,ch21,du244,2026-09-22 21:58:13,a qué hora es la reunión
3476,ch12,du078,2026-09-08 21:53:45,gracias!
3477,ch24,du037,2026-09-09 05:10:23,esto no compila
3478,ch25,du187,2026-09-01 07:25:56,mañana sigo
3479,ch05,du161,2026-09-26 13:48:58,subí el archivo
3480,ch23,du102,2026-09-20 06:30:38,ya quedó el deploy
3481,ch01,du236,2026-09-18 21:19:55,ya quedó el deploy
3482,ch17,du264,2026-09-08 12:54:28,esto no compila
3483,ch19,du080,2026-09-28 12:27:55,me uno en 5
3484,ch01,du078,2026-09-25 13:59:23,alguien sabe cómo
3485,ch01,du066,2026-09-08 10:43:10,ya quedó el deploy
3486,ch33,du114,2026-09-23 10:59:28,mañana sigo
3487,ch36,du123,2026-09-17 14:00:02,mañana sigo
3488,ch17,du060,2026-09-20 19:23:12,subí el archivo
3489,ch18,du004,2026-09-16 09:26:14,revisen el canal de anuncios
3490,ch39,du119,2026-09-12 06:50:58,jaja
3491,ch02,du265,2026-09-27 10:36:30,subí el archivo
3492,ch23,du122,2026-09-14 10:25:29,alguien sabe cómo
3493,ch05,du094,2026-09-08 14:32:14,jaja
3494,ch07,du222,2026-09-20 22:05:48,subí el archivo
3495,ch23,du132,2026-09-01 06:20:56,jaja
3496,ch20,du257,2026-09-11 17:48:54,me uno en 5
3497,ch31,du031,2026-09-12 16:01:59,subí el archivo
3498,ch39,du265,2026-09-22 18:08:44,gracias!
3499,ch03,du276,2026-09-13 18:40:12,jaja
3500,ch39,du155,2026-09-14 20:13:33,qué opinan de
3501,ch01,du038,2026-09-23 13:56:49,a qué hora es la reunión
3502,ch16,du061,2026-09-21 06:25:09,revisen el canal de anuncios
3503,ch24,du058,2026-09-01 17:52:58,alguien sabe cómo
3504,ch02,du124,2026-09-17 12:16:31,esto no compila
3505,ch33,du149,2026-09-30 06:55:36,jaja
3506,ch22,du174,2026-09-03 11:04:19,alguien sabe cómo
3507,ch33,du081,2026-09-29 14:59:41,revisen el canal de anuncios
3508,ch33,du140,2026-09-06 08:14:57,esto no compila
3509,ch33,du168,2026-09-15 15:37:53,ya quedó el deploy
3510,ch05,du015,2026-09-03 14:23:17,me uno en 5
3511,ch21,du223,2026-09-19 17:33:17,revisen el canal de anuncios
3512,ch39,du161,2026-09-24 20:52:26,alguien sabe cómo
3513,ch23,du010,2026-09-17 11:10:01,me uno en 5
3514,ch09,du057,2026-09-16 17:17:37,gracias!
3515,ch01,du191,2026-09-04 13:59:35,listo
3516,ch19,du296,2026-09-22 21:15:26,me uno en 5
3517,ch17,du079,2026-09-19 15:25:13,mañana sigo
3518,ch25,du060,2026-09-10 21:38:49,qué opinan de
3519,ch35,du285,2026-09-09 12:55:55,subí el archivo
3520,ch39,du133,2026-09-25 19:22:51,gracias!
3521,ch01,du113,2026-09-03 17:30:00,alguien sabe cómo
3522,ch28,du237,2026-09-07 19:20:02,a qué hora es la reunión
3523,ch18,du219,2026-09-22 08:51:55,qué opinan de
3524,ch36,du004,2026-09-28 18:15:26,mañana sigo
3525,ch09,du195,2026-09-05 14:51:08,gracias!
3526,ch19,du051,2026-09-14 15:10:02,mañana sigo
3527,ch17,du212,2026-09-10 17:37:22,alguien sabe cómo
3528,ch21,du189,2026-09-13 07:29:40,gracias!
3529,ch24,du030,2026-09-09 10:20:31,alguien sabe cómo
3530,ch31,du172,2026-09-12 10:11:11,ya quedó el deploy
3531,ch29,du026,2026-09-17 15:38:53,jaja
3532,ch17,du094,2026-09-01 22:41:02,esto no compila
3533,ch30,du223,2026-09-24 12:39:58,listo
3534,ch12,du172,2026-09-24 18:18:41,esto no compila
3535,ch34,du119,2026-09-29 06:24:32,a qué hora es la reunión
3536,ch33,du117,2026-09-14 06:06:21,subí el archivo
3537,ch27,du043,2026-09-29 20:55:53,revisen el canal de anuncios
3538,ch20,du201,2026-09-19 00:23:52,jaja
3539,ch33,du101,2026-09-17 18:25:15,me uno en 5
3540,ch19,du200,2026-09-05 16:22:49,a qué hora es la reunión
3541,ch25,du104,2026-09-17 08:14:09,ya quedó el deploy
3542,ch06,du216,2026-09-02 08:55:28,me uno en 5
3543,ch24,du224,2026-09-08 19:52:53,alguien sabe cómo
3544,ch17,du061,2026-09-02 22:34:24,qué opinan de
3545,ch15,du182,2026-09-23 07:11:37,ya quedó el deploy
3546,ch21,du203,2026-09-19 16:45:57,mañana sigo
3547,ch17,du162,2026-09-01 22:13:35,alguien sabe cómo
3548,ch17,du035,2026-09-02 18:58:51,a qué hora es la reunión
3549,ch21,du104,2026-09-29 13:06:46,revisen el canal de anuncios
3550,ch16,du222,2026-09-21 08:52:23,qué opinan de
3551,ch14,du215,2026-09-27 17:09:22,alguien sabe cómo
3552,ch28,du038,2026-09-28 16:21:42,me uno en 5
3553,ch16,du225,2026-09-07 17:43:02,qué opinan de
3554,ch06,du203,2026-09-29 17:12:33,esto no compila
3555,ch14,du229,2026-09-10 07:13:18,alguien sabe cómo
3556,ch17,du020,2026-09-09 09:16:16,listo
3557,ch17,du028,2026-09-10 19:12:45,alguien sabe cómo
3558,ch18,du071,2026-09-04 10:24:02,listo
3559,ch25,du250,2026-09-09 10:52:09,revisen el canal de anuncios
3560,ch01,du129,2026-09-04 15:20:49,esto no compila
3561,ch14,du047,2026-09-20 06:08:28,ya quedó el deploy
3562,ch39,du004,2026-09-04 05:48:52,jaja
3563,ch07,du136,2026-09-26 13:10:22,esto no compila
3564,ch11,du022,2026-09-21 08:46:29,gracias!
3565,ch21,du060,2026-09-29 14:06:35,ya quedó el deploy
3566,ch09,du061,2026-09-19 07:50:29,listo
3567,ch14,du219,2026-09-30 17:58:10,esto no compila
3568,ch03,du288,2026-09-09 17:17:42,subí el archivo
3569,ch06,du233,2026-09-30 23:04:43,qué opinan de
3570,ch31,du060,2026-09-14 03:24:31,mañana sigo
3571,ch16,du129,2026-09-27 07:03:55,me uno en 5
3572,ch31,du001,2026-09-14 18:58:44,esto no compila
3573,ch39,du174,2026-09-14 20:51:21,ya quedó el deploy
3574,ch28,du079,2026-09-05 14:27:31,ya quedó el deploy
3575,ch14,du079,2026-09-06 23:21:42,listo
3576,ch28,du046,2026-09-08 10:29:30,mañana sigo
3577,ch04,du154,2026-09-27 21:21:11,jaja
3578,ch36,du035,2026-09-21 20:30:14,subí el archivo
3579,ch37,du026,2026-09-14 08:17:58,a qué hora es la reunión
3580,ch20,du112,2026-09-25 15:29:22,gracias!
3581,ch25,du106,2026-09-04 08:20:57,revisen el canal de anuncios
3582,ch29,du128,2026-09-12 10:14:27,jaja
3583,ch21,du076,2026-09-02 17:04:26,subí el archivo
3584,ch06,du137,2026-09-02 18:52:01,listo
3585,ch17,du216,2026-09-04 19:32:33,qué opinan de
3586,ch02,du120,2026-09-12 02:21:15,esto no compila
3587,ch09,du066,2026-09-12 19:16:33,alguien sabe cómo
3588,ch19,du223,2026-09-18 01:31:06,revisen el canal de anuncios
3589,ch06,du115,2026-09-27 22:14:05,jaja
3590,ch16,du028,2026-09-15 18:17:25,gracias!
3591,ch23,du189,2026-09-11 12:34:08,esto no compila
3592,ch05,du252,2026-09-09 05:12:11,mañana sigo
3593,ch15,du131,2026-09-25 18:44:35,me uno en 5
3594,ch20,du262,2026-09-18 11:44:14,ya quedó el deploy
3595,ch04,du193,2026-09-05 09:19:04,listo
3596,ch06,du235,2026-09-13 13:32:53,subí el archivo
3597,ch33,du228,2026-09-05 10:10:50,subí el archivo
3598,ch29,du243,2026-09-15 10:26:52,esto no compila
3599,ch28,du252,2026-09-30 23:22:43,subí el archivo
3600,ch04,du118,2026-09-10 21:48:49,revisen el canal de anuncios
3601,ch28,du224,2026-09-27 15:08:42,revisen el canal de anuncios
3602,ch29,du051,2026-09-18 07:40:36,qué opinan de
3603,ch40,du224,2026-09-17 19:30:15,listo
3604,ch36,du068,2026-09-27 20:10:40,qué opinan de
3605,ch28,du055,2026-09-17 23:55:13,mañana sigo
3606,ch33,du035,2026-09-17 07:00:39,qué opinan de
3607,ch06,du280,2026-09-12 04:53:48,gracias!
3608,ch17,du216,2026-09-19 22:43:39,gracias!
3609,ch31,du022,2026-09-21 07:58:45,a qué hora es la reunión
3610,ch27,du212,2026-09-04 17:56:50,revisen el canal de anuncios
3611,ch18,du203,2026-09-07 10:48:25,listo
3612,ch25,du219,2026-09-17 09:48:35,revisen el canal de anuncios
3613,ch24,du117,2026-09-24 05:13:49,mañana sigo
3614,ch24,du228,2026-09-06 17:17:08,me uno en 5
3615,ch31,du171,2026-09-17 23:38:47,esto no compila
3616,ch34,du201,2026-09-05 09:56:03,gracias!
3617,ch39,du136,2026-09-25 21:03:11,a qué hora es la reunión
3618,ch32,du011,2026-09-04 19:32:24,esto no compila
3619,ch39,du289,2026-09-27 13:39:56,qué opinan de
3620,ch01,du055,2026-09-17 19:39:12,listo
3621,ch09,du066,2026-09-22 15:07:52,me uno en 5
3622,ch14,du276,2026-09-05 14:50:27,a qué hora es la reunión
3623,ch09,du095,2026-09-03 12:28:54,esto no compila
3624,ch17,du204,2026-09-08 05:43:14,jaja
3625,ch04,du013,2026-09-12 13:53:59,ya quedó el deploy
3626,ch30,du106,2026-09-06 23:54:55,jaja
3627,ch05,du020,2026-09-28 12:24:07,a qué hora es la reunión
3628,ch17,du163,2026-09-15 09:48:46,a qué hora es la reunión
3629,ch04,du035,2026-09-10 13:16:09,gracias!
3630,ch02,du037,2026-09-11 14:39:15,gracias!
3631,ch02,du181,2026-09-03 08:03:41,esto no compila
3632,ch20,du136,2026-09-27 00:31:06,a qué hora es la reunión
3633,ch16,du250,2026-09-09 22:59:33,mañana sigo
3634,ch23,du279,2026-09-16 13:25:31,jaja
3635,ch07,du162,2026-09-09 18:02:40,gracias!
3636,ch15,du044,2026-09-05 20:20:31,jaja
3637,ch09,du253,2026-09-07 18:57:20,me uno en 5
3638,ch04,du093,2026-09-22 14:23:31,ya quedó el deploy
3639,ch03,du224,2026-09-10 09:17:50,subí el archivo
3640,ch06,du221,2026-09-29 14:43:21,esto no compila
3641,ch28,du287,2026-09-20 22:49:00,revisen el canal de anuncios
3642,ch16,du285,2026-09-09 20:29:03,gracias!
3643,ch23,du029,2026-09-26 12:44:56,me uno en 5
3644,ch26,du204,2026-09-13 20:37:05,ya quedó el deploy
3645,ch24,du102,2026-09-25 08:46:28,jaja
3646,ch39,du099,2026-09-02 19:44:52,ya quedó el deploy
3647,ch19,du154,2026-09-17 21:14:41,jaja
3648,ch14,du013,2026-09-10 05:33:06,revisen el canal de anuncios
3649,ch01,du277,2026-09-20 08:38:42,alguien sabe cómo
3650,ch17,du015,2026-09-05 20:39:29,ya quedó el deploy
3651,ch21,du226,2026-09-24 17:27:40,subí el archivo
3652,ch09,du028,2026-09-19 17:53:46,a qué hora es la reunión
3653,ch05,du264,2026-09-24 13:36:43,listo
3654,ch18,du038,2026-09-23 17:33:45,ya quedó el deploy
3655,ch09,du294,2026-09-07 15:24:29,jaja
3656,ch39,du219,2026-09-08 12:36:45,a qué hora es la reunión
3657,ch35,du028,2026-09-08 20:52:12,gracias!
3658,ch24,du209,2026-09-14 12:08:17,revisen el canal de anuncios
3659,ch01,du028,2026-09-25 08:57:32,jaja
3660,ch22,du022,2026-09-07 07:15:35,alguien sabe cómo
3661,ch32,du222,2026-09-09 18:27:13,a qué hora es la reunión
3662,ch30,du100,2026-09-10 14:25:08,subí el archivo
3663,ch39,du186,2026-09-01 12:47:06,esto no compila
3664,ch29,du119,2026-09-23 17:47:30,jaja
3665,ch40,du182,2026-09-12 18:12:42,alguien sabe cómo
3666,ch02,du277,2026-09-19 22:56:17,alguien sabe cómo
3667,ch23,du164,2026-09-28 09:10:00,qué opinan de
3668,ch13,du146,2026-09-09 05:27:38,mañana sigo
3669,ch18,du036,2026-09-18 16:32:17,jaja
3670,ch36,du189,2026-09-17 20:47:57,qué opinan de
3671,ch36,du130,2026-09-17 08:47:43,revisen el canal de anuncios
3672,ch33,du289,2026-09-03 09:28:36,alguien sabe cómo
3673,ch16,du049,2026-09-16 19:18:14,mañana sigo
3674,ch22,du219,2026-09-23 16:51:34,alguien sabe cómo
3675,ch02,du265,2026-09-03 19:39:09,jaja
3676,ch28,du195,2026-09-10 21:51:43,qué opinan de
3677,ch04,du174,2026-09-20 06:25:16,mañana sigo
3678,ch01,du229,2026-09-01 12:17:22,mañana sigo
3679,ch18,du094,2026-09-09 20:25:19,me uno en 5
3680,ch19,du136,2026-09-16 08:29:58,me uno en 5
3681,ch25,du192,2026-09-14 12:05:49,ya quedó el deploy
3682,ch22,du186,2026-09-16 04:53:10,qué opinan de
3683,ch04,du061,2026-09-15 01:31:49,esto no compila
3684,ch04,du007,2026-09-08 20:03:34,gracias!
3685,ch02,du279,2026-09-09 03:21:52,a qué hora es la reunión
3686,ch16,du212,2026-09-06 17:47:54,esto no compila
3687,ch15,du043,2026-09-03 08:33:50,listo
3688,ch06,du139,2026-09-03 09:25:25,alguien sabe cómo
3689,ch20,du264,2026-09-06 09:18:31,a qué hora es la reunión
3690,ch09,du262,2026-09-03 13:45:52,mañana sigo
3691,ch19,du100,2026-09-07 02:59:40,esto no compila
3692,ch30,du003,2026-09-10 19:25:25,esto no compila
3693,ch25,du076,2026-09-28 10:31:09,ya quedó el deploy
3694,ch14,du118,2026-09-28 07:08:26,jaja
3695,ch15,du255,2026-09-28 08:05:08,listo
3696,ch30,du005,2026-09-16 10:04:24,subí el archivo
3697,ch19,du287,2026-09-26 08:42:36,mañana sigo
3698,ch21,du222,2026-09-21 20:57:32,a qué hora es la reunión
3699,ch01,du078,2026-09-15 10:29:20,a qué hora es la reunión
3700,ch05,du019,2026-09-26 14:14:25,a qué hora es la reunión
3701,ch03,du026,2026-09-26 15:50:14,alguien sabe cómo
3702,ch04,du076,2026-09-22 18:45:54,listo
3703,ch16,du172,2026-09-08 15:26:10,qué opinan de
3704,ch16,du109,2026-09-27 11:38:23,esto no compila
3705,ch34,du077,2026-09-07 19:45:54,gracias!
3706,ch24,du155,2026-09-07 08:02:02,qué opinan de
3707,ch36,du285,2026-09-17 16:17:19,gracias!
3708,ch28,du202,2026-09-20 16:39:37,qué opinan de
3709,ch25,du195,2026-09-17 16:33:00,jaja
3710,ch36,du283,2026-09-11 15:10:52,revisen el canal de anuncios
3711,ch25,du184,2026-09-23 13:49:23,listo
3712,ch31,du057,2026-09-15 12:38:59,listo
3713,ch26,du144,2026-09-14 18:52:12,subí el archivo
3714,ch02,du052,2026-09-21 13:19:43,subí el archivo
3715,ch06,du264,2026-09-12 13:48:13,esto no compila
3716,ch29,du165,2026-09-29 13:14:03,qué opinan de
3717,ch17,du026,2026-09-26 07:22:46,esto no compila
3718,ch14,du035,2026-09-05 08:48:50,jaja
3719,ch39,du272,2026-09-26 10:55:18,esto no compila
3720,ch14,du012,2026-09-22 18:15:43,listo
3721,ch09,du056,2026-09-02 12:11:45,mañana sigo
3722,ch31,du175,2026-09-21 12:53:03,revisen el canal de anuncios
3723,ch35,du078,2026-09-30 20:15:33,me uno en 5
3724,ch08,du184,2026-09-16 12:58:29,esto no compila
3725,ch21,du201,2026-09-12 19:24:21,a qué hora es la reunión
3726,ch04,du283,2026-09-07 10:53:46,me uno en 5
3727,ch07,du036,2026-09-12 08:14:40,esto no compila
3728,ch36,du188,2026-09-27 08:38:10,esto no compila
3729,ch17,du252,2026-09-05 10:06:23,ya quedó el deploy
3730,ch22,du182,2026-09-18 22:01:57,me uno en 5
3731,ch21,du241,2026-09-23 21:41:35,esto no compila
3732,ch05,du201,2026-09-15 15:11:52,mañana sigo
3733,ch36,du261,2026-09-19 21:29:21,esto no compila
3734,ch01,du003,2026-09-19 12:08:31,a qué hora es la reunión
3735,ch29,du202,2026-09-05 20:04:42,gracias!
3736,ch36,du254,2026-09-07 14:41:55,esto no compila
3737,ch27,du065,2026-09-28 23:04:48,gracias!
3738,ch32,du035,2026-09-20 10:10:03,subí el archivo
3739,ch07,du264,2026-09-25 09:12:38,me uno en 5
3740,ch13,du007,2026-09-04 10:37:01,subí el archivo
3741,ch28,du008,2026-09-10 10:30:05,esto no compila
3742,ch29,du239,2026-09-29 16:43:18,listo
3743,ch23,du279,2026-09-09 13:23:33,ya quedó el deploy
3744,ch17,du240,2026-09-11 13:11:26,listo
3745,ch33,du125,2026-09-24 09:10:14,me uno en 5
3746,ch01,du194,2026-09-26 15:50:53,alguien sabe cómo
3747,ch05,du111,2026-09-16 15:38:17,jaja
3748,ch33,du043,2026-09-10 15:55:47,mañana sigo
3749,ch02,du155,2026-09-26 12:07:53,qué opinan de
3750,ch34,du182,2026-09-04 22:03:32,jaja
3751,ch15,du251,2026-09-03 08:00:42,revisen el canal de anuncios
3752,ch22,du106,2026-09-10 09:14:04,jaja
3753,ch14,du277,2026-09-26 11:40:47,mañana sigo
3754,ch17,du294,2026-09-05 08:12:02,subí el archivo
3755,ch02,du194,2026-09-16 21:19:03,jaja
3756,ch40,du165,2026-09-26 06:10:41,esto no compila
3757,ch25,du103,2026-09-13 12:09:20,listo
3758,ch01,du271,2026-09-07 20:48:21,subí el archivo
3759,ch21,du013,2026-09-27 12:30:36,jaja
3760,ch07,du088,2026-09-12 20:07:37,listo
3761,ch35,du255,2026-09-15 10:25:09,ya quedó el deploy
3762,ch23,du050,2026-09-16 11:55:58,gracias!
3763,ch01,du106,2026-09-05 06:19:58,gracias!
3764,ch06,du071,2026-09-20 02:20:32,qué opinan de
3765,ch24,du088,2026-09-02 19:45:57,jaja
3766,ch39,du283,2026-09-22 19:43:08,esto no compila
3767,ch13,du176,2026-09-27 14:51:53,a qué hora es la reunión
3768,ch06,du050,2026-09-12 20:05:23,ya quedó el deploy
3769,ch01,du228,2026-09-13 08:20:58,mañana sigo
3770,ch16,du294,2026-09-06 19:18:19,me uno en 5
3771,ch31,du081,2026-09-14 21:39:26,jaja
3772,ch01,du186,2026-09-11 15:31:13,ya quedó el deploy
3773,ch39,du003,2026-09-18 16:40:46,me uno en 5
3774,ch06,du015,2026-09-07 17:51:36,gracias!
3775,ch31,du020,2026-09-10 06:10:34,qué opinan de
3776,ch02,du066,2026-09-04 19:35:05,listo
3777,ch28,du060,2026-09-11 19:28:44,esto no compila
3778,ch02,du082,2026-09-01 21:53:44,revisen el canal de anuncios
3779,ch28,du210,2026-09-03 09:43:26,mañana sigo
3780,ch25,du184,2026-09-28 09:17:30,esto no compila
3781,ch04,du154,2026-09-28 12:22:38,ya quedó el deploy
3782,ch14,du142,2026-09-20 08:17:00,qué opinan de
3783,ch06,du212,2026-09-19 07:55:17,jaja
3784,ch19,du059,2026-09-24 19:25:20,mañana sigo
3785,ch21,du040,2026-09-06 13:46:47,me uno en 5
3786,ch22,du111,2026-09-18 22:17:52,listo
3787,ch36,du028,2026-09-21 21:30:55,subí el archivo
3788,ch21,du012,2026-09-28 17:38:10,esto no compila
3789,ch31,du201,2026-09-01 17:43:54,ya quedó el deploy
3790,ch27,du296,2026-09-01 19:23:18,esto no compila
3791,ch02,du286,2026-09-27 22:46:26,subí el archivo
3792,ch09,du154,2026-09-24 18:30:53,ya quedó el deploy
3793,ch31,du269,2026-09-23 20:35:29,jaja
3794,ch15,du219,2026-09-12 00:48:28,mañana sigo
3795,ch02,du210,2026-09-14 20:18:18,ya quedó el deploy
3796,ch02,du260,2026-09-02 18:25:17,a qué hora es la reunión
3797,ch15,du079,2026-09-06 12:22:52,gracias!
3798,ch07,du257,2026-09-16 22:21:58,gracias!
3799,ch36,du235,2026-09-20 20:27:01,listo
3800,ch06,du173,2026-09-30 20:33:27,esto no compila
3801,ch06,du079,2026-09-18 19:46:06,revisen el canal de anuncios
3802,ch33,du208,2026-09-26 19:33:07,mañana sigo
3803,ch28,du066,2026-09-08 06:43:14,me uno en 5
3804,ch07,du050,2026-09-16 20:49:13,qué opinan de
3805,ch28,du023,2026-09-14 04:27:27,ya quedó el deploy
3806,ch31,du112,2026-09-29 09:41:03,revisen el canal de anuncios
3807,ch05,du226,2026-09-15 15:22:45,mañana sigo
3808,ch02,du282,2026-09-12 18:31:28,subí el archivo
3809,ch06,du065,2026-09-25 10:07:44,gracias!
3810,ch18,du271,2026-09-01 04:04:02,me uno en 5
3811,ch02,du085,2026-09-20 07:50:12,subí el archivo
3812,ch21,du198,2026-09-12 20:02:49,mañana sigo
3813,ch23,du234,2026-09-25 19:52:08,listo
3814,ch01,du136,2026-09-30 20:30:29,ya quedó el deploy
3815,ch01,du057,2026-09-15 18:24:16,alguien sabe cómo
3816,ch39,du157,2026-09-10 16:49:56,gracias!
3817,ch02,du244,2026-09-24 10:33:28,alguien sabe cómo
3818,ch15,du162,2026-09-15 07:12:47,mañana sigo
3819,ch28,du012,2026-09-23 08:51:34,gracias!
3820,ch17,du090,2026-09-23 17:37:05,esto no compila
3821,ch31,du267,2026-09-28 17:26:17,qué opinan de
3822,ch29,du056,2026-09-02 07:00:06,subí el archivo
3823,ch21,du119,2026-09-30 18:34:24,jaja
3824,ch28,du038,2026-09-23 07:57:28,me uno en 5
3825,ch12,du184,2026-09-03 14:48:28,revisen el canal de anuncios
3826,ch24,du114,2026-09-30 11:44:42,esto no compila
3827,ch21,du294,2026-09-12 11:43:51,qué opinan de
3828,ch31,du102,2026-09-29 15:56:39,gracias!
3829,ch01,du261,2026-09-12 18:27:28,alguien sabe cómo
3830,ch31,du104,2026-09-28 17:42:22,a qué hora es la reunión
3831,ch23,du259,2026-09-17 08:53:03,qué opinan de
3832,ch36,du120,2026-09-02 21:28:28,qué opinan de
3833,ch10,du257,2026-09-21 22:38:37,a qué hora es la reunión
3834,ch07,du013,2026-09-02 15:25:11,subí el archivo
3835,ch29,du080,2026-09-04 20:44:46,jaja
3836,ch31,du036,2026-09-26 19:18:01,listo
3837,ch25,du187,2026-09-23 17:59:26,alguien sabe cómo
3838,ch14,du105,2026-09-13 13:50:28,esto no compila
3839,ch07,du203,2026-09-14 15:50:27,ya quedó el deploy
3840,ch02,du298,2026-09-15 08:52:19,listo
3841,ch16,du082,2026-09-27 01:48:37,mañana sigo
3842,ch15,du011,2026-09-12 01:37:57,qué opinan de
3843,ch01,du099,2026-09-27 12:14:22,qué opinan de
3844,ch18,du182,2026-09-30 13:11:37,subí el archivo
3845,ch17,du229,2026-09-22 10:48:50,qué opinan de
3846,ch14,du277,2026-09-12 07:38:47,jaja
3847,ch16,du004,2026-09-29 18:08:15,ya quedó el deploy
3848,ch09,du242,2026-09-13 14:40:52,alguien sabe cómo
3849,ch17,du243,2026-09-20 14:48:35,mañana sigo
3850,ch29,du237,2026-09-18 05:49:09,listo
3851,ch29,du226,2026-09-10 09:27:45,qué opinan de
3852,ch16,du293,2026-09-01 08:52:07,alguien sabe cómo
3853,ch36,du037,2026-09-28 15:47:01,listo
3854,ch01,du210,2026-09-16 12:24:19,qué opinan de
3855,ch39,du043,2026-09-26 20:15:53,listo
3856,ch39,du222,2026-09-05 11:41:41,alguien sabe cómo
3857,ch03,du014,2026-09-03 19:10:52,me uno en 5
3858,ch34,du215,2026-09-23 12:18:56,me uno en 5
3859,ch24,du165,2026-09-09 16:11:47,subí el archivo
3860,ch24,du084,2026-09-19 10:53:13,a qué hora es la reunión
3861,ch19,du088,2026-09-06 10:30:09,jaja
3862,ch14,du062,2026-09-12 16:44:10,gracias!
3863,ch20,du171,2026-09-11 16:00:53,listo
3864,ch21,du212,2026-09-06 06:44:07,a qué hora es la reunión
3865,ch17,du236,2026-09-10 22:10:35,ya quedó el deploy
3866,ch19,du297,2026-09-13 13:27:59,ya quedó el deploy
3867,ch02,du187,2026-09-20 19:56:21,ya quedó el deploy
3868,ch36,du113,2026-09-17 17:19:28,mañana sigo
3869,ch17,du060,2026-09-18 05:09:08,gracias!
3870,ch04,du088,2026-09-25 09:30:13,jaja
3871,ch24,du149,2026-09-10 20:14:06,listo
3872,ch19,du205,2026-09-26 22:26:02,mañana sigo
3873,ch31,du162,2026-09-26 15:00:31,mañana sigo
3874,ch21,du063,2026-09-10 20:23:20,subí el archivo
3875,ch03,du282,2026-09-24 20:33:55,a qué hora es la reunión
3876,ch16,du249,2026-09-20 13:07:25,revisen el canal de anuncios
3877,ch36,du213,2026-09-18 14:25:48,revisen el canal de anuncios
3878,ch33,du043,2026-09-20 16:00:42,jaja
3879,ch05,du162,2026-09-28 14:26:54,qué opinan de
3880,ch17,du273,2026-09-24 17:44:58,jaja
3881,ch32,du210,2026-09-02 19:07:39,alguien sabe cómo
3882,ch33,du110,2026-09-06 13:45:25,alguien sabe cómo
3883,ch15,du004,2026-09-05 10:21:57,alguien sabe cómo
3884,ch04,du149,2026-09-17 15:34:03,revisen el canal de anuncios
3885,ch20,du051,2026-09-19 09:43:28,revisen el canal de anuncios
3886,ch39,du223,2026-09-15 12:57:13,me uno en 5
3887,ch13,du293,2026-09-12 19:42:01,a qué hora es la reunión
3888,ch28,du104,2026-09-23 14:00:03,a qué hora es la reunión
3889,ch13,du136,2026-09-12 17:47:01,subí el archivo
3890,ch31,du184,2026-09-20 20:25:57,alguien sabe cómo
3891,ch27,du234,2026-09-15 11:43:56,esto no compila
3892,ch11,du226,2026-09-04 14:50:35,ya quedó el deploy
3893,ch12,du117,2026-09-20 13:21:22,esto no compila
3894,ch28,du004,2026-09-14 21:45:06,revisen el canal de anuncios
3895,ch05,du262,2026-09-04 14:33:08,revisen el canal de anuncios
3896,ch22,du236,2026-09-12 20:46:50,revisen el canal de anuncios
3897,ch08,du080,2026-09-26 10:38:41,gracias!
3898,ch36,du182,2026-09-03 22:24:29,a qué hora es la reunión
3899,ch33,du106,2026-09-26 08:31:54,listo
3900,ch31,du174,2026-09-23 10:08:24,qué opinan de
3901,ch29,du282,2026-09-21 11:15:45,subí el archivo
3902,ch02,du230,2026-09-12 11:46:56,qué opinan de
3903,ch02,du128,2026-09-28 15:10:37,mañana sigo
3904,ch30,du294,2026-09-25 20:05:56,a qué hora es la reunión
3905,ch26,du221,2026-09-17 17:13:07,ya quedó el deploy
3906,ch07,du015,2026-09-08 04:40:22,revisen el canal de anuncios
3907,ch06,du221,2026-09-28 20:35:02,a qué hora es la reunión
3908,ch16,du199,2026-09-13 09:53:24,listo
3909,ch06,du012,2026-09-22 03:17:08,qué opinan de
3910,ch06,du123,2026-09-13 19:03:36,alguien sabe cómo
3911,ch14,du262,2026-09-12 13:12:16,ya quedó el deploy
3912,ch31,du064,2026-09-05 01:28:29,subí el archivo
3913,ch11,du010,2026-09-12 05:30:16,listo
3914,ch20,du212,2026-09-30 16:39:32,revisen el canal de anuncios
3915,ch36,du014,2026-09-21 09:49:19,alguien sabe cómo
3916,ch30,du144,2026-09-14 20:16:45,esto no compila
3917,ch36,du278,2026-09-10 19:46:15,subí el archivo
3918,ch16,du128,2026-09-11 12:07:22,revisen el canal de anuncios
3919,ch33,du053,2026-09-19 05:02:54,alguien sabe cómo
3920,ch01,du099,2026-09-27 20:23:56,esto no compila
3921,ch08,du236,2026-09-24 21:05:56,me uno en 5
3922,ch36,du154,2026-09-10 14:13:38,esto no compila
3923,ch05,du282,2026-09-01 08:30:27,subí el archivo
3924,ch21,du134,2026-09-24 19:15:06,mañana sigo
3925,ch28,du271,2026-09-19 16:10:48,mañana sigo
3926,ch23,du114,2026-09-10 22:40:20,ya quedó el deploy
3927,ch34,du224,2026-09-11 23:19:13,qué opinan de
3928,ch39,du155,2026-09-30 10:39:19,alguien sabe cómo
3929,ch40,du067,2026-09-05 07:16:25,qué opinan de
3930,ch12,du088,2026-09-22 09:29:47,ya quedó el deploy
3931,ch24,du293,2026-09-05 08:10:24,alguien sabe cómo
3932,ch07,du088,2026-09-13 17:46:25,esto no compila
3933,ch31,du127,2026-09-22 13:51:16,a qué hora es la reunión
3934,ch40,du289,2026-09-20 22:50:25,listo
3935,ch14,du063,2026-09-27 20:32:42,subí el archivo
3936,ch35,du120,2026-09-07 16:44:47,revisen el canal de anuncios
3937,ch36,du053,2026-09-27 19:15:58,ya quedó el deploy
3938,ch03,du140,2026-09-14 17:00:42,a qué hora es la reunión
3939,ch02,du123,2026-09-14 05:07:06,jaja
3940,ch05,du238,2026-09-03 06:27:21,esto no compila
3941,ch14,du082,2026-09-03 19:37:30,esto no compila
3942,ch17,du114,2026-09-29 09:21:24,qué opinan de
3943,ch06,du241,2026-09-26 18:29:05,alguien sabe cómo
3944,ch04,du028,2026-09-22 16:35:03,ya quedó el deploy
3945,ch15,du296,2026-09-04 20:41:51,revisen el canal de anuncios
3946,ch29,du264,2026-09-27 08:46:23,esto no compila
3947,ch04,du283,2026-09-17 06:43:54,listo
3948,ch15,du020,2026-09-09 05:09:08,jaja
3949,ch17,du077,2026-09-16 23:51:17,ya quedó el deploy
3950,ch03,du235,2026-09-29 18:37:44,esto no compila
3951,ch24,du053,2026-09-02 09:29:10,me uno en 5
3952,ch30,du036,2026-09-14 17:24:21,me uno en 5
3953,ch20,du203,2026-09-19 15:28:31,gracias!
3954,ch01,du078,2026-09-22 16:29:57,alguien sabe cómo
3955,ch14,du015,2026-09-30 13:12:44,me uno en 5
3956,ch36,du058,2026-09-14 20:21:31,mañana sigo
3957,ch26,du041,2026-09-10 18:27:26,ya quedó el deploy
3958,ch15,du117,2026-09-01 14:28:02,listo
3959,ch35,du248,2026-09-26 16:09:48,subí el archivo
3960,ch05,du172,2026-09-28 08:59:49,subí el archivo
3961,ch23,du232,2026-09-10 10:13:14,me uno en 5
3962,ch32,du273,2026-09-17 13:37:23,revisen el canal de anuncios
3963,ch20,du193,2026-09-08 11:02:23,subí el archivo
3964,ch28,du120,2026-09-11 19:04:48,ya quedó el deploy
3965,ch30,du087,2026-09-08 12:48:22,listo
3966,ch30,du174,2026-09-06 20:03:21,qué opinan de
3967,ch33,du144,2026-09-19 17:24:51,gracias!
3968,ch18,du264,2026-09-22 12:23:13,a qué hora es la reunión
3969,ch29,du228,2026-09-24 11:02:36,ya quedó el deploy
3970,ch31,du131,2026-09-30 18:05:21,listo
3971,ch09,du283,2026-09-27 19:41:26,subí el archivo
3972,ch08,du038,2026-09-14 20:30:29,ya quedó el deploy
3973,ch16,du088,2026-09-14 10:28:55,jaja
3974,ch32,du276,2026-09-18 10:35:47,listo
3975,ch24,du082,2026-09-09 17:04:15,esto no compila
3976,ch04,du003,2026-09-27 14:05:16,subí el archivo
3977,ch02,du061,2026-09-04 07:49:22,alguien sabe cómo
3978,ch20,du057,2026-09-16 04:24:26,mañana sigo
3979,ch27,du267,2026-09-01 02:02:23,listo
3980,ch18,du148,2026-09-09 04:53:16,esto no compila
3981,ch09,du237,2026-09-15 22:59:49,me uno en 5
3982,ch32,du073,2026-09-12 13:03:27,a qué hora es la reunión
3983,ch39,du014,2026-09-23 13:11:10,listo
3984,ch06,du230,2026-09-04 13:49:47,alguien sabe cómo
3985,ch36,du073,2026-09-01 09:49:48,revisen el canal de anuncios
3986,ch16,du268,2026-09-26 10:47:26,qué opinan de
3987,ch31,du133,2026-09-17 00:21:16,subí el archivo
3988,ch33,du186,2026-09-24 21:04:25,listo
3989,ch01,du149,2026-09-26 20:50:08,subí el archivo
3990,ch30,du050,2026-09-05 18:22:43,qué opinan de
3991,ch03,du184,2026-09-15 09:34:26,subí el archivo
3992,ch16,du218,2026-09-26 10:44:57,gracias!
3993,ch17,du142,2026-09-30 10:04:20,revisen el canal de anuncios
3994,ch16,du148,2026-09-19 08:57:14,revisen el canal de anuncios
3995,ch04,du229,2026-09-19 21:00:24,esto no compila
3996,ch33,du128,2026-09-18 00:12:27,listo
3997,ch27,du037,2026-09-04 12:52:06,subí el archivo
3998,ch27,du081,2026-09-07 10:42:39,qué opinan de
3999,ch15,du112,2026-09-08 09:16:11,a qué hora es la reunión
4000,ch24,du186,2026-09-01 18:23:58,jaja
4001,ch21,du274,2026-09-16 19:04:49,qué opinan de
4002,ch23,du195,2026-09-08 13:48:37,a qué hora es la reunión
4003,ch02,du247,2026-09-26 11:24:39,listo
4004,ch14,du211,2026-09-01 08:25:02,mañana sigo
4005,ch31,du030,2026-09-23 16:26:59,esto no compila
4006,ch05,du262,2026-09-28 17:26:57,qué opinan de
4007,ch31,du277,2026-09-09 20:47:02,revisen el canal de anuncios
4008,ch25,du181,2026-09-12 12:27:47,qué opinan de
4009,ch26,du076,2026-09-19 12:05:01,subí el archivo
4010,ch14,du153,2026-09-22 03:14:16,me uno en 5
4011,ch23,du016,2026-09-11 04:33:20,esto no compila
4012,ch29,du071,2026-09-17 08:43:52,subí el archivo
4013,ch01,du071,2026-09-25 15:18:50,gracias!
4014,ch09,du230,2026-09-04 19:06:26,mañana sigo
4015,ch35,du039,2026-09-08 13:28:52,gracias!
4016,ch06,du275,2026-09-06 19:17:43,jaja
4017,ch19,du280,2026-09-24 13:17:35,qué opinan de
4018,ch21,du259,2026-09-19 19:54:36,alguien sabe cómo
4019,ch39,du148,2026-09-28 06:47:06,ya quedó el deploy
4020,ch04,du128,2026-09-06 14:28:30,jaja
4021,ch14,du081,2026-09-20 17:56:06,esto no compila
4022,ch04,du279,2026-09-01 19:21:35,jaja
4023,ch21,du285,2026-09-01 06:37:53,ya quedó el deploy
4024,ch21,du220,2026-09-15 16:45:35,esto no compila
4025,ch23,du224,2026-09-14 15:12:24,mañana sigo
4026,ch01,du088,2026-09-13 18:11:49,esto no compila
4027,ch08,du011,2026-09-04 04:23:47,ya quedó el deploy
4028,ch07,du077,2026-09-27 16:19:45,subí el archivo
4029,ch04,du238,2026-09-15 11:05:39,a qué hora es la reunión
4030,ch17,du125,2026-09-19 03:52:41,subí el archivo
4031,ch39,du074,2026-09-08 17:44:38,esto no compila
4032,ch25,du295,2026-09-04 00:33:57,subí el archivo
4033,ch35,du253,2026-09-05 13:14:50,mañana sigo
4034,ch08,du236,2026-09-10 20:54:14,esto no compila
4035,ch03,du201,2026-09-14 11:16:08,alguien sabe cómo
4036,ch17,du275,2026-09-12 07:13:27,jaja
4037,ch39,du057,2026-09-30 02:06:56,revisen el canal de anuncios
4038,ch08,du026,2026-09-26 12:09:07,a qué hora es la reunión
4039,ch04,du242,2026-09-17 21:36:26,a qué hora es la reunión
4040,ch07,du186,2026-09-17 11:47:23,mañana sigo
4041,ch37,du038,2026-09-24 05:59:37,listo
4042,ch36,du080,2026-09-08 19:09:37,subí el archivo
4043,ch02,du038,2026-09-06 10:02:21,me uno en 5
4044,ch02,du028,2026-09-28 19:27:51,ya quedó el deploy
4045,ch24,du053,2026-09-05 09:17:31,gracias!
4046,ch14,du216,2026-09-30 08:55:29,alguien sabe cómo
4047,ch04,du036,2026-09-07 21:20:10,revisen el canal de anuncios
4048,ch29,du267,2026-09-01 12:07:13,subí el archivo
4049,ch17,du191,2026-09-23 17:40:13,a qué hora es la reunión
4050,ch39,du044,2026-09-12 18:01:49,ya quedó el deploy
4051,ch05,du228,2026-09-28 15:27:54,subí el archivo
4052,ch03,du275,2026-09-13 12:07:31,revisen el canal de anuncios
4053,ch35,du079,2026-09-04 20:41:27,me uno en 5
4054,ch28,du264,2026-09-14 17:03:01,listo
4055,ch21,du135,2026-09-23 21:40:30,esto no compila
4056,ch18,du244,2026-09-07 18:16:58,revisen el canal de anuncios
4057,ch02,du181,2026-09-11 12:20:28,qué opinan de
4058,ch32,du131,2026-09-18 15:12:07,ya quedó el deploy
4059,ch35,du189,2026-09-30 23:24:20,alguien sabe cómo
4060,ch03,du012,2026-09-14 20:12:28,listo
4061,ch34,du010,2026-09-03 18:14:26,subí el archivo
4062,ch33,du266,2026-09-27 23:50:04,esto no compila
4063,ch16,du182,2026-09-07 12:41:28,jaja
4064,ch02,du297,2026-09-24 06:20:38,a qué hora es la reunión
4065,ch29,du026,2026-09-04 20:55:35,alguien sabe cómo
4066,ch33,du043,2026-09-27 07:24:14,gracias!
4067,ch12,du124,2026-09-05 05:18:17,subí el archivo
4068,ch20,du189,2026-09-30 22:05:49,jaja
4069,ch23,du250,2026-09-05 18:16:14,esto no compila
4070,ch23,du106,2026-09-11 14:52:01,revisen el canal de anuncios
4071,ch23,du246,2026-09-23 06:01:10,alguien sabe cómo
4072,ch23,du195,2026-09-28 23:44:34,qué opinan de
4073,ch36,du193,2026-09-03 17:54:38,me uno en 5
4074,ch14,du125,2026-09-07 13:58:39,jaja
4075,ch31,du278,2026-09-06 09:35:40,gracias!
4076,ch02,du186,2026-09-06 15:47:14,qué opinan de
4077,ch25,du269,2026-09-10 11:37:38,gracias!
4078,ch05,du135,2026-09-19 11:32:01,mañana sigo
4079,ch19,du003,2026-09-06 22:44:19,revisen el canal de anuncios
4080,ch33,du169,2026-09-13 17:10:30,me uno en 5
4081,ch05,du139,2026-09-29 06:31:16,mañana sigo
4082,ch08,du004,2026-09-12 12:57:02,esto no compila
4083,ch19,du112,2026-09-16 16:58:48,me uno en 5
4084,ch18,du112,2026-09-28 22:28:41,alguien sabe cómo
4085,ch07,du124,2026-09-30 18:01:20,ya quedó el deploy
4086,ch24,du043,2026-09-04 15:13:04,gracias!
4087,ch25,du088,2026-09-22 17:44:20,alguien sabe cómo
4088,ch16,du180,2026-09-01 14:39:11,esto no compila
4089,ch31,du068,2026-09-07 16:16:44,alguien sabe cómo
4090,ch29,du273,2026-09-02 13:16:43,listo
4091,ch31,du287,2026-09-22 19:40:32,revisen el canal de anuncios
4092,ch39,du241,2026-09-12 17:27:27,gracias!
4093,ch35,du026,2026-09-24 18:28:36,esto no compila
4094,ch16,du202,2026-09-20 19:23:50,ya quedó el deploy
4095,ch34,du239,2026-09-18 14:47:24,jaja
4096,ch14,du200,2026-09-24 03:38:31,subí el archivo
4097,ch17,du262,2026-09-22 17:35:50,revisen el canal de anuncios
4098,ch37,du060,2026-09-04 05:40:39,esto no compila
4099,ch15,du080,2026-09-05 08:19:35,revisen el canal de anuncios
4100,ch13,du081,2026-09-09 18:28:10,gracias!
4101,ch04,du003,2026-09-12 19:20:54,alguien sabe cómo
4102,ch21,du128,2026-09-16 18:50:30,revisen el canal de anuncios
4103,ch15,du029,2026-09-06 07:41:03,listo
4104,ch25,du044,2026-09-01 12:13:06,a qué hora es la reunión
4105,ch05,du255,2026-09-15 21:04:59,alguien sabe cómo
4106,ch02,du239,2026-09-29 11:17:32,a qué hora es la reunión
4107,ch02,du088,2026-09-19 11:38:52,jaja
4108,ch39,du149,2026-09-04 10:48:33,listo
4109,ch06,du276,2026-09-16 20:33:22,qué opinan de
4110,ch06,du220,2026-09-30 07:57:54,listo
4111,ch15,du142,2026-09-01 08:24:56,alguien sabe cómo
4112,ch24,du170,2026-09-14 19:59:34,gracias!
4113,ch16,du248,2026-09-02 18:10:17,subí el archivo
4114,ch40,du084,2026-09-15 15:34:52,ya quedó el deploy
4115,ch18,du204,2026-09-14 10:08:53,mañana sigo
4116,ch27,du209,2026-09-27 17:23:10,listo
4117,ch18,du128,2026-09-13 23:29:45,jaja
4118,ch05,du020,2026-09-22 06:47:01,ya quedó el deploy
4119,ch01,du239,2026-09-22 03:32:18,esto no compila
4120,ch21,du154,2026-09-24 11:19:06,gracias!
4121,ch03,du031,2026-09-07 19:17:09,me uno en 5
4122,ch18,du018,2026-09-02 09:11:13,a qué hora es la reunión
4123,ch08,du288,2026-09-27 18:26:27,me uno en 5
4124,ch28,du105,2026-09-27 12:29:31,me uno en 5
4125,ch24,du185,2026-09-05 12:32:10,ya quedó el deploy
4126,ch03,du136,2026-09-15 06:53:48,jaja
4127,ch27,du208,2026-09-06 18:29:36,mañana sigo
4128,ch34,du203,2026-09-29 19:51:45,qué opinan de
4129,ch24,du139,2026-09-22 20:46:44,ya quedó el deploy
4130,ch31,du186,2026-09-23 12:02:25,subí el archivo
4131,ch24,du109,2026-09-15 08:00:57,a qué hora es la reunión
4132,ch16,du061,2026-09-21 22:36:29,me uno en 5
4133,ch24,du192,2026-09-29 02:27:10,ya quedó el deploy
4134,ch18,du250,2026-09-06 17:04:24,a qué hora es la reunión
4135,ch39,du030,2026-09-06 21:53:51,mañana sigo
4136,ch17,du283,2026-09-20 04:59:04,revisen el canal de anuncios
4137,ch26,du066,2026-09-20 03:00:06,gracias!
4138,ch06,du235,2026-09-01 12:45:43,mañana sigo
4139,ch05,du269,2026-09-18 13:48:07,gracias!
4140,ch20,du029,2026-09-01 20:35:44,ya quedó el deploy
4141,ch23,du144,2026-09-25 21:53:26,listo
4142,ch23,du106,2026-09-16 14:27:35,ya quedó el deploy
4143,ch02,du120,2026-09-13 11:56:04,a qué hora es la reunión
4144,ch15,du264,2026-09-05 15:12:10,a qué hora es la reunión
4145,ch39,du242,2026-09-18 13:10:44,qué opinan de
4146,ch24,du276,2026-09-02 07:17:38,gracias!
4147,ch07,du014,2026-09-23 06:54:08,mañana sigo
4148,ch32,du134,2026-09-16 10:22:57,alguien sabe cómo
4149,ch39,du280,2026-09-22 22:39:05,ya quedó el deploy
4150,ch29,du043,2026-09-17 11:48:55,mañana sigo
4151,ch02,du136,2026-09-19 10:20:00,a qué hora es la reunión
4152,ch03,du040,2026-09-10 05:00:22,revisen el canal de anuncios
4153,ch25,du289,2026-09-29 19:18:49,alguien sabe cómo
4154,ch09,du262,2026-09-11 03:33:49,a qué hora es la reunión
4155,ch06,du131,2026-09-16 15:45:17,gracias!
4156,ch09,du136,2026-09-22 07:25:33,esto no compila
4157,ch25,du056,2026-09-26 17:46:55,revisen el canal de anuncios
4158,ch23,du283,2026-09-08 18:32:42,qué opinan de
4159,ch20,du226,2026-09-04 19:37:30,jaja
4160,ch07,du073,2026-09-26 00:30:37,a qué hora es la reunión
4161,ch03,du066,2026-09-26 19:04:07,listo
4162,ch28,du236,2026-09-07 07:45:39,gracias!
4163,ch33,du115,2026-09-19 12:48:18,subí el archivo
4164,ch32,du267,2026-09-30 21:42:46,revisen el canal de anuncios
4165,ch29,du238,2026-09-15 12:32:43,subí el archivo
4166,ch14,du157,2026-09-24 18:43:33,a qué hora es la reunión
4167,ch32,du002,2026-09-01 09:13:28,subí el archivo
4168,ch39,du056,2026-09-09 18:44:50,listo
4169,ch18,du082,2026-09-22 12:10:05,revisen el canal de anuncios
4170,ch28,du179,2026-09-04 19:00:39,me uno en 5
4171,ch05,du016,2026-09-21 20:10:30,me uno en 5
4172,ch15,du078,2026-09-10 06:31:13,subí el archivo
4173,ch20,du084,2026-09-17 18:13:43,revisen el canal de anuncios
4174,ch33,du054,2026-09-15 21:10:32,me uno en 5
4175,ch12,du095,2026-09-26 16:22:37,a qué hora es la reunión
4176,ch11,du202,2026-09-12 06:59:20,ya quedó el deploy
4177,ch21,du016,2026-09-24 21:51:24,listo
4178,ch39,du210,2026-09-09 21:38:36,alguien sabe cómo
4179,ch22,du280,2026-09-09 17:15:10,qué opinan de
4180,ch28,du221,2026-09-29 20:08:13,alguien sabe cómo
4181,ch33,du076,2026-09-05 17:30:14,ya quedó el deploy
4182,ch03,du201,2026-09-03 15:15:12,ya quedó el deploy
4183,ch19,du272,2026-09-30 10:16:25,jaja
4184,ch36,du017,2026-09-09 18:14:43,alguien sabe cómo
4185,ch02,du060,2026-09-18 12:09:58,revisen el canal de anuncios
4186,ch35,du248,2026-09-23 14:43:12,me uno en 5
4187,ch12,du035,2026-09-27 09:28:43,esto no compila
4188,ch14,du176,2026-09-21 13:52:15,revisen el canal de anuncios
4189,ch36,du119,2026-09-20 15:06:46,mañana sigo
4190,ch07,du030,2026-09-16 12:27:22,a qué hora es la reunión
4191,ch26,du067,2026-09-24 14:44:22,alguien sabe cómo
4192,ch29,du230,2026-09-19 18:42:08,alguien sabe cómo
4193,ch02,du011,2026-09-19 19:15:55,qué opinan de
4194,ch21,du019,2026-09-16 10:15:59,subí el archivo
4195,ch14,du061,2026-09-16 23:36:39,esto no compila
4196,ch06,du100,2026-09-23 08:43:34,a qué hora es la reunión
4197,ch33,du062,2026-09-17 18:14:11,me uno en 5
4198,ch29,du122,2026-09-18 14:24:10,gracias!
4199,ch24,du010,2026-09-09 13:59:20,a qué hora es la reunión
4200,ch36,du005,2026-09-26 19:49:00,qué opinan de
4201,ch31,du245,2026-09-10 08:09:35,esto no compila
4202,ch31,du090,2026-09-26 13:57:15,a qué hora es la reunión
4203,ch20,du011,2026-09-05 16:33:12,mañana sigo
4204,ch34,du212,2026-09-03 23:25:23,subí el archivo
4205,ch27,du006,2026-09-29 09:37:58,revisen el canal de anuncios
4206,ch01,du071,2026-09-12 15:08:57,mañana sigo
4207,ch15,du283,2026-09-15 17:07:46,revisen el canal de anuncios
4208,ch30,du027,2026-09-10 16:33:34,jaja
4209,ch06,du183,2026-09-19 20:45:21,me uno en 5
4210,ch12,du142,2026-09-07 18:58:31,esto no compila
4211,ch39,du104,2026-09-02 04:25:02,mañana sigo
4212,ch32,du293,2026-09-22 22:42:11,revisen el canal de anuncios
4213,ch06,du041,2026-09-17 12:50:40,me uno en 5
4214,ch12,du084,2026-09-16 13:04:55,a qué hora es la reunión
4215,ch33,du173,2026-09-15 16:19:32,jaja
4216,ch39,du104,2026-09-24 20:47:55,listo
4217,ch16,du295,2026-09-07 07:06:54,me uno en 5
4218,ch16,du101,2026-09-08 05:34:08,me uno en 5
4219,ch24,du255,2026-09-22 18:48:22,subí el archivo
4220,ch21,du236,2026-09-25 06:34:30,ya quedó el deploy
4221,ch21,du125,2026-09-20 20:50:12,subí el archivo
4222,ch16,du131,2026-09-21 10:47:44,jaja
4223,ch31,du144,2026-09-29 15:10:30,jaja
4224,ch05,du028,2026-09-09 15:10:45,jaja
4225,ch32,du223,2026-09-22 19:12:56,revisen el canal de anuncios
4226,ch09,du250,2026-09-12 14:26:01,listo
4227,ch17,du238,2026-09-10 18:20:57,listo
4228,ch01,du032,2026-09-28 09:14:16,jaja
4229,ch02,du182,2026-09-16 12:28:17,alguien sabe cómo
4230,ch28,du095,2026-09-20 12:16:31,listo
4231,ch39,du008,2026-09-30 11:22:35,qué opinan de
4232,ch09,du029,2026-09-19 10:10:49,a qué hora es la reunión
4233,ch31,du231,2026-09-05 20:26:40,a qué hora es la reunión
4234,ch02,du245,2026-09-25 16:59:30,listo
4235,ch29,du064,2026-09-20 13:05:09,a qué hora es la reunión
4236,ch29,du181,2026-09-26 18:02:46,ya quedó el deploy
4237,ch19,du262,2026-09-18 07:42:39,a qué hora es la reunión
4238,ch24,du032,2026-09-29 16:27:27,me uno en 5
4239,ch25,du010,2026-09-30 08:20:10,me uno en 5
4240,ch14,du228,2026-09-25 15:10:36,qué opinan de
4241,ch28,du117,2026-09-26 01:38:41,listo
4242,ch33,du005,2026-09-22 20:55:38,esto no compila
4243,ch09,du192,2026-09-06 16:19:25,gracias!
4244,ch06,du015,2026-09-21 17:56:06,a qué hora es la reunión
4245,ch04,du081,2026-09-28 13:14:52,a qué hora es la reunión
4246,ch24,du084,2026-09-07 20:42:33,esto no compila
4247,ch27,du043,2026-09-26 18:30:08,jaja
4248,ch32,du236,2026-09-30 04:19:25,listo
4249,ch16,du191,2026-09-02 06:42:21,ya quedó el deploy
4250,ch16,du079,2026-09-12 09:02:21,ya quedó el deploy
4251,ch25,du019,2026-09-14 18:40:30,mañana sigo
4252,ch28,du204,2026-09-26 08:20:43,esto no compila
4253,ch33,du234,2026-09-26 19:53:01,jaja
4254,ch33,du029,2026-09-15 09:33:39,revisen el canal de anuncios
4255,ch29,du172,2026-09-05 10:25:28,a qué hora es la reunión
4256,ch39,du022,2026-09-04 15:25:37,me uno en 5
4257,ch04,du210,2026-09-04 22:49:09,alguien sabe cómo
4258,ch36,du014,2026-09-26 08:53:38,gracias!
4259,ch07,du053,2026-09-18 06:08:34,listo
4260,ch09,du210,2026-09-16 11:32:14,jaja
4261,ch21,du056,2026-09-17 06:54:45,subí el archivo
4262,ch16,du222,2026-09-05 09:23:47,listo
4263,ch07,du215,2026-09-25 10:28:04,revisen el canal de anuncios
4264,ch23,du122,2026-09-01 15:36:55,jaja
4265,ch01,du202,2026-09-29 18:12:26,subí el archivo
4266,ch09,du255,2026-09-18 17:10:24,gracias!
4267,ch19,du247,2026-09-19 20:02:44,gracias!
4268,ch24,du082,2026-09-01 05:29:39,gracias!
4269,ch17,du166,2026-09-09 07:31:14,a qué hora es la reunión
4270,ch40,du199,2026-09-19 17:12:36,gracias!
4271,ch35,du197,2026-09-10 20:51:41,subí el archivo
4272,ch28,du154,2026-09-28 22:37:23,listo
4273,ch33,du038,2026-09-25 11:14:22,gracias!
4274,ch02,du080,2026-09-19 16:24:11,jaja
4275,ch32,du003,2026-09-26 08:04:14,a qué hora es la reunión
4276,ch17,du053,2026-09-06 19:44:10,ya quedó el deploy
4277,ch23,du038,2026-09-03 10:52:55,a qué hora es la reunión
4278,ch23,du115,2026-09-08 10:22:38,ya quedó el deploy
4279,ch07,du218,2026-09-28 11:13:29,qué opinan de
4280,ch21,du189,2026-09-03 07:16:49,esto no compila
4281,ch33,du231,2026-09-19 19:03:10,subí el archivo
4282,ch30,du121,2026-09-05 13:57:41,ya quedó el deploy
4283,ch03,du003,2026-09-05 07:49:29,jaja
4284,ch32,du215,2026-09-25 21:47:46,alguien sabe cómo
4285,ch21,du204,2026-09-12 13:42:39,ya quedó el deploy
4286,ch01,du078,2026-09-16 23:19:40,ya quedó el deploy
4287,ch25,du221,2026-09-13 07:40:25,qué opinan de
4288,ch17,du063,2026-09-27 11:32:43,alguien sabe cómo
4289,ch20,du159,2026-09-15 20:15:33,jaja
4290,ch25,du013,2026-09-18 04:33:05,mañana sigo
4291,ch36,du228,2026-09-18 14:45:53,jaja
4292,ch36,du213,2026-09-14 07:33:44,mañana sigo
4293,ch17,du067,2026-09-09 12:47:35,ya quedó el deploy
4294,ch15,du135,2026-09-08 11:24:55,jaja
4295,ch26,du057,2026-09-04 11:22:37,a qué hora es la reunión
4296,ch15,du038,2026-09-01 15:52:13,ya quedó el deploy
4297,ch01,du294,2026-09-24 09:29:19,ya quedó el deploy
4298,ch33,du165,2026-09-08 02:37:56,a qué hora es la reunión
4299,ch29,du292,2026-09-14 17:21:31,revisen el canal de anuncios
4300,ch12,du290,2026-09-01 07:02:49,mañana sigo
4301,ch09,du135,2026-09-11 17:38:03,me uno en 5
4302,ch33,du287,2026-09-21 15:32:03,revisen el canal de anuncios
4303,ch17,du280,2026-09-22 11:25:57,ya quedó el deploy
4304,ch39,du034,2026-09-17 16:24:17,listo
4305,ch35,du125,2026-09-14 08:04:28,listo
4306,ch08,du169,2026-09-17 17:49:19,mañana sigo
4307,ch29,du208,2026-09-06 19:15:33,jaja
4308,ch39,du133,2026-09-15 09:57:03,listo
4309,ch25,du128,2026-09-22 11:18:26,subí el archivo
4310,ch01,du187,2026-09-23 19:08:09,esto no compila
4311,ch35,du250,2026-09-15 05:18:17,revisen el canal de anuncios
4312,ch16,du294,2026-09-08 17:50:36,qué opinan de
4313,ch19,du012,2026-09-15 12:53:27,revisen el canal de anuncios
4314,ch02,du144,2026-09-22 12:36:04,alguien sabe cómo
4315,ch02,du223,2026-09-21 19:06:28,a qué hora es la reunión
4316,ch32,du018,2026-09-22 18:47:05,alguien sabe cómo
4317,ch03,du076,2026-09-14 09:19:52,me uno en 5
4318,ch09,du296,2026-09-02 09:57:26,gracias!
4319,ch06,du125,2026-09-11 13:17:14,a qué hora es la reunión
4320,ch32,du230,2026-09-11 11:17:17,mañana sigo
4321,ch04,du088,2026-09-09 01:57:37,listo
4322,ch24,du201,2026-09-18 11:42:44,esto no compila
4323,ch01,du161,2026-09-19 19:38:30,gracias!
4324,ch33,du198,2026-09-26 17:42:22,esto no compila
4325,ch04,du195,2026-09-26 21:57:16,mañana sigo
4326,ch04,du099,2026-09-10 13:42:43,ya quedó el deploy
4327,ch03,du171,2026-09-21 23:59:27,qué opinan de
4328,ch17,du106,2026-09-23 12:40:13,a qué hora es la reunión
4329,ch34,du192,2026-09-12 16:19:10,mañana sigo
4330,ch24,du138,2026-09-03 14:46:02,listo
4331,ch29,du215,2026-09-21 20:56:27,esto no compila
4332,ch31,du092,2026-09-16 09:39:33,gracias!
4333,ch35,du151,2026-09-22 13:50:41,alguien sabe cómo
4334,ch09,du135,2026-09-20 12:22:49,esto no compila
4335,ch08,du096,2026-09-18 13:48:57,mañana sigo
4336,ch40,du173,2026-09-18 12:56:37,qué opinan de
4337,ch19,du213,2026-09-15 12:18:05,a qué hora es la reunión
4338,ch21,du025,2026-09-06 22:23:02,ya quedó el deploy
4339,ch07,du012,2026-09-04 06:06:05,revisen el canal de anuncios
4340,ch24,du054,2026-09-27 14:39:20,jaja
4341,ch28,du109,2026-09-25 11:16:35,jaja
4342,ch39,du273,2026-09-27 14:58:33,listo
4343,ch36,du022,2026-09-16 12:13:15,revisen el canal de anuncios
4344,ch23,du057,2026-09-15 02:56:26,esto no compila
4345,ch01,du293,2026-09-06 08:57:18,me uno en 5
4346,ch23,du269,2026-09-19 09:21:35,me uno en 5
4347,ch23,du234,2026-09-26 08:41:37,listo
4348,ch20,du253,2026-09-14 15:40:11,a qué hora es la reunión
4349,ch39,du075,2026-09-14 09:15:06,a qué hora es la reunión
4350,ch20,du029,2026-09-28 18:25:32,esto no compila
4351,ch35,du173,2026-09-20 13:37:02,listo
4352,ch36,du279,2026-09-16 22:00:08,listo
4353,ch18,du065,2026-09-25 16:07:51,mañana sigo
4354,ch06,du256,2026-09-07 19:20:03,me uno en 5
4355,ch18,du164,2026-09-23 08:04:42,a qué hora es la reunión
4356,ch01,du203,2026-09-11 05:46:36,ya quedó el deploy
4357,ch27,du171,2026-09-13 11:25:53,esto no compila
4358,ch19,du102,2026-09-04 16:52:21,subí el archivo
4359,ch05,du022,2026-09-20 21:04:31,qué opinan de
4360,ch01,du094,2026-09-13 15:38:31,listo
4361,ch16,du271,2026-09-14 14:03:23,mañana sigo
4362,ch07,du280,2026-09-07 18:56:29,a qué hora es la reunión
4363,ch01,du221,2026-09-08 18:19:46,esto no compila
4364,ch21,du204,2026-09-25 11:07:38,subí el archivo
4365,ch12,du015,2026-09-15 18:58:31,ya quedó el deploy
4366,ch35,du283,2026-09-05 11:19:33,jaja
4367,ch39,du148,2026-09-06 20:03:33,esto no compila
4368,ch24,du135,2026-09-25 17:10:45,ya quedó el deploy
4369,ch23,du014,2026-09-23 16:00:35,ya quedó el deploy
4370,ch36,du104,2026-09-15 05:12:11,revisen el canal de anuncios
4371,ch25,du028,2026-09-16 10:53:34,qué opinan de
4372,ch12,du138,2026-09-29 07:51:27,a qué hora es la reunión
4373,ch28,du165,2026-09-29 12:52:35,esto no compila
4374,ch04,du068,2026-09-27 09:13:24,esto no compila
4375,ch22,du230,2026-09-17 17:46:14,alguien sabe cómo
4376,ch36,du278,2026-09-19 19:01:11,esto no compila
4377,ch12,du154,2026-09-27 14:49:02,gracias!
4378,ch36,du149,2026-09-02 17:38:33,a qué hora es la reunión
4379,ch31,du095,2026-09-29 19:57:46,alguien sabe cómo
4380,ch39,du011,2026-09-24 19:54:56,revisen el canal de anuncios
4381,ch23,du106,2026-09-12 19:32:18,qué opinan de
4382,ch23,du257,2026-09-14 12:40:12,ya quedó el deploy
4383,ch39,du155,2026-09-22 06:22:20,mañana sigo
4384,ch04,du041,2026-09-12 21:39:56,listo
4385,ch31,du172,2026-09-24 18:18:05,revisen el canal de anuncios
4386,ch24,du123,2026-09-03 18:44:22,ya quedó el deploy
4387,ch32,du260,2026-09-04 06:31:31,me uno en 5
4388,ch31,du020,2026-09-11 04:27:02,gracias!
4389,ch09,du202,2026-09-14 04:43:16,qué opinan de
4390,ch22,du189,2026-09-26 12:11:04,esto no compila
4391,ch32,du165,2026-09-17 16:20:19,me uno en 5
4392,ch03,du192,2026-09-21 21:56:29,listo
4393,ch27,du285,2026-09-27 13:22:42,a qué hora es la reunión
4394,ch01,du186,2026-09-10 14:45:34,mañana sigo
4395,ch16,du255,2026-09-25 10:37:29,esto no compila
4396,ch23,du114,2026-09-10 10:02:56,me uno en 5
4397,ch23,du086,2026-09-21 17:35:03,esto no compila
4398,ch19,du121,2026-09-03 19:42:24,me uno en 5
4399,ch16,du117,2026-09-14 14:09:55,gracias!
4400,ch23,du137,2026-09-03 19:25:37,esto no compila
4401,ch07,du234,2026-09-16 08:45:38,jaja
4402,ch36,du026,2026-09-17 14:33:51,alguien sabe cómo
4403,ch26,du086,2026-09-08 15:00:08,listo
4404,ch01,du195,2026-09-25 11:06:41,jaja
4405,ch09,du157,2026-09-29 16:41:55,a qué hora es la reunión
4406,ch01,du001,2026-09-16 19:16:42,ya quedó el deploy
4407,ch09,du180,2026-09-24 21:35:17,a qué hora es la reunión
4408,ch23,du138,2026-09-23 09:15:49,mañana sigo
4409,ch18,du130,2026-09-09 09:03:46,jaja
4410,ch14,du215,2026-09-26 19:19:39,qué opinan de
4411,ch05,du238,2026-09-26 05:43:13,jaja
4412,ch02,du135,2026-09-22 06:08:38,alguien sabe cómo
4413,ch20,du285,2026-09-26 19:44:47,gracias!
4414,ch17,du253,2026-09-12 15:51:03,listo
4415,ch35,du012,2026-09-08 09:04:39,revisen el canal de anuncios
4416,ch07,du255,2026-09-15 17:22:07,qué opinan de
4417,ch23,du230,2026-09-29 18:58:34,qué opinan de
4418,ch29,du007,2026-09-24 14:25:32,mañana sigo
4419,ch38,du027,2026-09-29 18:01:05,alguien sabe cómo
4420,ch24,du115,2026-09-02 09:44:17,gracias!
4421,ch04,du261,2026-09-14 17:07:45,revisen el canal de anuncios
4422,ch32,du134,2026-09-18 12:48:16,alguien sabe cómo
4423,ch06,du171,2026-09-23 21:31:31,qué opinan de
4424,ch29,du151,2026-09-13 18:48:56,mañana sigo
4425,ch33,du236,2026-09-26 19:51:53,listo
4426,ch36,du220,2026-09-13 15:47:17,alguien sabe cómo
4427,ch02,du084,2026-09-09 23:17:54,a qué hora es la reunión
4428,ch23,du138,2026-09-14 17:36:46,esto no compila
4429,ch02,du229,2026-09-22 15:24:47,qué opinan de
4430,ch02,du155,2026-09-11 08:01:37,gracias!
4431,ch31,du078,2026-09-21 14:08:58,mañana sigo
4432,ch01,du010,2026-09-02 21:14:39,a qué hora es la reunión
4433,ch26,du133,2026-09-19 22:07:01,listo
4434,ch37,du255,2026-09-07 06:20:54,gracias!
4435,ch04,du289,2026-09-23 08:20:30,qué opinan de
4436,ch25,du065,2026-09-29 21:16:22,subí el archivo
4437,ch01,du297,2026-09-30 20:53:14,subí el archivo
4438,ch03,du131,2026-09-23 20:47:38,alguien sabe cómo
4439,ch17,du102,2026-09-22 16:09:33,mañana sigo
4440,ch04,du091,2026-09-14 18:41:26,me uno en 5
4441,ch35,du264,2026-09-05 15:47:02,a qué hora es la reunión
4442,ch29,du293,2026-09-24 13:59:34,mañana sigo
4443,ch18,du145,2026-09-19 22:26:21,revisen el canal de anuncios
4444,ch04,du080,2026-09-06 08:11:33,subí el archivo
4445,ch19,du271,2026-09-13 04:44:34,revisen el canal de anuncios
4446,ch25,du052,2026-09-24 07:02:51,revisen el canal de anuncios
4447,ch33,du251,2026-09-24 10:13:08,alguien sabe cómo
4448,ch39,du276,2026-09-03 19:02:50,ya quedó el deploy
4449,ch23,du285,2026-09-04 11:09:18,me uno en 5
4450,ch16,du028,2026-09-08 13:58:27,mañana sigo
4451,ch26,du242,2026-09-09 13:22:25,a qué hora es la reunión
4452,ch32,du266,2026-09-21 21:51:07,ya quedó el deploy
4453,ch31,du112,2026-09-29 13:31:01,gracias!
4454,ch04,du264,2026-09-29 17:32:30,qué opinan de
4455,ch03,du038,2026-09-27 20:06:41,listo
4456,ch18,du234,2026-09-18 07:30:03,qué opinan de
4457,ch01,du089,2026-09-12 19:09:49,alguien sabe cómo
4458,ch32,du182,2026-09-30 05:24:24,jaja
4459,ch29,du085,2026-09-14 20:57:07,a qué hora es la reunión
4460,ch03,du022,2026-09-27 12:44:24,me uno en 5
4461,ch14,du121,2026-09-30 08:24:20,mañana sigo
4462,ch20,du082,2026-09-20 13:53:00,listo
4463,ch29,du165,2026-09-26 15:36:32,me uno en 5
4464,ch32,du228,2026-09-17 18:34:47,revisen el canal de anuncios
4465,ch09,du139,2026-09-11 09:50:12,ya quedó el deploy
4466,ch28,du106,2026-09-06 16:21:39,subí el archivo
4467,ch28,du068,2026-09-04 06:50:21,gracias!
4468,ch18,du101,2026-09-21 06:09:24,revisen el canal de anuncios
4469,ch08,du247,2026-09-07 22:05:09,esto no compila
4470,ch04,du080,2026-09-04 21:41:11,qué opinan de
4471,ch18,du076,2026-09-12 18:24:00,mañana sigo
4472,ch31,du086,2026-09-20 21:44:55,me uno en 5
4473,ch16,du222,2026-09-18 18:28:48,me uno en 5
4474,ch31,du154,2026-09-15 16:20:42,listo
4475,ch04,du161,2026-09-02 17:46:25,alguien sabe cómo
4476,ch05,du026,2026-09-27 09:11:46,listo
4477,ch16,du132,2026-09-28 15:37:04,ya quedó el deploy
4478,ch23,du029,2026-09-17 05:53:58,listo
4479,ch17,du220,2026-09-17 13:09:40,esto no compila
4480,ch28,du053,2026-09-18 09:42:33,revisen el canal de anuncios
4481,ch39,du152,2026-09-18 09:43:43,qué opinan de
4482,ch04,du134,2026-09-03 21:50:16,gracias!
4483,ch35,du222,2026-09-30 08:07:50,jaja
4484,ch39,du203,2026-09-15 21:26:40,qué opinan de
4485,ch33,du118,2026-09-04 20:48:55,esto no compila
4486,ch36,du083,2026-09-09 17:17:31,alguien sabe cómo
4487,ch20,du044,2026-09-29 14:42:37,jaja
4488,ch02,du235,2026-09-11 13:28:04,qué opinan de
4489,ch02,du107,2026-09-24 11:04:54,subí el archivo
4490,ch01,du247,2026-09-01 19:25:58,mañana sigo
4491,ch39,du182,2026-09-07 06:06:10,subí el archivo
4492,ch22,du003,2026-09-15 18:49:10,subí el archivo
4493,ch02,du222,2026-09-02 09:04:08,gracias!
4494,ch31,du159,2026-09-01 22:17:12,listo
4495,ch31,du117,2026-09-19 16:25:40,listo
4496,ch23,du220,2026-09-15 17:26:22,mañana sigo
4497,ch32,du101,2026-09-14 20:32:48,listo
4498,ch17,du250,2026-09-18 19:43:01,subí el archivo
4499,ch05,du174,2026-09-07 16:43:30,listo
4500,ch34,du086,2026-09-21 12:50:12,mañana sigo
4501,ch14,du101,2026-09-20 10:45:38,a qué hora es la reunión
4502,ch17,du120,2026-09-28 17:53:08,listo
4503,ch14,du063,2026-09-27 19:16:35,subí el archivo
4504,ch05,du239,2026-09-14 10:24:56,esto no compila
4505,ch05,du128,2026-09-30 17:27:17,alguien sabe cómo
4506,ch25,du118,2026-09-13 06:32:53,revisen el canal de anuncios
4507,ch33,du099,2026-09-16 07:51:54,revisen el canal de anuncios
4508,ch17,du229,2026-09-07 16:12:04,me uno en 5
4509,ch21,du037,2026-09-20 12:12:35,me uno en 5
4510,ch01,du297,2026-09-17 13:04:25,revisen el canal de anuncios
4511,ch39,du162,2026-09-22 11:11:03,qué opinan de
4512,ch18,du153,2026-09-26 13:41:44,mañana sigo
4513,ch31,du297,2026-09-20 07:57:19,a qué hora es la reunión
4514,ch29,du279,2026-09-02 07:56:18,jaja
4515,ch24,du128,2026-09-26 09:43:17,subí el archivo
4516,ch05,du118,2026-09-15 20:39:43,jaja
4517,ch36,du004,2026-09-22 12:10:35,alguien sabe cómo
4518,ch25,du050,2026-09-21 20:27:37,subí el archivo
4519,ch31,du051,2026-09-29 07:59:11,revisen el canal de anuncios
4520,ch33,du238,2026-09-22 07:19:56,me uno en 5
4521,ch04,du251,2026-09-07 11:40:47,esto no compila
4522,ch16,du289,2026-09-01 07:23:21,gracias!
4523,ch25,du187,2026-09-27 11:17:24,qué opinan de
4524,ch04,du074,2026-09-20 13:18:52,qué opinan de
4525,ch14,du220,2026-09-04 10:43:50,revisen el canal de anuncios
4526,ch28,du176,2026-09-08 18:25:38,esto no compila
4527,ch01,du279,2026-09-12 21:17:34,gracias!
4528,ch21,du080,2026-09-30 19:41:10,gracias!
4529,ch16,du162,2026-09-15 02:45:57,listo
4530,ch32,du099,2026-09-17 13:16:28,esto no compila
4531,ch21,du114,2026-09-22 10:29:44,esto no compila
4532,ch08,du210,2026-09-08 18:46:26,alguien sabe cómo
4533,ch31,du153,2026-09-18 12:52:01,revisen el canal de anuncios
4534,ch25,du048,2026-09-10 06:12:28,subí el archivo
4535,ch25,du051,2026-09-09 14:33:03,listo
4536,ch29,du210,2026-09-28 13:12:44,listo
4537,ch13,du264,2026-09-21 11:55:15,listo
4538,ch28,du226,2026-09-20 10:13:22,qué opinan de
4539,ch04,du277,2026-09-28 18:09:27,listo
4540,ch10,du212,2026-09-06 17:08:30,subí el archivo
4541,ch33,du279,2026-09-30 13:31:04,me uno en 5
4542,ch18,du187,2026-09-23 14:35:48,mañana sigo
4543,ch19,du087,2026-09-07 07:37:45,listo
4544,ch09,du244,2026-09-18 12:28:06,me uno en 5
4545,ch36,du275,2026-09-30 11:13:04,subí el archivo
4546,ch35,du003,2026-09-15 20:53:13,esto no compila
4547,ch29,du012,2026-09-23 07:43:08,mañana sigo
4548,ch09,du120,2026-09-22 10:35:35,mañana sigo
4549,ch17,du080,2026-09-05 17:40:27,subí el archivo
4550,ch08,du260,2026-09-10 21:35:30,ya quedó el deploy
4551,ch06,du200,2026-09-14 17:28:37,esto no compila
4552,ch23,du289,2026-09-06 03:06:08,a qué hora es la reunión
4553,ch36,du203,2026-09-15 22:19:31,gracias!
4554,ch09,du121,2026-09-01 20:00:55,me uno en 5
4555,ch33,du049,2026-09-22 20:05:02,me uno en 5
4556,ch35,du243,2026-09-21 08:00:42,qué opinan de
4557,ch04,du038,2026-09-20 17:56:13,a qué hora es la reunión
4558,ch29,du178,2026-09-04 21:31:10,mañana sigo
4559,ch14,du137,2026-09-21 11:50:57,a qué hora es la reunión
4560,ch19,du055,2026-09-25 12:05:34,listo
4561,ch17,du106,2026-09-02 13:03:33,alguien sabe cómo
4562,ch04,du065,2026-09-03 20:50:05,ya quedó el deploy
4563,ch02,du161,2026-09-29 16:42:28,jaja
4564,ch06,du262,2026-09-22 15:23:33,alguien sabe cómo
4565,ch25,du137,2026-09-02 17:06:11,ya quedó el deploy
4566,ch16,du014,2026-09-23 13:21:38,me uno en 5
4567,ch15,du294,2026-09-22 15:41:20,listo
4568,ch20,du221,2026-09-19 09:28:50,revisen el canal de anuncios
4569,ch28,du166,2026-09-12 15:48:22,alguien sabe cómo
4570,ch24,du050,2026-09-13 19:25:55,alguien sabe cómo
4571,ch18,du052,2026-09-02 06:58:35,me uno en 5
4572,ch06,du022,2026-09-11 14:23:20,alguien sabe cómo
4573,ch14,du082,2026-09-13 03:42:52,mañana sigo
4574,ch28,du136,2026-09-30 18:38:14,revisen el canal de anuncios
4575,ch04,du043,2026-09-16 18:32:32,esto no compila
4576,ch29,du137,2026-09-11 09:46:58,qué opinan de
4577,ch39,du056,2026-09-02 09:51:37,alguien sabe cómo
4578,ch26,du103,2026-09-12 21:26:29,esto no compila
4579,ch14,du275,2026-09-12 20:35:58,qué opinan de
4580,ch08,du237,2026-09-05 20:58:42,ya quedó el deploy
4581,ch11,du087,2026-09-21 05:06:56,gracias!
4582,ch29,du161,2026-09-03 12:35:15,listo
4583,ch17,du085,2026-09-14 22:27:08,mañana sigo
4584,ch27,du135,2026-09-17 15:21:47,listo
4585,ch01,du092,2026-09-04 07:35:43,mañana sigo
4586,ch01,du276,2026-09-29 16:23:29,qué opinan de
4587,ch05,du289,2026-09-29 19:13:04,esto no compila
4588,ch07,du242,2026-09-26 17:20:50,a qué hora es la reunión
4589,ch25,du096,2026-09-05 08:14:20,revisen el canal de anuncios
4590,ch36,du285,2026-09-13 21:14:14,revisen el canal de anuncios
4591,ch32,du154,2026-09-04 22:07:34,listo
4592,ch01,du224,2026-09-27 12:32:59,gracias!
4593,ch11,du106,2026-09-14 06:18:08,ya quedó el deploy
4594,ch18,du293,2026-09-05 12:46:35,me uno en 5
4595,ch27,du067,2026-09-12 07:20:25,jaja
4596,ch36,du245,2026-09-14 14:34:24,me uno en 5
4597,ch25,du222,2026-09-02 13:40:49,esto no compila
4598,ch36,du257,2026-09-25 21:18:39,qué opinan de
4599,ch06,du138,2026-09-23 14:15:31,esto no compila
4600,ch25,du224,2026-09-27 10:08:20,me uno en 5
4601,ch04,du177,2026-09-16 02:57:26,esto no compila
4602,ch06,du276,2026-09-26 15:36:55,a qué hora es la reunión
4603,ch09,du111,2026-09-27 20:10:41,subí el archivo
4604,ch22,du252,2026-09-17 18:59:47,a qué hora es la reunión
4605,ch25,du011,2026-09-21 14:34:48,qué opinan de
4606,ch31,du201,2026-09-05 10:00:18,revisen el canal de anuncios
4607,ch39,du226,2026-09-10 08:35:19,qué opinan de
4608,ch19,du078,2026-09-12 18:57:24,listo
4609,ch15,du150,2026-09-13 18:32:17,subí el archivo
4610,ch31,du136,2026-09-07 15:09:15,qué opinan de
4611,ch24,du216,2026-09-17 22:21:27,ya quedó el deploy
4612,ch03,du083,2026-09-17 14:17:40,a qué hora es la reunión
4613,ch05,du221,2026-09-29 09:06:44,a qué hora es la reunión
4614,ch36,du182,2026-09-20 16:00:30,gracias!
4615,ch02,du217,2026-09-20 14:04:31,ya quedó el deploy
4616,ch18,du107,2026-09-01 11:11:35,subí el archivo
4617,ch14,du154,2026-09-30 13:03:11,jaja
4618,ch36,du296,2026-09-06 21:14:17,revisen el canal de anuncios
4619,ch39,du102,2026-09-18 21:56:47,subí el archivo
4620,ch31,du086,2026-09-15 19:12:58,ya quedó el deploy
4621,ch06,du204,2026-09-06 19:01:17,me uno en 5
4622,ch04,du224,2026-09-26 19:51:11,qué opinan de
4623,ch06,du169,2026-09-04 15:07:44,alguien sabe cómo
4624,ch16,du208,2026-09-19 10:39:54,a qué hora es la reunión
4625,ch09,du201,2026-09-21 01:28:35,qué opinan de
4626,ch28,du295,2026-09-02 19:52:47,qué opinan de
4627,ch17,du041,2026-09-22 10:25:04,listo
4628,ch31,du102,2026-09-06 08:55:46,alguien sabe cómo
4629,ch31,du081,2026-09-09 17:16:56,jaja
4630,ch19,du171,2026-09-26 17:58:59,a qué hora es la reunión
4631,ch11,du014,2026-09-15 10:52:30,qué opinan de
4632,ch01,du180,2026-09-27 11:42:58,revisen el canal de anuncios
4633,ch16,du168,2026-09-30 05:18:51,jaja
4634,ch17,du050,2026-09-27 13:59:24,me uno en 5
4635,ch40,du020,2026-09-11 13:41:13,gracias!
4636,ch22,du237,2026-09-03 12:15:50,subí el archivo
4637,ch23,du122,2026-09-28 12:48:44,listo
4638,ch02,du007,2026-09-09 12:08:00,a qué hora es la reunión
4639,ch26,du165,2026-09-26 19:05:54,a qué hora es la reunión
4640,ch05,du019,2026-09-20 15:37:03,mañana sigo
4641,ch02,du073,2026-09-09 18:02:41,mañana sigo
4642,ch04,du170,2026-09-27 07:42:40,a qué hora es la reunión
4643,ch36,du061,2026-09-15 18:36:35,mañana sigo
4644,ch16,du114,2026-09-27 07:11:52,gracias!
4645,ch07,du296,2026-09-23 21:09:10,ya quedó el deploy
4646,ch06,du280,2026-09-23 15:23:03,gracias!
4647,ch17,du061,2026-09-10 13:58:42,gracias!
4648,ch24,du059,2026-09-01 20:22:40,mañana sigo
4649,ch35,du029,2026-09-08 18:52:24,revisen el canal de anuncios
4650,ch04,du297,2026-09-20 11:06:14,subí el archivo
4651,ch24,du041,2026-09-12 21:57:37,jaja
4652,ch16,du046,2026-09-02 20:18:31,me uno en 5
4653,ch36,du082,2026-09-06 07:59:35,esto no compila
4654,ch22,du066,2026-09-08 20:47:30,jaja
4655,ch13,du066,2026-09-13 15:36:26,gracias!
4656,ch02,du195,2026-09-20 19:26:17,mañana sigo
4657,ch17,du056,2026-09-28 15:17:58,a qué hora es la reunión
4658,ch14,du066,2026-09-09 13:11:01,me uno en 5
4659,ch32,du277,2026-09-15 14:12:13,listo
4660,ch03,du248,2026-09-23 01:04:38,esto no compila
4661,ch04,du191,2026-09-11 04:48:03,gracias!
4662,ch22,du020,2026-09-18 13:59:20,a qué hora es la reunión
4663,ch23,du112,2026-09-13 21:33:08,revisen el canal de anuncios
4664,ch23,du137,2026-09-28 14:56:08,listo
4665,ch23,du252,2026-09-10 16:35:41,subí el archivo
4666,ch16,du106,2026-09-30 11:32:23,me uno en 5
4667,ch03,du053,2026-09-10 06:21:13,subí el archivo
4668,ch32,du269,2026-09-02 21:23:01,ya quedó el deploy
4669,ch02,du215,2026-09-25 09:02:47,jaja
4670,ch02,du090,2026-09-22 05:30:52,mañana sigo
4671,ch01,du081,2026-09-05 21:15:33,esto no compila
4672,ch25,du093,2026-09-05 13:55:25,a qué hora es la reunión
4673,ch32,du230,2026-09-02 01:50:29,qué opinan de
4674,ch18,du197,2026-09-26 14:03:16,mañana sigo
4675,ch06,du157,2026-09-16 11:15:02,jaja
4676,ch35,du134,2026-09-09 12:01:10,ya quedó el deploy
4677,ch39,du032,2026-09-27 14:39:30,a qué hora es la reunión
4678,ch16,du029,2026-09-13 10:28:17,qué opinan de
4679,ch23,du122,2026-09-25 11:31:39,me uno en 5
4680,ch01,du063,2026-09-11 18:53:07,gracias!
4681,ch22,du094,2026-09-04 18:14:29,a qué hora es la reunión
4682,ch04,du120,2026-09-10 01:54:35,mañana sigo
4683,ch06,du204,2026-09-02 20:33:55,ya quedó el deploy
4684,ch21,du166,2026-09-29 17:18:04,ya quedó el deploy
4685,ch16,du012,2026-09-24 23:23:58,jaja
4686,ch30,du088,2026-09-23 12:06:19,listo
4687,ch26,du041,2026-09-22 09:04:57,me uno en 5
4688,ch05,du263,2026-09-11 11:45:09,qué opinan de
4689,ch28,du068,2026-09-27 06:31:47,revisen el canal de anuncios
4690,ch05,du050,2026-09-17 10:55:59,qué opinan de
4691,ch14,du031,2026-09-24 10:45:54,listo
4692,ch28,du262,2026-09-05 13:41:41,subí el archivo
4693,ch03,du088,2026-09-19 16:43:51,alguien sabe cómo
4694,ch07,du041,2026-09-22 19:01:51,mañana sigo
4695,ch39,du243,2026-09-28 17:35:27,me uno en 5
4696,ch23,du191,2026-09-17 14:58:56,alguien sabe cómo
4697,ch24,du129,2026-09-09 19:11:20,me uno en 5
4698,ch15,du135,2026-09-27 11:53:19,qué opinan de
4699,ch27,du066,2026-09-18 20:53:07,ya quedó el deploy
4700,ch21,du222,2026-09-23 20:50:22,mañana sigo
4701,ch06,du181,2026-09-23 05:18:31,esto no compila
4702,ch01,du086,2026-09-13 12:07:18,revisen el canal de anuncios
4703,ch23,du066,2026-09-14 15:45:34,mañana sigo
4704,ch14,du022,2026-09-25 14:22:04,alguien sabe cómo
4705,ch39,du157,2026-09-03 17:10:57,mañana sigo
4706,ch18,du204,2026-09-19 14:22:45,a qué hora es la reunión
4707,ch19,du152,2026-09-22 08:36:40,ya quedó el deploy
4708,ch39,du221,2026-09-14 03:36:21,subí el archivo
4709,ch36,du229,2026-09-16 17:58:09,qué opinan de
4710,ch12,du119,2026-09-01 18:21:04,subí el archivo
4711,ch34,du224,2026-09-03 09:21:14,esto no compila
4712,ch31,du058,2026-09-12 09:02:29,qué opinan de
4713,ch20,du184,2026-09-04 18:44:50,ya quedó el deploy
4714,ch16,du279,2026-09-25 14:41:22,qué opinan de
4715,ch38,du054,2026-09-12 13:49:30,a qué hora es la reunión
4716,ch23,du109,2026-09-04 18:09:00,alguien sabe cómo
4717,ch02,du200,2026-09-11 21:34:34,listo
4718,ch05,du264,2026-09-29 08:38:49,me uno en 5
4719,ch16,du267,2026-09-06 22:57:01,subí el archivo
4720,ch06,du142,2026-09-07 20:18:40,alguien sabe cómo
4721,ch05,du208,2026-09-06 09:00:47,revisen el canal de anuncios
4722,ch20,du241,2026-09-11 11:20:28,subí el archivo
4723,ch03,du172,2026-09-18 19:21:03,ya quedó el deploy
4724,ch01,du079,2026-09-27 19:14:20,esto no compila
4725,ch35,du225,2026-09-19 14:35:14,listo
4726,ch11,du047,2026-09-02 07:01:24,esto no compila
4727,ch23,du116,2026-09-30 16:23:28,me uno en 5
4728,ch05,du144,2026-09-21 20:44:37,alguien sabe cómo
4729,ch33,du241,2026-09-30 17:55:02,ya quedó el deploy
4730,ch31,du144,2026-09-05 11:45:29,esto no compila
4731,ch17,du010,2026-09-03 05:09:52,esto no compila
4732,ch14,du212,2026-09-05 10:21:17,listo
4733,ch32,du243,2026-09-16 16:05:12,jaja
4734,ch23,du120,2026-09-07 14:55:36,a qué hora es la reunión
4735,ch14,du174,2026-09-20 13:27:52,jaja
4736,ch19,du298,2026-09-24 12:09:55,a qué hora es la reunión
4737,ch17,du242,2026-09-24 14:42:40,a qué hora es la reunión
4738,ch39,du078,2026-09-17 07:34:22,revisen el canal de anuncios
4739,ch25,du052,2026-09-30 18:43:42,subí el archivo
4740,ch16,du037,2026-09-23 15:36:58,jaja
4741,ch05,du095,2026-09-06 09:10:26,revisen el canal de anuncios
4742,ch14,du247,2026-09-09 21:01:53,listo
4743,ch20,du091,2026-09-30 17:57:57,a qué hora es la reunión
4744,ch15,du126,2026-09-16 18:21:41,mañana sigo
4745,ch31,du128,2026-09-21 18:52:46,jaja
4746,ch39,du235,2026-09-06 17:24:31,revisen el canal de anuncios
4747,ch19,du112,2026-09-16 08:35:33,gracias!
4748,ch06,du004,2026-09-06 08:11:50,alguien sabe cómo
4749,ch07,du076,2026-09-08 19:09:40,me uno en 5
4750,ch18,du036,2026-09-27 15:02:25,listo
4751,ch32,du210,2026-09-08 06:23:48,qué opinan de
4752,ch02,du071,2026-09-02 20:48:01,mañana sigo
4753,ch28,du262,2026-09-28 14:33:59,a qué hora es la reunión
4754,ch35,du116,2026-09-15 20:14:11,listo
4755,ch02,du120,2026-09-25 10:56:06,ya quedó el deploy
4756,ch16,du263,2026-09-30 23:41:08,ya quedó el deploy
4757,ch38,du236,2026-09-16 20:17:05,revisen el canal de anuncios
4758,ch34,du036,2026-09-10 08:31:10,qué opinan de
4759,ch29,du267,2026-09-19 12:48:47,listo
4760,ch09,du015,2026-09-02 11:08:46,alguien sabe cómo
4761,ch16,du004,2026-09-20 07:19:11,jaja
4762,ch02,du282,2026-09-06 09:04:59,a qué hora es la reunión
4763,ch01,du117,2026-09-17 19:34:30,a qué hora es la reunión
4764,ch25,du094,2026-09-28 21:44:44,listo
4765,ch11,du207,2026-09-25 19:24:24,revisen el canal de anuncios
4766,ch04,du294,2026-09-28 10:05:35,gracias!
4767,ch32,du038,2026-09-02 12:50:27,jaja
4768,ch06,du090,2026-09-12 14:22:20,a qué hora es la reunión
4769,ch23,du027,2026-09-09 08:24:25,ya quedó el deploy
4770,ch01,du014,2026-09-24 23:06:54,listo
4771,ch33,du065,2026-09-07 11:01:47,a qué hora es la reunión
4772,ch33,du243,2026-09-15 15:13:54,a qué hora es la reunión
4773,ch12,du026,2026-09-20 10:51:08,listo
4774,ch17,du245,2026-09-30 11:12:21,subí el archivo
4775,ch39,du099,2026-09-10 19:52:29,qué opinan de
4776,ch36,du149,2026-09-25 16:13:57,ya quedó el deploy
4777,ch28,du279,2026-09-18 08:53:54,subí el archivo
4778,ch29,du295,2026-09-14 15:42:08,revisen el canal de anuncios
4779,ch01,du018,2026-09-16 19:05:03,qué opinan de
4780,ch16,du129,2026-09-15 18:03:18,gracias!
4781,ch19,du195,2026-09-20 20:27:18,a qué hora es la reunión
4782,ch02,du176,2026-09-06 10:37:18,subí el archivo
4783,ch01,du074,2026-09-01 10:43:23,me uno en 5
4784,ch17,du099,2026-09-18 20:40:45,me uno en 5
4785,ch31,du081,2026-09-12 14:26:09,ya quedó el deploy
4786,ch29,du105,2026-09-01 21:52:00,qué opinan de
4787,ch39,du019,2026-09-11 11:36:01,me uno en 5
4788,ch16,du085,2026-09-07 09:25:58,me uno en 5
4789,ch18,du124,2026-09-16 16:05:04,subí el archivo
4790,ch20,du247,2026-09-04 18:47:34,alguien sabe cómo
4791,ch15,du043,2026-09-04 21:49:08,ya quedó el deploy
4792,ch31,du255,2026-09-23 17:43:19,esto no compila
4793,ch31,du055,2026-09-01 05:33:30,me uno en 5
4794,ch28,du011,2026-09-30 06:32:31,alguien sabe cómo
4795,ch35,du118,2026-09-04 18:58:59,ya quedó el deploy
4796,ch16,du030,2026-09-23 11:57:30,mañana sigo
4797,ch02,du128,2026-09-07 07:37:17,subí el archivo
4798,ch38,du135,2026-09-18 19:01:42,qué opinan de
4799,ch16,du121,2026-09-17 20:39:28,qué opinan de
4800,ch14,du012,2026-09-10 05:27:19,esto no compila
4801,ch36,du182,2026-09-12 13:50:37,esto no compila
4802,ch21,du257,2026-09-06 10:49:31,jaja
4803,ch05,du186,2026-09-08 16:46:02,subí el archivo
4804,ch23,du026,2026-09-06 20:00:05,alguien sabe cómo
4805,ch23,du275,2026-09-17 15:40:17,gracias!
4806,ch06,du149,2026-09-25 12:03:12,jaja
4807,ch17,du201,2026-09-25 18:30:00,revisen el canal de anuncios
4808,ch35,du222,2026-09-28 18:00:17,a qué hora es la reunión
4809,ch33,du136,2026-09-28 15:09:34,ya quedó el deploy
4810,ch33,du030,2026-09-23 05:59:08,jaja
4811,ch35,du021,2026-09-23 15:35:43,alguien sabe cómo
4812,ch23,du084,2026-09-05 13:54:39,gracias!
4813,ch06,du182,2026-09-04 07:30:46,mañana sigo
4814,ch39,du279,2026-09-28 17:41:16,qué opinan de
4815,ch18,du294,2026-09-20 19:14:59,subí el archivo
4816,ch09,du235,2026-09-14 18:54:12,gracias!
4817,ch28,du081,2026-09-21 13:53:22,listo
4818,ch06,du032,2026-09-02 17:11:35,esto no compila
4819,ch14,du164,2026-09-17 21:27:32,ya quedó el deploy
4820,ch23,du004,2026-09-25 12:49:15,mañana sigo
4821,ch12,du119,2026-09-20 08:15:40,qué opinan de
4822,ch24,du055,2026-09-07 01:09:04,alguien sabe cómo
4823,ch19,du097,2026-09-30 13:58:21,a qué hora es la reunión
4824,ch02,du038,2026-09-10 17:29:39,gracias!
4825,ch26,du082,2026-09-22 10:31:15,a qué hora es la reunión
4826,ch23,du117,2026-09-01 08:29:55,subí el archivo
4827,ch25,du016,2026-09-11 19:19:40,a qué hora es la reunión
4828,ch27,du133,2026-09-27 11:16:11,subí el archivo
4829,ch01,du249,2026-09-02 17:39:39,jaja
4830,ch24,du168,2026-09-13 21:59:31,me uno en 5
4831,ch17,du193,2026-09-29 03:43:35,a qué hora es la reunión
4832,ch04,du215,2026-09-28 17:47:49,subí el archivo
4833,ch36,du220,2026-09-17 07:03:45,mañana sigo
4834,ch39,du011,2026-09-02 09:20:16,ya quedó el deploy
4835,ch06,du146,2026-09-07 08:19:53,esto no compila
4836,ch30,du176,2026-09-08 16:32:39,gracias!
4837,ch04,du049,2026-09-13 13:24:44,me uno en 5
4838,ch36,du053,2026-09-11 20:57:20,ya quedó el deploy
4839,ch24,du065,2026-09-11 08:29:33,subí el archivo
4840,ch25,du195,2026-09-24 09:15:10,jaja
4841,ch39,du260,2026-09-02 20:09:43,alguien sabe cómo
4842,ch36,du202,2026-09-10 12:49:19,jaja
4843,ch05,du170,2026-09-04 09:25:38,subí el archivo
4844,ch39,du050,2026-09-04 21:33:21,qué opinan de
4845,ch34,du154,2026-09-27 19:50:22,alguien sabe cómo
4846,ch23,du110,2026-09-07 03:29:48,subí el archivo
4847,ch33,du166,2026-09-14 07:20:35,esto no compila
4848,ch39,du242,2026-09-26 15:16:05,subí el archivo
4849,ch19,du282,2026-09-20 12:22:07,jaja
4850,ch18,du113,2026-09-03 07:33:54,a qué hora es la reunión
4851,ch14,du277,2026-09-29 05:51:47,me uno en 5
4852,ch24,du180,2026-09-20 18:49:56,ya quedó el deploy
4853,ch06,du082,2026-09-06 05:27:25,jaja
4854,ch19,du093,2026-09-14 18:43:50,gracias!
4855,ch19,du106,2026-09-08 18:10:07,revisen el canal de anuncios
4856,ch25,du076,2026-09-13 12:06:23,revisen el canal de anuncios
4857,ch03,du014,2026-09-09 15:22:29,jaja
4858,ch25,du047,2026-09-23 19:17:16,qué opinan de
4859,ch09,du220,2026-09-20 16:42:47,esto no compila
4860,ch16,du094,2026-09-18 21:05:28,ya quedó el deploy
4861,ch12,du172,2026-09-12 19:42:20,a qué hora es la reunión
4862,ch01,du148,2026-09-09 16:19:00,revisen el canal de anuncios
4863,ch16,du005,2026-09-20 16:10:55,listo
4864,ch04,du005,2026-09-04 09:36:50,listo
4865,ch28,du061,2026-09-30 22:31:54,alguien sabe cómo
4866,ch21,du260,2026-09-23 21:27:47,esto no compila
4867,ch05,du179,2026-09-30 18:43:37,esto no compila
4868,ch36,du066,2026-09-18 06:03:49,gracias!
4869,ch16,du001,2026-09-27 11:15:44,revisen el canal de anuncios
4870,ch16,du010,2026-09-27 02:20:47,gracias!
4871,ch31,du257,2026-09-21 11:42:40,listo
4872,ch33,du285,2026-09-05 10:16:21,mañana sigo
4873,ch21,du127,2026-09-13 10:57:53,mañana sigo
4874,ch33,du161,2026-09-14 07:10:00,revisen el canal de anuncios
4875,ch09,du235,2026-09-26 18:05:52,gracias!
4876,ch07,du135,2026-09-23 14:56:34,listo
4877,ch33,du133,2026-09-08 13:53:55,gracias!
4878,ch16,du186,2026-09-22 10:57:28,subí el archivo
4879,ch01,du088,2026-09-20 22:04:32,a qué hora es la reunión
4880,ch24,du103,2026-09-08 08:21:43,subí el archivo
4881,ch19,du100,2026-09-20 08:13:39,me uno en 5
4882,ch23,du262,2026-09-02 18:38:50,a qué hora es la reunión
4883,ch29,du290,2026-09-01 11:01:51,revisen el canal de anuncios
4884,ch40,du209,2026-09-07 15:46:39,mañana sigo
4885,ch20,du294,2026-09-18 06:53:17,gracias!
4886,ch25,du116,2026-09-23 20:36:19,gracias!
4887,ch06,du109,2026-09-16 18:04:13,subí el archivo
4888,ch07,du280,2026-09-15 06:27:44,gracias!
4889,ch29,du058,2026-09-21 08:57:51,gracias!
4890,ch25,du240,2026-09-21 13:03:56,gracias!
4891,ch19,du162,2026-09-03 08:01:17,listo
4892,ch33,du004,2026-09-22 20:06:59,revisen el canal de anuncios
4893,ch33,du058,2026-09-10 06:40:57,listo
4894,ch02,du186,2026-09-07 11:47:00,jaja
4895,ch31,du138,2026-09-14 13:43:36,jaja
4896,ch29,du273,2026-09-03 06:06:56,qué opinan de
4897,ch25,du054,2026-09-13 20:40:34,listo
4898,ch14,du172,2026-09-22 04:01:13,gracias!
4899,ch07,du177,2026-09-12 19:49:18,listo
4900,ch06,du246,2026-09-28 17:36:56,listo
4901,ch18,du076,2026-09-18 08:56:54,revisen el canal de anuncios
4902,ch23,du200,2026-09-30 02:25:14,listo
4903,ch29,du165,2026-09-18 00:06:07,alguien sabe cómo
4904,ch16,du065,2026-09-26 09:04:30,revisen el canal de anuncios
4905,ch31,du289,2026-09-15 09:46:06,qué opinan de
4906,ch09,du114,2026-09-30 04:49:37,subí el archivo
4907,ch05,du236,2026-09-01 16:09:51,listo
4908,ch12,du159,2026-09-08 06:23:39,revisen el canal de anuncios
4909,ch39,du065,2026-09-01 09:01:28,esto no compila
4910,ch17,du264,2026-09-06 20:29:56,revisen el canal de anuncios
4911,ch23,du031,2026-09-01 09:27:55,a qué hora es la reunión
4912,ch29,du065,2026-09-21 13:17:03,alguien sabe cómo
4913,ch14,du294,2026-09-30 18:33:28,subí el archivo
4914,ch04,du110,2026-09-21 08:41:11,gracias!
4915,ch36,du210,2026-09-25 19:20:22,a qué hora es la reunión
4916,ch25,du050,2026-09-30 09:33:38,ya quedó el deploy
4917,ch07,du026,2026-09-01 06:11:17,listo
4918,ch31,du180,2026-09-14 16:55:00,revisen el canal de anuncios
4919,ch22,du055,2026-09-29 01:05:48,alguien sabe cómo
4920,ch01,du049,2026-09-05 16:09:51,qué opinan de
4921,ch02,du177,2026-09-01 15:44:00,me uno en 5
4922,ch13,du082,2026-09-14 20:13:29,mañana sigo
4923,ch04,du088,2026-09-15 15:33:38,jaja
4924,ch07,du285,2026-09-13 10:37:52,jaja
4925,ch24,du102,2026-09-04 20:13:33,gracias!
4926,ch28,du152,2026-09-13 00:44:51,alguien sabe cómo
4927,ch02,du100,2026-09-05 22:24:25,revisen el canal de anuncios
4928,ch19,du249,2026-09-19 20:50:11,esto no compila
4929,ch25,du200,2026-09-05 18:23:37,me uno en 5
4930,ch33,du100,2026-09-02 19:45:58,jaja
4931,ch32,du191,2026-09-12 15:23:04,esto no compila
4932,ch19,du247,2026-09-06 17:40:49,me uno en 5
4933,ch14,du050,2026-09-22 08:34:43,mañana sigo
4934,ch14,du195,2026-09-08 13:11:23,a qué hora es la reunión
4935,ch40,du229,2026-09-20 06:23:02,alguien sabe cómo
4936,ch36,du078,2026-09-13 07:19:47,ya quedó el deploy
4937,ch36,du182,2026-09-01 21:22:10,listo
4938,ch40,du240,2026-09-20 09:00:50,gracias!
4939,ch30,du078,2026-09-16 16:56:13,esto no compila
4940,ch25,du243,2026-09-18 17:57:12,jaja
4941,ch27,du142,2026-09-22 20:36:13,subí el archivo
4942,ch36,du129,2026-09-12 17:33:36,jaja
4943,ch34,du216,2026-09-22 07:36:52,listo
4944,ch01,du130,2026-09-24 11:45:28,a qué hora es la reunión
4945,ch28,du190,2026-09-04 07:33:05,subí el archivo
4946,ch05,du084,2026-09-19 20:48:03,me uno en 5
4947,ch24,du062,2026-09-14 12:06:02,a qué hora es la reunión
4948,ch39,du100,2026-09-20 18:17:08,revisen el canal de anuncios
4949,ch01,du171,2026-09-16 18:20:32,qué opinan de
4950,ch27,du278,2026-09-20 14:00:55,gracias!
4951,ch29,du165,2026-09-26 19:50:49,subí el archivo
4952,ch35,du261,2026-09-02 22:33:42,revisen el canal de anuncios
4953,ch02,du236,2026-09-29 17:09:55,me uno en 5
4954,ch33,du267,2026-09-30 20:48:02,subí el archivo
4955,ch06,du294,2026-09-05 11:33:43,listo
4956,ch16,du125,2026-09-21 09:40:57,mañana sigo
4957,ch33,du074,2026-09-18 10:23:28,ya quedó el deploy
4958,ch29,du225,2026-09-25 19:53:14,mañana sigo
4959,ch34,du168,2026-09-11 08:03:57,esto no compila
4960,ch28,du224,2026-09-27 12:23:25,me uno en 5
4961,ch36,du149,2026-09-17 12:08:39,esto no compila
4962,ch23,du271,2026-09-03 07:27:02,esto no compila
4963,ch35,du120,2026-09-17 11:28:02,alguien sabe cómo
4964,ch28,du264,2026-09-03 09:03:45,listo
4965,ch06,du223,2026-09-11 14:22:30,revisen el canal de anuncios
4966,ch34,du224,2026-09-08 20:55:56,listo
4967,ch29,du018,2026-09-21 15:16:17,subí el archivo
4968,ch20,du142,2026-09-12 14:56:31,gracias!
4969,ch22,du184,2026-09-24 15:18:07,jaja
4970,ch22,du050,2026-09-13 09:49:35,esto no compila
4971,ch02,du089,2026-09-26 20:59:57,me uno en 5
4972,ch24,du178,2026-09-09 12:18:15,jaja
4973,ch33,du189,2026-09-12 00:35:20,esto no compila
4974,ch36,du085,2026-09-30 15:22:58,alguien sabe cómo
4975,ch20,du136,2026-09-16 20:43:15,alguien sabe cómo
4976,ch33,du136,2026-09-01 15:12:08,a qué hora es la reunión
4977,ch06,du133,2026-09-30 08:59:21,revisen el canal de anuncios
4978,ch28,du210,2026-09-09 07:49:02,ya quedó el deploy
4979,ch15,du238,2026-09-07 15:10:59,me uno en 5
4980,ch23,du121,2026-09-20 18:36:51,esto no compila
4981,ch28,du088,2026-09-13 18:08:22,esto no compila
4982,ch19,du086,2026-09-25 10:23:15,subí el archivo
4983,ch14,du035,2026-09-12 13:55:44,esto no compila
4984,ch20,du121,2026-09-05 19:06:43,esto no compila
4985,ch24,du237,2026-09-21 14:54:18,jaja
4986,ch36,du236,2026-09-21 09:23:39,me uno en 5
4987,ch01,du215,2026-09-25 07:57:06,alguien sabe cómo
4988,ch13,du037,2026-09-18 11:09:32,a qué hora es la reunión
4989,ch05,du265,2026-09-13 09:00:01,qué opinan de
4990,ch19,du064,2026-09-10 15:11:23,jaja
4991,ch17,du262,2026-09-17 18:49:52,jaja
4992,ch28,du007,2026-09-20 11:44:58,listo
4993,ch32,du238,2026-09-15 14:24:04,gracias!
4994,ch02,du215,2026-09-14 20:17:19,ya quedó el deploy
4995,ch15,du250,2026-09-13 11:22:50,subí el archivo
4996,ch36,du071,2026-09-24 18:33:11,mañana sigo
4997,ch25,du119,2026-09-16 20:00:08,qué opinan de
4998,ch25,du267,2026-09-27 04:18:56,subí el archivo
4999,ch31,du235,2026-09-02 04:37:24,subí el archivo
5000,ch02,du273,2026-09-22 11:21:44,alguien sabe cómo
5001,ch27,du264,2026-09-28 20:09:34,gracias!
5002,ch19,du215,2026-09-26 10:05:21,alguien sabe cómo
5003,ch27,du063,2026-09-06 10:48:06,esto no compila
5004,ch37,du280,2026-09-14 11:45:11,jaja
5005,ch25,du027,2026-09-19 18:47:51,subí el archivo
5006,ch04,du011,2026-09-12 17:12:53,alguien sabe cómo
5007,ch07,du115,2026-09-05 17:48:28,alguien sabe cómo
5008,ch36,du210,2026-09-27 17:21:40,qué opinan de
5009,ch14,du063,2026-09-05 11:13:56,revisen el canal de anuncios
5010,ch14,du289,2026-09-27 11:51:22,gracias!
5011,ch25,du117,2026-09-10 16:55:37,jaja
5012,ch19,du043,2026-09-20 02:33:18,a qué hora es la reunión
5013,ch05,du221,2026-09-02 03:57:10,a qué hora es la reunión
5014,ch26,du051,2026-09-19 16:58:37,a qué hora es la reunión
5015,ch25,du240,2026-09-11 15:48:25,qué opinan de
5016,ch01,du131,2026-09-06 20:36:51,revisen el canal de anuncios
5017,ch16,du022,2026-09-02 18:03:14,alguien sabe cómo
5018,ch07,du285,2026-09-26 12:35:20,mañana sigo
5019,ch36,du102,2026-09-22 03:08:30,revisen el canal de anuncios
5020,ch01,du004,2026-09-22 18:28:37,me uno en 5
5021,ch20,du259,2026-09-12 20:36:04,mañana sigo
5022,ch09,du112,2026-09-06 08:54:56,revisen el canal de anuncios
5023,ch09,du154,2026-09-18 10:45:48,alguien sabe cómo
5024,ch36,du248,2026-09-04 08:23:59,ya quedó el deploy
5025,ch32,du015,2026-09-18 14:39:44,mañana sigo
5026,ch04,du003,2026-09-16 18:27:01,me uno en 5
5027,ch04,du128,2026-09-07 10:10:04,listo
5028,ch14,du076,2026-09-04 08:43:09,me uno en 5
5029,ch02,du240,2026-09-11 10:40:58,revisen el canal de anuncios
5030,ch28,du089,2026-09-15 08:22:35,subí el archivo
5031,ch28,du225,2026-09-17 11:29:23,subí el archivo
5032,ch23,du234,2026-09-02 13:12:57,gracias!
5033,ch39,du295,2026-09-10 08:39:51,subí el archivo
5034,ch20,du053,2026-09-19 11:52:49,revisen el canal de anuncios
5035,ch17,du218,2026-09-01 16:58:18,jaja
5036,ch03,du084,2026-09-15 20:55:06,gracias!
5037,ch16,du186,2026-09-12 19:55:34,revisen el canal de anuncios
5038,ch24,du271,2026-09-17 11:42:52,revisen el canal de anuncios
5039,ch09,du267,2026-09-12 09:34:45,revisen el canal de anuncios
5040,ch05,du200,2026-09-18 09:04:30,listo
5041,ch17,du285,2026-09-17 18:38:55,ya quedó el deploy
5042,ch19,du236,2026-09-23 12:33:28,qué opinan de
5043,ch27,du193,2026-09-05 14:54:39,qué opinan de
5044,ch16,du218,2026-09-16 13:29:16,a qué hora es la reunión
5045,ch36,du244,2026-09-12 19:51:58,a qué hora es la reunión
5046,ch21,du252,2026-09-10 09:02:56,subí el archivo
5047,ch31,du073,2026-09-26 14:09:51,subí el archivo
5048,ch17,du208,2026-09-22 06:03:58,a qué hora es la reunión
5049,ch23,du222,2026-09-27 12:04:58,listo
5050,ch39,du216,2026-09-15 08:27:04,esto no compila
5051,ch14,du222,2026-09-09 07:52:37,mañana sigo
5052,ch19,du076,2026-09-13 12:50:46,qué opinan de
5053,ch25,du253,2026-09-16 12:22:30,jaja
5054,ch40,du105,2026-09-08 22:52:33,revisen el canal de anuncios
5055,ch35,du257,2026-09-01 15:19:18,qué opinan de
5056,ch23,du124,2026-09-29 18:36:18,a qué hora es la reunión
5057,ch29,du060,2026-09-29 21:46:41,alguien sabe cómo
5058,ch01,du122,2026-09-14 12:10:33,revisen el canal de anuncios
5059,ch25,du234,2026-09-04 15:39:43,me uno en 5
5060,ch35,du282,2026-09-24 09:42:09,revisen el canal de anuncios
5061,ch36,du012,2026-09-12 05:03:14,jaja
5062,ch24,du044,2026-09-23 15:50:49,gracias!
5063,ch23,du076,2026-09-02 15:42:01,listo
5064,ch18,du201,2026-09-28 19:31:34,esto no compila
5065,ch04,du216,2026-09-16 13:53:16,esto no compila
5066,ch16,du079,2026-09-17 15:39:18,a qué hora es la reunión
5067,ch12,du219,2026-09-24 08:57:44,listo
5068,ch19,du112,2026-09-27 08:53:37,ya quedó el deploy
5069,ch38,du296,2026-09-05 07:36:09,me uno en 5
5070,ch06,du219,2026-09-09 20:21:17,mañana sigo
5071,ch33,du058,2026-09-14 18:14:00,listo
5072,ch31,du267,2026-09-24 11:53:09,ya quedó el deploy
5073,ch20,du075,2026-09-01 22:31:16,listo
5074,ch31,du120,2026-09-30 12:06:46,esto no compila
5075,ch24,du277,2026-09-30 20:09:07,ya quedó el deploy
5076,ch05,du195,2026-09-21 15:02:55,alguien sabe cómo
5077,ch33,du252,2026-09-13 18:00:41,gracias!
5078,ch27,du023,2026-09-12 15:09:40,listo
5079,ch35,du215,2026-09-30 10:17:02,qué opinan de
5080,ch06,du049,2026-09-19 01:17:48,a qué hora es la reunión
5081,ch24,du026,2026-09-28 06:02:15,jaja
5082,ch06,du136,2026-09-30 22:39:57,qué opinan de
5083,ch20,du252,2026-09-14 11:40:11,a qué hora es la reunión
5084,ch33,du003,2026-09-14 01:55:37,me uno en 5
5085,ch29,du242,2026-09-26 09:40:09,gracias!
5086,ch18,du229,2026-09-26 22:22:28,jaja
5087,ch04,du013,2026-09-16 19:48:25,subí el archivo
5088,ch25,du125,2026-09-15 07:09:03,subí el archivo
5089,ch31,du091,2026-09-15 10:48:43,mañana sigo
5090,ch33,du193,2026-09-02 16:41:02,revisen el canal de anuncios
5091,ch01,du014,2026-09-17 20:49:56,alguien sabe cómo
5092,ch04,du026,2026-09-08 21:34:32,esto no compila
5093,ch07,du079,2026-09-24 10:38:14,subí el archivo
5094,ch31,du171,2026-09-11 09:53:48,a qué hora es la reunión
5095,ch20,du255,2026-09-21 15:09:56,me uno en 5
5096,ch32,du223,2026-09-14 19:28:47,mañana sigo
5097,ch25,du049,2026-09-05 07:04:38,qué opinan de
5098,ch19,du182,2026-09-20 08:45:56,subí el archivo
5099,ch06,du204,2026-09-30 12:38:59,ya quedó el deploy
5100,ch14,du219,2026-09-12 18:30:58,ya quedó el deploy
5101,ch33,du082,2026-09-20 22:07:03,jaja
5102,ch18,du208,2026-09-28 18:23:52,mañana sigo
5103,ch09,du026,2026-09-10 11:59:48,me uno en 5
5104,ch36,du131,2026-09-05 12:40:45,me uno en 5
5105,ch02,du180,2026-09-01 14:45:43,esto no compila
5106,ch29,du081,2026-09-10 19:34:37,esto no compila
5107,ch39,du099,2026-09-28 09:38:34,gracias!
5108,ch24,du061,2026-09-07 14:43:18,ya quedó el deploy
5109,ch20,du009,2026-09-29 16:23:21,gracias!
5110,ch16,du015,2026-09-01 11:04:16,a qué hora es la reunión
5111,ch03,du122,2026-09-24 04:41:25,me uno en 5
5112,ch06,du155,2026-09-10 07:58:15,a qué hora es la reunión
5113,ch30,du019,2026-09-27 16:43:29,jaja
5114,ch09,du022,2026-09-14 20:02:04,qué opinan de
5115,ch01,du093,2026-09-25 00:38:35,jaja
5116,ch33,du184,2026-09-10 15:17:43,me uno en 5
5117,ch03,du009,2026-09-28 19:32:31,jaja
5118,ch09,du174,2026-09-14 15:22:05,mañana sigo
5119,ch03,du019,2026-09-20 07:10:49,gracias!
5120,ch23,du279,2026-09-12 11:53:29,subí el archivo
5121,ch02,du054,2026-09-28 14:05:18,esto no compila
5122,ch29,du151,2026-09-26 19:17:12,subí el archivo
5123,ch32,du187,2026-09-07 17:56:41,qué opinan de
5124,ch19,du124,2026-09-03 08:48:50,revisen el canal de anuncios
5125,ch20,du164,2026-09-03 11:29:34,listo
5126,ch25,du125,2026-09-09 15:06:34,esto no compila
5127,ch28,du013,2026-09-17 20:23:06,mañana sigo
5128,ch02,du090,2026-09-13 19:42:06,gracias!
5129,ch33,du148,2026-09-25 21:52:51,ya quedó el deploy
5130,ch39,du060,2026-09-20 13:48:14,subí el archivo
5131,ch29,du022,2026-09-15 15:19:53,mañana sigo
5132,ch15,du186,2026-09-24 16:39:01,ya quedó el deploy
5133,ch05,du130,2026-09-07 22:06:05,jaja
5134,ch01,du131,2026-09-01 06:01:37,mañana sigo
5135,ch11,du260,2026-09-28 20:38:14,alguien sabe cómo
5136,ch28,du236,2026-09-22 15:11:40,jaja
5137,ch22,du089,2026-09-22 00:50:12,mañana sigo
5138,ch01,du058,2026-09-26 12:40:17,esto no compila
5139,ch01,du233,2026-09-22 19:33:28,gracias!
5140,ch22,du081,2026-09-24 20:10:15,subí el archivo
5141,ch13,du053,2026-09-24 18:18:42,subí el archivo
5142,ch28,du197,2026-09-24 14:14:20,jaja
5143,ch20,du148,2026-09-18 07:52:02,ya quedó el deploy
5144,ch16,du140,2026-09-26 12:36:28,qué opinan de
5145,ch23,du131,2026-09-22 02:19:13,a qué hora es la reunión
5146,ch04,du297,2026-09-29 16:25:04,jaja
5147,ch11,du046,2026-09-28 12:10:52,mañana sigo
5148,ch39,du237,2026-09-14 18:20:58,mañana sigo
5149,ch23,du070,2026-09-12 16:08:49,alguien sabe cómo
5150,ch09,du288,2026-09-01 13:12:14,alguien sabe cómo
5151,ch23,du112,2026-09-30 09:05:30,listo
5152,ch15,du055,2026-09-15 16:55:43,jaja
5153,ch33,du200,2026-09-11 07:28:06,jaja
5154,ch19,du226,2026-09-10 10:35:35,alguien sabe cómo
5155,ch01,du244,2026-09-01 20:38:17,revisen el canal de anuncios
5156,ch26,du229,2026-09-14 14:36:17,revisen el canal de anuncios
5157,ch16,du064,2026-09-30 08:56:10,alguien sabe cómo
5158,ch01,du093,2026-09-22 08:17:25,ya quedó el deploy
5159,ch05,du038,2026-09-28 10:09:58,jaja
5160,ch35,du277,2026-09-01 09:02:40,mañana sigo
5161,ch33,du111,2026-09-05 12:27:21,a qué hora es la reunión
5162,ch02,du115,2026-09-02 18:18:59,qué opinan de
5163,ch23,du128,2026-09-16 10:53:52,subí el archivo
5164,ch33,du249,2026-09-21 13:24:04,jaja
5165,ch36,du139,2026-09-29 10:49:17,qué opinan de
5166,ch31,du162,2026-09-13 16:13:21,a qué hora es la reunión
5167,ch08,du044,2026-09-01 18:18:57,esto no compila
5168,ch20,du275,2026-09-01 08:01:26,alguien sabe cómo
5169,ch17,du262,2026-09-07 19:11:25,me uno en 5
5170,ch12,du142,2026-09-21 15:41:50,alguien sabe cómo
5171,ch38,du128,2026-09-23 12:16:00,qué opinan de
5172,ch31,du015,2026-09-16 16:51:42,alguien sabe cómo
5173,ch33,du022,2026-09-12 12:50:12,revisen el canal de anuncios
5174,ch39,du285,2026-09-22 07:28:20,ya quedó el deploy
5175,ch04,du053,2026-09-10 12:30:27,qué opinan de
5176,ch23,du225,2026-09-29 13:05:06,jaja
5177,ch32,du064,2026-09-08 11:56:56,me uno en 5
5178,ch02,du001,2026-09-20 21:30:43,subí el archivo
5179,ch28,du164,2026-09-21 11:35:46,jaja
5180,ch31,du116,2026-09-04 14:21:50,gracias!
5181,ch34,du060,2026-09-07 20:38:33,jaja
5182,ch39,du082,2026-09-21 21:09:04,a qué hora es la reunión
5183,ch02,du238,2026-09-20 07:05:55,revisen el canal de anuncios
5184,ch21,du180,2026-09-27 07:22:32,a qué hora es la reunión
5185,ch31,du178,2026-09-11 18:13:22,jaja
5186,ch06,du022,2026-09-11 08:16:48,a qué hora es la reunión
5187,ch31,du294,2026-09-24 19:39:48,ya quedó el deploy
5188,ch15,du234,2026-09-18 16:16:40,ya quedó el deploy
5189,ch16,du237,2026-09-12 12:03:01,ya quedó el deploy
5190,ch31,du026,2026-09-13 16:28:28,me uno en 5
5191,ch29,du019,2026-09-24 13:26:40,listo
5192,ch13,du262,2026-09-07 10:51:55,jaja
5193,ch22,du203,2026-09-19 18:47:54,alguien sabe cómo
5194,ch17,du035,2026-09-15 18:12:29,me uno en 5
5195,ch31,du148,2026-09-04 20:33:28,me uno en 5
5196,ch31,du026,2026-09-30 11:39:26,listo
5197,ch33,du038,2026-09-20 19:46:43,qué opinan de
5198,ch40,du186,2026-09-28 11:52:50,revisen el canal de anuncios
5199,ch36,du078,2026-09-08 14:42:11,esto no compila
5200,ch28,du056,2026-09-03 17:40:10,me uno en 5
5201,ch22,du154,2026-09-18 10:08:06,me uno en 5
5202,ch07,du220,2026-09-20 18:04:31,a qué hora es la reunión
5203,ch16,du031,2026-09-12 18:22:56,subí el archivo
5204,ch18,du067,2026-09-29 12:31:50,me uno en 5
5205,ch16,du057,2026-09-07 09:43:39,mañana sigo
5206,ch17,du261,2026-09-01 21:17:58,ya quedó el deploy
5207,ch03,du237,2026-09-07 21:46:55,mañana sigo
5208,ch25,du101,2026-09-01 10:24:32,mañana sigo
5209,ch02,du216,2026-09-03 10:43:16,subí el archivo
5210,ch31,du261,2026-09-19 15:49:08,me uno en 5
5211,ch39,du237,2026-09-19 14:56:45,subí el archivo
5212,ch14,du172,2026-09-25 11:41:57,revisen el canal de anuncios
5213,ch35,du182,2026-09-30 18:08:29,revisen el canal de anuncios
5214,ch19,du293,2026-09-18 21:42:35,listo
5215,ch23,du138,2026-09-21 05:37:38,jaja
5216,ch31,du202,2026-09-29 15:57:21,revisen el canal de anuncios
5217,ch15,du012,2026-09-18 10:36:05,mañana sigo
5218,ch29,du020,2026-09-27 15:05:46,gracias!
5219,ch05,du106,2026-09-07 16:47:07,me uno en 5
5220,ch02,du272,2026-09-28 08:20:16,jaja
5221,ch18,du149,2026-09-21 15:02:56,revisen el canal de anuncios
5222,ch04,du203,2026-09-01 16:22:24,me uno en 5
5223,ch39,du257,2026-09-06 18:58:18,esto no compila
5224,ch40,du144,2026-09-13 23:19:53,listo
5225,ch37,du295,2026-09-09 17:46:50,me uno en 5
5226,ch39,du137,2026-09-19 10:39:47,qué opinan de
5227,ch25,du255,2026-09-17 20:33:02,mañana sigo
5228,ch31,du037,2026-09-27 14:45:06,qué opinan de
5229,ch02,du041,2026-09-16 05:36:15,a qué hora es la reunión
5230,ch04,du062,2026-09-17 15:32:02,listo
5231,ch16,du294,2026-09-07 18:18:44,revisen el canal de anuncios
5232,ch01,du113,2026-09-20 06:49:14,subí el archivo
5233,ch32,du294,2026-09-25 09:00:58,a qué hora es la reunión
5234,ch04,du186,2026-09-04 19:21:06,gracias!
5235,ch30,du059,2026-09-11 22:11:14,ya quedó el deploy
5236,ch19,du100,2026-09-14 19:06:47,ya quedó el deploy
5237,ch02,du092,2026-09-06 05:50:48,qué opinan de
5238,ch36,du240,2026-09-08 20:47:59,gracias!
5239,ch39,du298,2026-09-20 18:16:50,a qué hora es la reunión
5240,ch17,du295,2026-09-21 20:50:56,ya quedó el deploy
5241,ch31,du067,2026-09-12 11:19:55,subí el archivo
5242,ch21,du139,2026-09-17 09:30:43,a qué hora es la reunión
5243,ch28,du057,2026-09-04 12:55:22,listo
5244,ch07,du079,2026-09-04 21:14:41,gracias!
5245,ch02,du224,2026-09-10 20:59:02,esto no compila
5246,ch02,du128,2026-09-02 21:02:57,listo
5247,ch15,du012,2026-09-27 17:04:15,a qué hora es la reunión
5248,ch40,du162,2026-09-23 12:59:25,a qué hora es la reunión
5249,ch18,du240,2026-09-15 15:27:02,esto no compila
5250,ch14,du218,2026-09-05 06:49:00,me uno en 5
5251,ch25,du138,2026-09-28 22:22:57,subí el archivo
5252,ch06,du118,2026-09-23 02:47:18,mañana sigo
5253,ch23,du294,2026-09-07 19:59:47,gracias!
5254,ch16,du253,2026-09-22 22:34:37,mañana sigo
5255,ch33,du157,2026-09-08 08:48:33,qué opinan de
5256,ch06,du101,2026-09-28 21:58:53,alguien sabe cómo
5257,ch20,du114,2026-09-21 21:47:10,gracias!
5258,ch31,du028,2026-09-01 10:54:18,revisen el canal de anuncios
5259,ch35,du282,2026-09-10 11:16:17,a qué hora es la reunión
5260,ch36,du026,2026-09-01 08:17:29,subí el archivo
5261,ch05,du084,2026-09-05 06:39:34,qué opinan de
5262,ch33,du050,2026-09-19 19:02:49,ya quedó el deploy
5263,ch34,du107,2026-09-09 09:36:02,revisen el canal de anuncios
5264,ch39,du036,2026-09-12 20:07:44,alguien sabe cómo
5265,ch21,du220,2026-09-13 18:50:28,ya quedó el deploy
5266,ch01,du237,2026-09-12 12:55:57,mañana sigo
5267,ch28,du082,2026-09-25 10:12:41,gracias!
5268,ch06,du157,2026-09-18 15:41:43,listo
5269,ch36,du294,2026-09-05 12:45:11,mañana sigo
5270,ch33,du091,2026-09-08 08:00:46,alguien sabe cómo
5271,ch32,du296,2026-09-17 21:18:20,jaja
5272,ch16,du011,2026-09-05 18:00:44,esto no compila
5273,ch02,du056,2026-09-26 13:28:08,revisen el canal de anuncios
5274,ch05,du100,2026-09-01 15:02:15,ya quedó el deploy
5275,ch34,du208,2026-09-26 21:20:34,qué opinan de
5276,ch05,du271,2026-09-11 19:55:12,mañana sigo
5277,ch21,du168,2026-09-02 12:11:21,listo
5278,ch29,du101,2026-09-14 16:47:55,qué opinan de
5279,ch14,du068,2026-09-20 19:48:11,alguien sabe cómo
5280,ch22,du060,2026-09-21 13:10:19,mañana sigo
5281,ch29,du247,2026-09-07 16:59:50,esto no compila
5282,ch07,du229,2026-09-16 10:46:37,mañana sigo
5283,ch04,du056,2026-09-09 18:11:29,ya quedó el deploy
5284,ch25,du283,2026-09-17 14:14:38,revisen el canal de anuncios
5285,ch36,du244,2026-09-19 13:11:56,esto no compila
5286,ch24,du044,2026-09-18 15:59:31,alguien sabe cómo
5287,ch20,du221,2026-09-07 08:59:36,ya quedó el deploy
5288,ch38,du114,2026-09-07 19:16:04,gracias!
5289,ch36,du076,2026-09-13 16:50:15,ya quedó el deploy
5290,ch06,du004,2026-09-15 16:38:19,subí el archivo
5291,ch31,du084,2026-09-06 00:37:24,esto no compila
5292,ch33,du020,2026-09-28 22:15:39,ya quedó el deploy
5293,ch11,du088,2026-09-27 07:01:38,me uno en 5
5294,ch01,du203,2026-09-07 09:02:23,gracias!
5295,ch31,du114,2026-09-04 08:14:04,mañana sigo
5296,ch24,du002,2026-09-08 07:24:54,jaja
5297,ch32,du120,2026-09-11 06:32:15,jaja
5298,ch39,du225,2026-09-07 19:43:24,gracias!
5299,ch13,du238,2026-09-30 09:27:19,me uno en 5
5300,ch07,du032,2026-09-07 10:49:36,gracias!
5301,ch24,du169,2026-09-26 14:28:36,jaja
5302,ch33,du136,2026-09-14 13:04:38,qué opinan de
5303,ch25,du280,2026-09-29 17:30:25,ya quedó el deploy
5304,ch32,du028,2026-09-18 12:34:21,a qué hora es la reunión
5305,ch04,du058,2026-09-12 14:41:00,esto no compila
5306,ch25,du191,2026-09-22 19:42:22,revisen el canal de anuncios
5307,ch29,du162,2026-09-26 18:43:16,ya quedó el deploy
5308,ch25,du014,2026-09-05 16:10:23,gracias!
5309,ch35,du121,2026-09-24 12:57:41,listo
5310,ch34,du148,2026-09-19 14:10:41,jaja
5311,ch21,du181,2026-09-30 16:40:08,subí el archivo
5312,ch38,du073,2026-09-09 06:33:21,gracias!
5313,ch15,du131,2026-09-26 09:52:28,gracias!
5314,ch33,du295,2026-09-14 15:43:49,me uno en 5
5315,ch40,du038,2026-09-27 22:02:10,subí el archivo
5316,ch32,du160,2026-09-07 12:24:45,ya quedó el deploy
5317,ch18,du137,2026-09-13 11:33:09,a qué hora es la reunión
5318,ch24,du145,2026-09-02 12:35:33,a qué hora es la reunión
5319,ch20,du133,2026-09-02 18:57:30,ya quedó el deploy
5320,ch06,du012,2026-09-01 13:37:00,alguien sabe cómo
5321,ch30,du188,2026-09-02 21:15:22,qué opinan de
5322,ch06,du043,2026-09-25 08:41:57,gracias!
5323,ch28,du186,2026-09-11 10:40:15,qué opinan de
5324,ch17,du015,2026-09-23 13:41:25,ya quedó el deploy
5325,ch35,du013,2026-09-11 13:35:03,revisen el canal de anuncios
5326,ch23,du187,2026-09-11 21:04:02,jaja
5327,ch28,du118,2026-09-27 12:13:03,a qué hora es la reunión
5328,ch31,du215,2026-09-08 19:03:51,mañana sigo
5329,ch33,du043,2026-09-29 20:59:26,subí el archivo
5330,ch33,du066,2026-09-27 14:12:10,revisen el canal de anuncios
5331,ch24,du112,2026-09-03 18:25:19,ya quedó el deploy
5332,ch21,du053,2026-09-23 13:24:56,esto no compila
5333,ch34,du294,2026-09-11 14:34:25,a qué hora es la reunión
5334,ch14,du079,2026-09-16 15:56:05,listo
5335,ch07,du125,2026-09-14 10:24:49,subí el archivo
5336,ch27,du193,2026-09-18 22:56:35,jaja
5337,ch04,du138,2026-09-05 07:56:50,a qué hora es la reunión
5338,ch04,du149,2026-09-03 16:13:16,qué opinan de
5339,ch17,du079,2026-09-22 11:51:01,listo
5340,ch02,du277,2026-09-13 06:32:14,revisen el canal de anuncios
5341,ch19,du271,2026-09-14 17:51:50,a qué hora es la reunión
5342,ch35,du015,2026-09-10 11:18:23,revisen el canal de anuncios
5343,ch08,du068,2026-09-18 16:31:24,subí el archivo
5344,ch33,du247,2026-09-09 10:58:57,esto no compila
5345,ch25,du138,2026-09-14 11:55:15,a qué hora es la reunión
5346,ch06,du182,2026-09-11 06:53:20,jaja
5347,ch36,du253,2026-09-24 21:05:15,a qué hora es la reunión
5348,ch16,du268,2026-09-11 10:07:32,qué opinan de
5349,ch31,du262,2026-09-10 07:08:48,mañana sigo
5350,ch15,du298,2026-09-05 16:32:37,ya quedó el deploy
5351,ch23,du133,2026-09-25 19:48:06,mañana sigo
5352,ch19,du047,2026-09-16 17:36:04,revisen el canal de anuncios
5353,ch08,du282,2026-09-18 13:15:37,subí el archivo
5354,ch31,du041,2026-09-25 09:01:06,esto no compila
5355,ch24,du266,2026-09-26 21:06:39,gracias!
5356,ch12,du271,2026-09-08 05:24:03,esto no compila
5357,ch16,du013,2026-09-14 14:26:16,esto no compila
5358,ch17,du172,2026-09-24 11:48:28,jaja
5359,ch09,du065,2026-09-18 13:47:58,qué opinan de
5360,ch19,du181,2026-09-06 17:58:55,ya quedó el deploy
5361,ch22,du010,2026-09-10 15:42:48,listo
5362,ch26,du057,2026-09-28 20:54:32,ya quedó el deploy
5363,ch29,du012,2026-09-18 10:21:03,subí el archivo
5364,ch22,du085,2026-09-28 05:27:23,me uno en 5
5365,ch33,du085,2026-09-13 07:52:13,ya quedó el deploy
5366,ch07,du247,2026-09-29 11:44:32,gracias!
5367,ch31,du131,2026-09-08 14:26:39,me uno en 5
5368,ch05,du093,2026-09-26 14:56:27,a qué hora es la reunión
5369,ch19,du061,2026-09-30 08:23:22,revisen el canal de anuncios
5370,ch24,du221,2026-09-24 18:10:06,alguien sabe cómo
5371,ch11,du084,2026-09-01 18:47:16,subí el archivo
5372,ch25,du115,2026-09-05 10:36:25,jaja
5373,ch36,du197,2026-09-09 20:17:30,jaja
5374,ch03,du028,2026-09-22 19:06:15,revisen el canal de anuncios
5375,ch14,du223,2026-09-05 18:10:24,a qué hora es la reunión
5376,ch04,du050,2026-09-30 13:51:01,revisen el canal de anuncios
5377,ch07,du244,2026-09-20 22:36:20,qué opinan de
5378,ch28,du110,2026-09-14 14:47:47,me uno en 5
5379,ch27,du099,2026-09-21 14:15:28,me uno en 5
5380,ch39,du122,2026-09-19 20:44:23,esto no compila
5381,ch29,du081,2026-09-01 16:26:52,jaja
5382,ch25,du098,2026-09-15 18:49:40,subí el archivo
5383,ch01,du078,2026-09-22 07:14:52,jaja
5384,ch17,du007,2026-09-17 17:57:10,qué opinan de
5385,ch28,du262,2026-09-30 12:23:50,jaja
5386,ch09,du247,2026-09-16 14:06:04,me uno en 5
5387,ch02,du101,2026-09-07 16:37:26,mañana sigo
5388,ch21,du223,2026-09-17 11:09:07,gracias!
5389,ch11,du261,2026-09-21 10:11:23,a qué hora es la reunión
5390,ch34,du038,2026-09-23 18:28:01,esto no compila
5391,ch24,du234,2026-09-06 17:54:09,ya quedó el deploy
5392,ch15,du170,2026-09-20 19:33:00,qué opinan de
5393,ch05,du154,2026-09-23 15:02:27,qué opinan de
5394,ch09,du134,2026-09-09 08:43:54,alguien sabe cómo
5395,ch09,du060,2026-09-26 12:53:33,jaja
5396,ch15,du193,2026-09-05 18:18:37,listo
5397,ch33,du021,2026-09-10 19:03:49,jaja
5398,ch35,du056,2026-09-07 07:55:25,listo
5399,ch03,du250,2026-09-06 05:35:12,alguien sabe cómo
5400,ch03,du013,2026-09-12 19:13:54,alguien sabe cómo
5401,ch36,du037,2026-09-09 20:03:09,jaja
5402,ch14,du154,2026-09-19 23:36:22,me uno en 5
5403,ch36,du012,2026-09-08 06:01:24,gracias!
5404,ch09,du122,2026-09-13 07:11:25,subí el archivo
5405,ch28,du187,2026-09-29 19:16:28,listo
5406,ch32,du155,2026-09-18 17:03:25,jaja
5407,ch13,du173,2026-09-24 16:16:11,revisen el canal de anuncios
5408,ch17,du089,2026-09-06 19:05:16,revisen el canal de anuncios
5409,ch01,du291,2026-09-01 12:52:44,listo
5410,ch29,du148,2026-09-02 13:45:27,listo
5411,ch02,du244,2026-09-18 17:20:04,me uno en 5
5412,ch39,du260,2026-09-19 05:27:00,listo
5413,ch13,du195,2026-09-26 07:15:57,listo
5414,ch01,du084,2026-09-20 19:12:17,qué opinan de
5415,ch14,du261,2026-09-21 08:02:11,mañana sigo
5416,ch32,du275,2026-09-17 12:37:11,alguien sabe cómo
5417,ch39,du296,2026-09-20 16:49:37,gracias!
5418,ch29,du219,2026-09-26 11:33:39,qué opinan de
5419,ch30,du076,2026-09-20 12:03:42,a qué hora es la reunión
5420,ch33,du120,2026-09-11 09:34:55,subí el archivo
5421,ch05,du005,2026-09-22 09:22:00,qué opinan de
5422,ch39,du129,2026-09-04 13:27:28,jaja
5423,ch01,du129,2026-09-23 13:17:10,gracias!
5424,ch31,du181,2026-09-30 14:56:40,listo
5425,ch29,du262,2026-09-02 03:38:53,mañana sigo
5426,ch25,du056,2026-09-07 12:52:59,qué opinan de
5427,ch06,du193,2026-09-28 08:18:50,mañana sigo
5428,ch33,du131,2026-09-23 18:30:46,gracias!
5429,ch05,du026,2026-09-13 13:31:11,a qué hora es la reunión
5430,ch21,du039,2026-09-15 21:06:02,subí el archivo
5431,ch16,du104,2026-09-13 18:44:06,gracias!
5432,ch04,du191,2026-09-05 07:24:17,listo
5433,ch24,du066,2026-09-29 06:23:03,a qué hora es la reunión
5434,ch14,du200,2026-09-18 15:07:29,alguien sabe cómo
5435,ch30,du236,2026-09-14 10:39:31,alguien sabe cómo
5436,ch23,du283,2026-09-02 18:09:58,subí el archivo
5437,ch15,du011,2026-09-23 17:53:23,jaja
5438,ch19,du074,2026-09-25 21:21:33,qué opinan de
5439,ch34,du254,2026-09-10 21:24:15,alguien sabe cómo
5440,ch33,du022,2026-09-26 17:42:18,listo
5441,ch14,du003,2026-09-17 09:53:11,a qué hora es la reunión
5442,ch33,du230,2026-09-11 10:00:46,subí el archivo
5443,ch03,du136,2026-09-05 16:43:10,a qué hora es la reunión
5444,ch06,du112,2026-09-02 09:56:48,listo
5445,ch33,du203,2026-09-07 08:57:03,mañana sigo
5446,ch33,du219,2026-09-20 07:34:48,gracias!
5447,ch06,du149,2026-09-11 18:05:35,alguien sabe cómo
5448,ch32,du040,2026-09-19 15:35:12,esto no compila
5449,ch18,du118,2026-09-07 09:57:23,me uno en 5
5450,ch19,du221,2026-09-13 13:04:52,gracias!
5451,ch28,du222,2026-09-07 15:20:09,revisen el canal de anuncios
5452,ch35,du112,2026-09-16 12:04:19,gracias!
5453,ch39,du287,2026-09-26 06:45:25,esto no compila
5454,ch33,du088,2026-09-07 21:17:01,listo
5455,ch24,du119,2026-09-03 15:07:49,listo
5456,ch21,du271,2026-09-13 15:09:16,me uno en 5
5457,ch19,du106,2026-09-17 22:48:52,subí el archivo
5458,ch16,du053,2026-09-04 08:21:07,gracias!
5459,ch40,du224,2026-09-16 02:00:55,ya quedó el deploy
5460,ch01,du114,2026-09-16 09:21:46,listo
5461,ch02,du186,2026-09-08 11:16:25,me uno en 5
5462,ch09,du117,2026-09-13 08:10:32,esto no compila
5463,ch06,du125,2026-09-11 12:13:07,ya quedó el deploy
5464,ch05,du081,2026-09-21 13:16:40,gracias!
5465,ch25,du033,2026-09-21 06:13:55,mañana sigo
5466,ch17,du082,2026-09-29 20:31:29,mañana sigo
5467,ch01,du050,2026-09-22 11:23:10,alguien sabe cómo
5468,ch22,du043,2026-09-29 10:10:42,subí el archivo
5469,ch23,du162,2026-09-10 08:24:50,alguien sabe cómo
5470,ch28,du053,2026-09-29 09:45:02,esto no compila
5471,ch14,du233,2026-09-27 17:51:30,esto no compila
5472,ch09,du292,2026-09-17 17:37:10,gracias!
5473,ch15,du246,2026-09-04 08:09:17,alguien sabe cómo
5474,ch28,du182,2026-09-06 07:09:45,esto no compila
5475,ch31,du191,2026-09-27 00:58:59,qué opinan de
5476,ch36,du026,2026-09-23 18:25:12,esto no compila
5477,ch01,du125,2026-09-12 03:01:27,me uno en 5
5478,ch40,du187,2026-09-27 14:03:18,jaja
5479,ch14,du240,2026-09-15 21:43:06,revisen el canal de anuncios
5480,ch12,du187,2026-09-30 16:32:56,ya quedó el deploy
5481,ch24,du031,2026-09-26 12:13:02,esto no compila
5482,ch25,du277,2026-09-19 03:10:22,qué opinan de
5483,ch19,du120,2026-09-08 12:56:58,alguien sabe cómo
5484,ch32,du252,2026-09-04 20:46:56,listo
5485,ch01,du200,2026-09-18 09:04:19,mañana sigo
5486,ch17,du028,2026-09-02 20:34:55,gracias!
5487,ch05,du129,2026-09-04 10:56:20,listo
5488,ch02,du015,2026-09-28 14:03:47,qué opinan de
5489,ch02,du285,2026-09-16 13:35:08,esto no compila
5490,ch23,du089,2026-09-30 07:43:40,subí el archivo
5491,ch28,du118,2026-09-10 09:24:32,gracias!
5492,ch27,du209,2026-09-13 09:18:55,esto no compila
5493,ch33,du224,2026-09-09 19:24:15,ya quedó el deploy
5494,ch07,du124,2026-09-16 23:41:26,me uno en 5
5495,ch36,du174,2026-09-04 18:12:46,subí el archivo
5496,ch04,du164,2026-09-18 07:55:10,gracias!
5497,ch30,du148,2026-09-04 13:07:35,ya quedó el deploy
5498,ch34,du007,2026-09-14 02:50:46,jaja
5499,ch01,du181,2026-09-06 03:23:09,a qué hora es la reunión
5500,ch11,du201,2026-09-04 17:35:31,qué opinan de
5501,ch28,du269,2026-09-06 10:24:33,qué opinan de
5502,ch01,du248,2026-09-07 19:22:15,me uno en 5
5503,ch15,du210,2026-09-14 22:00:15,qué opinan de
5504,ch31,du282,2026-09-09 16:50:03,a qué hora es la reunión
5505,ch25,du235,2026-09-05 10:50:53,ya quedó el deploy
5506,ch25,du082,2026-09-10 14:57:46,qué opinan de
5507,ch32,du037,2026-09-22 07:54:22,me uno en 5
5508,ch33,du184,2026-09-18 07:39:23,gracias!
5509,ch23,du036,2026-09-20 14:51:53,gracias!
5510,ch07,du181,2026-09-12 20:35:59,esto no compila
5511,ch07,du197,2026-09-12 16:31:49,esto no compila
5512,ch24,du188,2026-09-09 22:12:03,alguien sabe cómo
5513,ch33,du052,2026-09-14 10:53:08,listo
5514,ch05,du102,2026-09-22 17:04:55,a qué hora es la reunión
5515,ch30,du115,2026-09-29 18:59:13,esto no compila
5516,ch26,du298,2026-09-10 08:04:10,alguien sabe cómo
5517,ch19,du171,2026-09-24 14:57:35,jaja
5518,ch23,du003,2026-09-03 07:43:43,jaja
5519,ch20,du276,2026-09-18 16:40:56,esto no compila
5520,ch29,du084,2026-09-28 15:54:50,gracias!
5521,ch18,du249,2026-09-28 08:54:24,mañana sigo
5522,ch24,du193,2026-09-18 17:08:40,gracias!
5523,ch28,du004,2026-09-16 10:54:02,subí el archivo
5524,ch10,du030,2026-09-11 09:32:27,subí el archivo
5525,ch09,du169,2026-09-18 16:41:33,ya quedó el deploy
5526,ch31,du010,2026-09-14 09:35:31,me uno en 5
5527,ch30,du008,2026-09-03 21:23:45,revisen el canal de anuncios
5528,ch33,du215,2026-09-17 09:16:45,subí el archivo
5529,ch14,du255,2026-09-16 16:15:27,me uno en 5
5530,ch04,du074,2026-09-16 19:17:11,revisen el canal de anuncios
5531,ch33,du142,2026-09-17 21:27:04,listo
5532,ch33,du104,2026-09-13 18:04:36,alguien sabe cómo
5533,ch31,du061,2026-09-03 18:56:49,revisen el canal de anuncios
5534,ch25,du240,2026-09-15 14:35:58,alguien sabe cómo
5535,ch22,du215,2026-09-22 20:33:01,alguien sabe cómo
5536,ch04,du136,2026-09-13 06:51:07,a qué hora es la reunión
5537,ch18,du129,2026-09-19 12:05:29,jaja
5538,ch36,du171,2026-09-29 08:45:23,qué opinan de
5539,ch25,du085,2026-09-30 11:12:00,me uno en 5
5540,ch14,du052,2026-09-12 18:52:58,a qué hora es la reunión
5541,ch30,du064,2026-09-08 23:38:49,mañana sigo
5542,ch35,du102,2026-09-02 15:07:11,me uno en 5
5543,ch08,du177,2026-09-10 09:20:37,listo
5544,ch19,du142,2026-09-27 20:58:37,jaja
5545,ch39,du061,2026-09-09 15:50:53,ya quedó el deploy
5546,ch33,du172,2026-09-02 02:19:47,listo
5547,ch01,du081,2026-09-20 10:57:34,gracias!
5548,ch33,du244,2026-09-14 20:20:53,gracias!
5549,ch15,du003,2026-09-02 17:52:24,esto no compila
5550,ch32,du294,2026-09-05 15:44:03,subí el archivo
5551,ch22,du176,2026-09-12 23:29:45,esto no compila
5552,ch01,du208,2026-09-18 16:48:30,listo
5553,ch19,du253,2026-09-08 20:03:24,jaja
5554,ch07,du085,2026-09-08 12:56:17,gracias!
5555,ch16,du131,2026-09-30 14:30:03,listo
5556,ch23,du112,2026-09-21 10:38:33,jaja
5557,ch36,du003,2026-09-06 22:03:04,subí el archivo
5558,ch03,du080,2026-09-28 09:23:48,mañana sigo
5559,ch29,du295,2026-09-26 11:40:53,gracias!
5560,ch39,du177,2026-09-19 21:15:47,listo
5561,ch20,du062,2026-09-01 16:52:33,listo
5562,ch39,du150,2026-09-21 23:30:19,mañana sigo
5563,ch36,du187,2026-09-23 00:41:16,qué opinan de
5564,ch15,du224,2026-09-20 15:14:29,qué opinan de
5565,ch31,du148,2026-09-06 14:15:35,jaja
5566,ch16,du275,2026-09-26 14:29:06,revisen el canal de anuncios
5567,ch31,du168,2026-09-25 18:01:22,mañana sigo
5568,ch01,du246,2026-09-22 08:29:07,listo
5569,ch16,du267,2026-09-24 09:35:02,subí el archivo
5570,ch39,du107,2026-09-30 14:04:21,ya quedó el deploy
5571,ch28,du164,2026-09-04 22:01:17,alguien sabe cómo
5572,ch16,du228,2026-09-21 20:22:18,a qué hora es la reunión
5573,ch31,du152,2026-09-20 07:25:42,subí el archivo
5574,ch04,du201,2026-09-03 13:32:29,subí el archivo
5575,ch24,du071,2026-09-17 08:59:36,gracias!
5576,ch36,du131,2026-09-12 11:34:43,qué opinan de
5577,ch20,du174,2026-09-16 11:15:09,alguien sabe cómo
5578,ch31,du114,2026-09-01 07:00:00,listo
5579,ch36,du241,2026-09-07 18:15:37,jaja
5580,ch17,du178,2026-09-16 11:37:28,qué opinan de
5581,ch25,du257,2026-09-18 17:46:37,me uno en 5
5582,ch03,du085,2026-09-19 13:31:25,qué opinan de
5583,ch12,du222,2026-09-13 07:31:45,gracias!
5584,ch16,du129,2026-09-04 10:02:19,jaja
5585,ch12,du221,2026-09-30 12:23:19,listo
5586,ch14,du114,2026-09-15 09:17:00,listo
5587,ch14,du217,2026-09-20 16:32:31,me uno en 5
5588,ch16,du105,2026-09-23 14:27:08,gracias!
5589,ch36,du184,2026-09-11 09:15:56,a qué hora es la reunión
5590,ch04,du200,2026-09-05 15:07:00,listo
5591,ch17,du126,2026-09-19 21:49:53,listo
5592,ch17,du131,2026-09-27 15:25:31,subí el archivo
5593,ch03,du134,2026-09-22 19:42:32,mañana sigo
5594,ch11,du144,2026-09-21 20:58:08,subí el archivo
5595,ch24,du182,2026-09-13 08:05:20,me uno en 5
5596,ch14,du012,2026-09-27 17:19:35,revisen el canal de anuncios
5597,ch02,du007,2026-09-09 13:25:27,mañana sigo
5598,ch23,du129,2026-09-20 20:05:04,alguien sabe cómo
5599,ch25,du151,2026-09-23 18:50:11,esto no compila
5600,ch01,du230,2026-09-01 14:04:35,qué opinan de
5601,ch21,du004,2026-09-20 08:02:55,subí el archivo
5602,ch09,du276,2026-09-12 21:21:04,gracias!
5603,ch04,du165,2026-09-08 08:15:55,listo
5604,ch29,du297,2026-09-03 22:40:36,revisen el canal de anuncios
5605,ch33,du114,2026-09-22 21:19:11,revisen el canal de anuncios
5606,ch24,du193,2026-09-22 23:11:33,a qué hora es la reunión
5607,ch37,du173,2026-09-25 17:17:40,subí el archivo
5608,ch19,du004,2026-09-27 07:13:34,a qué hora es la reunión
5609,ch27,du084,2026-09-08 09:36:23,a qué hora es la reunión
5610,ch15,du244,2026-09-03 17:42:44,gracias!
5611,ch13,du228,2026-09-19 19:08:10,revisen el canal de anuncios
5612,ch27,du051,2026-09-20 18:34:45,mañana sigo
5613,ch31,du102,2026-09-23 08:54:28,listo
5614,ch16,du282,2026-09-06 01:01:26,esto no compila
5615,ch33,du105,2026-09-23 17:43:38,a qué hora es la reunión
5616,ch15,du122,2026-09-19 22:54:28,mañana sigo
5617,ch39,du193,2026-09-28 20:33:44,ya quedó el deploy
5618,ch02,du122,2026-09-11 15:24:51,jaja
5619,ch31,du262,2026-09-13 17:11:12,me uno en 5
5620,ch02,du086,2026-09-09 21:20:13,listo
5621,ch19,du082,2026-09-13 16:32:54,esto no compila
5622,ch02,du269,2026-09-14 12:41:37,mañana sigo
5623,ch32,du078,2026-09-16 19:56:08,gracias!
5624,ch04,du026,2026-09-09 10:47:07,gracias!
5625,ch17,du149,2026-09-24 12:26:16,revisen el canal de anuncios
5626,ch35,du191,2026-09-12 18:20:02,ya quedó el deploy
5627,ch24,du213,2026-09-30 11:49:17,qué opinan de
5628,ch29,du114,2026-09-24 10:09:11,mañana sigo
5629,ch23,du294,2026-09-23 13:46:40,esto no compila
5630,ch03,du220,2026-09-23 18:26:31,esto no compila
5631,ch04,du057,2026-09-04 21:38:29,listo
5632,ch32,du267,2026-09-14 20:40:01,gracias!
5633,ch27,du078,2026-09-15 04:35:05,ya quedó el deploy
5634,ch39,du095,2026-09-15 21:30:40,qué opinan de
5635,ch34,du177,2026-09-21 12:19:30,ya quedó el deploy
5636,ch31,du142,2026-09-20 17:12:03,gracias!
5637,ch06,du191,2026-09-08 09:03:19,qué opinan de
5638,ch24,du015,2026-09-05 02:34:59,qué opinan de
5639,ch29,du125,2026-09-23 18:56:19,ya quedó el deploy
5640,ch33,du162,2026-09-07 04:10:50,subí el archivo
5641,ch32,du217,2026-09-28 18:28:50,subí el archivo
5642,ch16,du088,2026-09-18 19:41:35,jaja
5643,ch02,du226,2026-09-24 15:42:47,a qué hora es la reunión
5644,ch36,du175,2026-09-13 12:29:33,listo
5645,ch07,du161,2026-09-11 11:53:53,listo
5646,ch32,du049,2026-09-12 18:03:35,subí el archivo
5647,ch14,du215,2026-09-04 08:52:44,alguien sabe cómo
5648,ch32,du220,2026-09-29 04:16:36,subí el archivo
5649,ch25,du174,2026-09-12 08:40:55,mañana sigo
5650,ch18,du242,2026-09-16 15:01:41,subí el archivo
5651,ch31,du118,2026-09-03 18:50:04,subí el archivo
5652,ch28,du068,2026-09-05 14:35:55,qué opinan de
5653,ch15,du204,2026-09-08 17:13:14,ya quedó el deploy
5654,ch05,du204,2026-09-27 18:07:47,subí el archivo
5655,ch31,du190,2026-09-22 11:16:06,mañana sigo
5656,ch04,du225,2026-09-16 00:52:03,a qué hora es la reunión
5657,ch36,du179,2026-09-20 10:51:05,listo
5658,ch09,du160,2026-09-24 21:18:45,gracias!
5659,ch39,du123,2026-09-30 17:13:09,a qué hora es la reunión
5660,ch04,du262,2026-09-15 15:22:19,esto no compila
5661,ch04,du081,2026-09-20 15:34:51,jaja
5662,ch23,du051,2026-09-04 23:45:17,gracias!
5663,ch16,du040,2026-09-21 16:40:35,gracias!
5664,ch39,du248,2026-09-12 07:47:42,jaja
5665,ch01,du061,2026-09-01 17:58:06,a qué hora es la reunión
5666,ch31,du162,2026-09-08 08:17:49,esto no compila
5667,ch21,du106,2026-09-28 14:19:38,alguien sabe cómo
5668,ch28,du052,2026-09-18 07:58:48,esto no compila
5669,ch35,du120,2026-09-07 09:21:19,alguien sabe cómo
5670,ch06,du261,2026-09-20 13:44:55,esto no compila
5671,ch24,du063,2026-09-16 18:20:07,mañana sigo
5672,ch31,du177,2026-09-23 17:55:02,gracias!
5673,ch06,du300,2026-09-29 11:20:59,alguien sabe cómo
5674,ch29,du017,2026-09-07 14:39:48,me uno en 5
5675,ch39,du104,2026-09-14 07:05:43,jaja
5676,ch04,du060,2026-09-18 12:57:55,listo
5677,ch07,du295,2026-09-16 15:07:40,a qué hora es la reunión
5678,ch34,du182,2026-09-19 07:14:12,mañana sigo
5679,ch09,du168,2026-09-17 18:49:14,alguien sabe cómo
5680,ch31,du113,2026-09-09 17:53:37,ya quedó el deploy
5681,ch17,du043,2026-09-17 17:23:38,gracias!
5682,ch03,du170,2026-09-17 00:20:58,esto no compila
5683,ch06,du078,2026-09-08 19:58:26,esto no compila
5684,ch24,du031,2026-09-06 15:15:45,ya quedó el deploy
5685,ch29,du223,2026-09-12 12:58:12,revisen el canal de anuncios
5686,ch33,du255,2026-09-20 23:27:46,esto no compila
5687,ch15,du084,2026-09-25 17:33:04,esto no compila
5688,ch28,du193,2026-09-21 19:27:42,subí el archivo
5689,ch21,du186,2026-09-15 07:03:59,mañana sigo
5690,ch24,du117,2026-09-15 19:34:04,me uno en 5
5691,ch19,du049,2026-09-16 18:34:15,jaja
5692,ch32,du159,2026-09-27 17:35:02,a qué hora es la reunión
5693,ch01,du115,2026-09-18 12:16:20,revisen el canal de anuncios
5694,ch25,du172,2026-09-30 08:53:30,qué opinan de
5695,ch16,du197,2026-09-06 19:34:12,listo
5696,ch18,du012,2026-09-13 17:42:49,mañana sigo
5697,ch02,du262,2026-09-14 12:30:24,jaja
5698,ch23,du176,2026-09-17 08:43:46,listo
5699,ch32,du129,2026-09-20 22:56:59,ya quedó el deploy
5700,ch28,du251,2026-09-12 12:04:39,esto no compila
5701,ch30,du282,2026-09-24 08:59:27,subí el archivo
5702,ch21,du171,2026-09-13 20:14:37,revisen el canal de anuncios
5703,ch18,du252,2026-09-25 15:27:14,revisen el canal de anuncios
5704,ch19,du262,2026-09-22 09:22:06,revisen el canal de anuncios
5705,ch23,du244,2026-09-25 11:27:06,a qué hora es la reunión
5706,ch04,du021,2026-09-11 18:57:05,mañana sigo
5707,ch21,du097,2026-09-18 18:58:03,gracias!
5708,ch25,du250,2026-09-09 07:33:49,esto no compila
5709,ch31,du173,2026-09-28 11:17:21,qué opinan de
5710,ch09,du107,2026-09-23 07:03:55,a qué hora es la reunión
5711,ch33,du226,2026-09-09 06:18:27,ya quedó el deploy
5712,ch13,du064,2026-09-06 15:17:19,revisen el canal de anuncios
5713,ch16,du208,2026-09-12 19:18:22,me uno en 5
5714,ch31,du236,2026-09-28 12:32:00,a qué hora es la reunión
5715,ch16,du174,2026-09-23 15:29:19,qué opinan de
5716,ch16,du152,2026-09-28 23:23:24,jaja
5717,ch05,du046,2026-09-24 13:40:27,jaja
5718,ch32,du195,2026-09-03 13:57:51,subí el archivo
5719,ch09,du051,2026-09-29 01:36:07,jaja
5720,ch03,du014,2026-09-22 08:11:17,a qué hora es la reunión
5721,ch14,du107,2026-09-13 17:37:51,esto no compila
5722,ch29,du105,2026-09-01 08:45:21,alguien sabe cómo
5723,ch16,du091,2026-09-25 18:14:09,jaja
5724,ch19,du152,2026-09-15 17:36:07,mañana sigo
5725,ch25,du095,2026-09-17 12:02:48,mañana sigo
5726,ch39,du220,2026-09-16 17:18:52,gracias!
5727,ch15,du052,2026-09-06 11:51:48,gracias!
5728,ch25,du010,2026-09-09 15:16:20,subí el archivo
5729,ch02,du220,2026-09-07 09:16:51,listo
5730,ch05,du077,2026-09-27 10:04:59,jaja
5731,ch17,du120,2026-09-04 18:42:52,me uno en 5
5732,ch29,du223,2026-09-10 20:38:45,mañana sigo
5733,ch17,du172,2026-09-28 22:09:27,subí el archivo
5734,ch02,du041,2026-09-28 13:26:47,qué opinan de
5735,ch39,du183,2026-09-13 08:35:54,alguien sabe cómo
5736,ch21,du115,2026-09-04 14:35:33,subí el archivo
5737,ch28,du051,2026-09-19 13:58:41,qué opinan de
5738,ch24,du129,2026-09-24 08:34:28,subí el archivo
5739,ch34,du052,2026-09-20 07:56:53,me uno en 5
5740,ch18,du215,2026-09-10 08:09:23,listo
5741,ch16,du155,2026-09-26 17:52:02,me uno en 5
5742,ch03,du081,2026-09-04 19:17:55,listo
5743,ch18,du031,2026-09-16 06:47:06,jaja
5744,ch29,du149,2026-09-25 19:40:36,gracias!
5745,ch36,du296,2026-09-09 13:43:15,me uno en 5
5746,ch17,du139,2026-09-30 13:52:17,a qué hora es la reunión
5747,ch33,du048,2026-09-14 22:32:40,gracias!
5748,ch17,du064,2026-09-01 23:51:24,gracias!
5749,ch29,du261,2026-09-14 07:13:07,qué opinan de
5750,ch13,du162,2026-09-28 10:38:19,ya quedó el deploy
5751,ch23,du226,2026-09-21 07:29:27,a qué hora es la reunión
5752,ch32,du215,2026-09-16 17:38:27,a qué hora es la reunión
5753,ch26,du068,2026-09-26 10:13:37,a qué hora es la reunión
5754,ch04,du184,2026-09-18 13:50:00,revisen el canal de anuncios
5755,ch36,du015,2026-09-02 08:24:07,esto no compila
5756,ch01,du107,2026-09-10 14:43:25,alguien sabe cómo
5757,ch21,du141,2026-09-03 09:38:28,esto no compila
5758,ch32,du165,2026-09-25 15:22:37,ya quedó el deploy
5759,ch16,du122,2026-09-05 04:28:05,alguien sabe cómo
5760,ch20,du229,2026-09-13 17:16:29,gracias!
5761,ch04,du068,2026-09-17 12:37:08,alguien sabe cómo
5762,ch04,du174,2026-09-02 08:00:15,listo
5763,ch23,du081,2026-09-04 16:40:24,listo
5764,ch25,du267,2026-09-09 08:58:23,mañana sigo
5765,ch27,du240,2026-09-21 09:09:19,revisen el canal de anuncios
5766,ch33,du076,2026-09-08 12:16:50,gracias!
5767,ch09,du011,2026-09-08 22:49:40,qué opinan de
5768,ch25,du035,2026-09-10 10:30:30,mañana sigo
5769,ch19,du085,2026-09-05 10:57:11,a qué hora es la reunión
5770,ch19,du222,2026-09-24 17:12:48,gracias!
5771,ch26,du261,2026-09-14 20:44:30,revisen el canal de anuncios
5772,ch11,du007,2026-09-17 17:17:32,jaja
5773,ch05,du266,2026-09-07 09:01:48,revisen el canal de anuncios
5774,ch19,du234,2026-09-12 13:38:43,revisen el canal de anuncios
5775,ch13,du219,2026-09-30 07:27:55,alguien sabe cómo
5776,ch05,du005,2026-09-18 14:27:41,mañana sigo
5777,ch39,du165,2026-09-05 22:55:55,revisen el canal de anuncios
5778,ch20,du222,2026-09-07 20:01:07,qué opinan de
5779,ch37,du031,2026-09-05 18:38:10,gracias!
5780,ch36,du195,2026-09-15 10:09:47,revisen el canal de anuncios
5781,ch25,du005,2026-09-20 13:40:47,revisen el canal de anuncios
5782,ch07,du233,2026-09-12 08:44:49,subí el archivo
5783,ch01,du154,2026-09-03 15:38:22,listo
5784,ch28,du018,2026-09-10 13:12:18,a qué hora es la reunión
5785,ch36,du151,2026-09-20 16:09:47,esto no compila
5786,ch32,du242,2026-09-15 08:39:26,alguien sabe cómo
5787,ch04,du264,2026-09-18 08:36:46,esto no compila
5788,ch23,du172,2026-09-01 19:46:07,subí el archivo
5789,ch03,du187,2026-09-23 06:15:52,esto no compila
5790,ch31,du014,2026-09-13 11:55:15,mañana sigo
5791,ch36,du099,2026-09-19 13:42:48,subí el archivo
5792,ch04,du297,2026-09-21 00:23:24,jaja
5793,ch21,du122,2026-09-09 13:11:24,qué opinan de
5794,ch06,du037,2026-09-25 13:33:47,qué opinan de
5795,ch02,du129,2026-09-03 23:17:17,ya quedó el deploy
5796,ch05,du210,2026-09-05 18:41:23,revisen el canal de anuncios
5797,ch04,du186,2026-09-10 16:19:40,qué opinan de
5798,ch16,du203,2026-09-24 15:12:22,ya quedó el deploy
5799,ch05,du076,2026-09-08 13:31:59,esto no compila
5800,ch23,du280,2026-09-06 14:26:00,mañana sigo
5801,ch34,du223,2026-09-19 14:11:07,me uno en 5
5802,ch36,du289,2026-09-26 17:07:31,gracias!
5803,ch04,du276,2026-09-10 15:18:08,jaja
5804,ch01,du033,2026-09-03 08:34:40,listo
5805,ch16,du148,2026-09-07 09:44:26,qué opinan de
5806,ch28,du223,2026-09-03 17:02:17,gracias!
5807,ch02,du029,2026-09-12 08:53:40,alguien sabe cómo
5808,ch21,du106,2026-09-02 16:36:13,alguien sabe cómo
5809,ch28,du094,2026-09-13 21:02:19,gracias!
5810,ch29,du001,2026-09-28 03:43:42,revisen el canal de anuncios
5811,ch17,du234,2026-09-10 10:07:48,jaja
5812,ch24,du248,2026-09-10 17:14:34,alguien sabe cómo
5813,ch18,du222,2026-09-06 16:05:22,me uno en 5
5814,ch26,du148,2026-09-08 09:59:48,subí el archivo
5815,ch25,du052,2026-09-13 16:45:17,mañana sigo
5816,ch35,du184,2026-09-17 12:11:22,a qué hora es la reunión
5817,ch08,du177,2026-09-05 17:34:00,listo
5818,ch25,du082,2026-09-20 21:55:28,qué opinan de
5819,ch34,du228,2026-09-02 08:37:59,subí el archivo
5820,ch14,du226,2026-09-29 16:17:43,alguien sabe cómo
5821,ch14,du026,2026-09-23 15:12:29,jaja
5822,ch04,du203,2026-09-06 17:26:55,esto no compila
5823,ch19,du279,2026-09-30 19:54:33,listo
5824,ch39,du119,2026-09-16 18:11:07,mañana sigo
5825,ch12,du186,2026-09-03 19:14:34,ya quedó el deploy
5826,ch12,du159,2026-09-10 20:10:56,gracias!
5827,ch35,du014,2026-09-27 17:27:43,me uno en 5
5828,ch40,du056,2026-09-22 20:01:25,revisen el canal de anuncios
5829,ch14,du029,2026-09-01 13:46:58,me uno en 5
5830,ch23,du007,2026-09-30 15:47:50,gracias!
5831,ch35,du262,2026-09-20 07:57:42,subí el archivo
5832,ch22,du080,2026-09-15 14:16:28,gracias!
5833,ch28,du174,2026-09-01 21:34:10,ya quedó el deploy
5834,ch16,du002,2026-09-22 18:48:32,alguien sabe cómo
5835,ch37,du106,2026-09-29 17:59:05,listo
5836,ch26,du193,2026-09-08 11:49:00,ya quedó el deploy
5837,ch29,du019,2026-09-17 11:15:57,qué opinan de
5838,ch25,du079,2026-09-13 12:05:54,gracias!
5839,ch39,du077,2026-09-22 20:01:55,gracias!
5840,ch25,du119,2026-09-02 12:40:36,mañana sigo
5841,ch02,du200,2026-09-07 12:04:05,qué opinan de
5842,ch06,du030,2026-09-25 20:51:25,mañana sigo
5843,ch20,du074,2026-09-10 05:07:40,qué opinan de
5844,ch28,du294,2026-09-30 17:57:51,subí el archivo
5845,ch09,du172,2026-09-19 15:47:07,me uno en 5
5846,ch31,du215,2026-09-07 18:19:00,jaja
5847,ch40,du242,2026-09-07 22:39:09,gracias!
5848,ch18,du236,2026-09-02 15:50:07,qué opinan de
5849,ch25,du139,2026-09-08 23:47:52,subí el archivo
5850,ch33,du228,2026-09-25 08:44:46,gracias!
5851,ch17,du157,2026-09-15 19:20:23,esto no compila
5852,ch29,du268,2026-09-13 18:22:56,gracias!
5853,ch22,du148,2026-09-04 11:19:02,jaja
5854,ch33,du229,2026-09-11 15:11:18,revisen el canal de anuncios
5855,ch05,du124,2026-09-01 17:59:05,revisen el canal de anuncios
5856,ch21,du180,2026-09-27 07:29:28,alguien sabe cómo
5857,ch24,du194,2026-09-26 06:23:57,mañana sigo
5858,ch16,du245,2026-09-05 15:50:59,subí el archivo
5859,ch16,du201,2026-09-23 21:48:57,alguien sabe cómo
5860,ch16,du229,2026-09-17 04:59:01,a qué hora es la reunión
5861,ch16,du142,2026-09-14 14:44:59,a qué hora es la reunión
5862,ch35,du162,2026-09-09 18:26:54,qué opinan de
5863,ch11,du117,2026-09-05 09:01:36,esto no compila
5864,ch07,du134,2026-09-28 23:45:31,jaja
5865,ch06,du255,2026-09-30 14:31:26,gracias!
5866,ch19,du174,2026-09-16 08:01:54,ya quedó el deploy
5867,ch33,du078,2026-09-07 15:26:49,listo
5868,ch19,du076,2026-09-19 12:10:55,qué opinan de
5869,ch02,du079,2026-09-24 21:14:32,esto no compila
5870,ch03,du081,2026-09-30 17:03:08,gracias!
5871,ch35,du038,2026-09-06 08:53:06,listo
5872,ch23,du131,2026-09-05 12:50:45,jaja
5873,ch17,du218,2026-09-12 07:09:30,gracias!
5874,ch28,du277,2026-09-19 20:49:04,listo
5875,ch31,du091,2026-09-18 09:33:08,mañana sigo
5876,ch19,du106,2026-09-29 05:02:16,esto no compila
5877,ch03,du100,2026-09-23 14:37:41,ya quedó el deploy
5878,ch02,du009,2026-09-17 21:47:59,qué opinan de
5879,ch39,du189,2026-09-12 11:16:15,a qué hora es la reunión
5880,ch33,du193,2026-09-04 00:27:27,listo
5881,ch34,du294,2026-09-25 20:40:51,subí el archivo
5882,ch34,du077,2026-09-07 20:23:43,a qué hora es la reunión
5883,ch31,du066,2026-09-27 11:24:19,alguien sabe cómo
5884,ch13,du242,2026-09-27 04:04:14,mañana sigo
5885,ch30,du261,2026-09-18 14:15:54,listo
5886,ch28,du188,2026-09-17 08:12:32,jaja
5887,ch09,du102,2026-09-27 09:26:48,revisen el canal de anuncios
5888,ch27,du106,2026-09-07 12:27:33,mañana sigo
5889,ch33,du137,2026-09-16 15:41:53,subí el archivo
5890,ch09,du204,2026-09-19 11:25:06,alguien sabe cómo
5891,ch14,du088,2026-09-27 13:43:33,me uno en 5
5892,ch35,du208,2026-09-03 22:09:38,alguien sabe cómo
5893,ch19,du007,2026-09-10 13:51:46,alguien sabe cómo
5894,ch23,du299,2026-09-14 14:12:32,qué opinan de
5895,ch05,du222,2026-09-23 18:36:28,revisen el canal de anuncios
5896,ch16,du050,2026-09-15 20:34:23,gracias!
5897,ch23,du065,2026-09-19 15:11:14,a qué hora es la reunión
5898,ch20,du119,2026-09-16 02:50:44,ya quedó el deploy
5899,ch12,du290,2026-09-29 12:22:52,mañana sigo
5900,ch22,du120,2026-09-20 09:29:52,mañana sigo
5901,ch09,du157,2026-09-17 12:09:34,listo
5902,ch01,du290,2026-09-11 22:44:25,a qué hora es la reunión
5903,ch32,du036,2026-09-29 15:36:40,revisen el canal de anuncios
5904,ch16,du240,2026-09-07 16:31:36,qué opinan de
5905,ch06,du204,2026-09-17 18:27:37,alguien sabe cómo
5906,ch01,du059,2026-09-15 07:59:14,ya quedó el deploy
5907,ch24,du106,2026-09-11 09:32:36,subí el archivo
5908,ch02,du043,2026-09-29 19:36:45,listo
5909,ch19,du112,2026-09-15 13:39:16,gracias!
5910,ch22,du128,2026-09-27 15:16:11,qué opinan de
5911,ch05,du285,2026-09-02 07:44:36,subí el archivo
5912,ch14,du182,2026-09-06 17:24:13,jaja
5913,ch16,du243,2026-09-08 23:05:34,me uno en 5
5914,ch25,du078,2026-09-14 20:50:29,subí el archivo
5915,ch25,du272,2026-09-30 18:45:08,listo
5916,ch25,du223,2026-09-01 08:52:36,mañana sigo
5917,ch36,du183,2026-09-29 19:16:42,alguien sabe cómo
5918,ch02,du182,2026-09-02 06:00:05,jaja
5919,ch24,du104,2026-09-26 18:05:06,esto no compila
5920,ch20,du283,2026-09-20 17:56:21,a qué hora es la reunión
5921,ch04,du164,2026-09-27 09:54:00,gracias!
5922,ch39,du052,2026-09-03 21:39:07,qué opinan de
5923,ch16,du043,2026-09-04 18:06:26,me uno en 5
5924,ch05,du247,2026-09-05 16:08:46,subí el archivo
5925,ch17,du063,2026-09-29 17:26:47,revisen el canal de anuncios
5926,ch01,du145,2026-09-18 05:58:18,jaja
5927,ch24,du237,2026-09-13 14:31:12,qué opinan de
5928,ch15,du142,2026-09-14 06:14:01,qué opinan de
5929,ch32,du162,2026-09-15 11:43:36,qué opinan de
5930,ch16,du020,2026-09-26 19:26:05,gracias!
5931,ch04,du055,2026-09-17 12:22:32,jaja
5932,ch17,du068,2026-09-18 19:04:31,jaja
5933,ch04,du279,2026-09-08 10:40:41,me uno en 5
5934,ch14,du138,2026-09-07 04:43:35,qué opinan de
5935,ch02,du058,2026-09-20 05:34:54,revisen el canal de anuncios
5936,ch03,du271,2026-09-13 17:51:58,mañana sigo
5937,ch11,du129,2026-09-20 07:23:51,esto no compila
5938,ch25,du135,2026-09-10 19:00:08,a qué hora es la reunión
5939,ch23,du199,2026-09-15 10:00:33,gracias!
5940,ch25,du296,2026-09-16 02:01:06,mañana sigo
5941,ch40,du186,2026-09-16 13:55:43,subí el archivo
5942,ch18,du035,2026-09-15 23:24:50,esto no compila
5943,ch23,du004,2026-09-25 12:27:37,revisen el canal de anuncios
5944,ch21,du015,2026-09-14 17:53:28,me uno en 5
5945,ch04,du162,2026-09-07 18:32:59,alguien sabe cómo
5946,ch39,du194,2026-09-02 12:31:23,gracias!
5947,ch19,du130,2026-09-26 15:24:45,jaja
5948,ch40,du027,2026-09-17 20:57:30,a qué hora es la reunión
5949,ch01,du102,2026-09-02 07:18:32,subí el archivo
5950,ch33,du102,2026-09-15 11:25:04,a qué hora es la reunión
5951,ch21,du226,2026-09-20 12:47:48,me uno en 5
5952,ch25,du210,2026-09-09 13:33:58,me uno en 5
5953,ch16,du030,2026-09-20 18:30:46,esto no compila
5954,ch35,du003,2026-09-27 19:48:48,ya quedó el deploy
5955,ch32,du295,2026-09-30 12:23:45,ya quedó el deploy
5956,ch24,du113,2026-09-26 12:48:48,me uno en 5
5957,ch04,du148,2026-09-05 00:24:52,alguien sabe cómo
5958,ch29,du057,2026-09-09 20:48:35,me uno en 5
5959,ch03,du103,2026-09-20 05:37:58,gracias!
5960,ch25,du271,2026-09-26 17:05:59,ya quedó el deploy
5961,ch25,du170,2026-09-21 16:11:14,subí el archivo
5962,ch02,du267,2026-09-20 15:48:16,ya quedó el deploy
5963,ch02,du203,2026-09-04 10:58:11,jaja
5964,ch23,du078,2026-09-17 17:13:39,mañana sigo
5965,ch01,du053,2026-09-10 21:00:11,revisen el canal de anuncios
5966,ch36,du255,2026-09-15 09:25:17,subí el archivo
5967,ch29,du244,2026-09-01 22:09:47,alguien sabe cómo
5968,ch16,du154,2026-09-17 11:52:45,gracias!
5969,ch17,du106,2026-09-04 18:39:35,gracias!
5970,ch04,du078,2026-09-05 11:06:11,alguien sabe cómo
5971,ch16,du031,2026-09-28 17:33:37,revisen el canal de anuncios
5972,ch39,du044,2026-09-03 17:56:21,me uno en 5
5973,ch16,du047,2026-09-21 04:58:13,jaja
5974,ch04,du289,2026-09-27 09:20:02,qué opinan de
5975,ch14,du249,2026-09-11 15:11:19,subí el archivo
5976,ch06,du037,2026-09-25 07:40:41,esto no compila
5977,ch24,du064,2026-09-15 16:48:38,gracias!
5978,ch06,du203,2026-09-27 21:02:51,qué opinan de
5979,ch25,du012,2026-09-21 16:17:40,mañana sigo
5980,ch06,du164,2026-09-27 10:07:19,revisen el canal de anuncios
5981,ch31,du202,2026-09-15 07:06:56,qué opinan de
5982,ch02,du296,2026-09-05 14:20:27,esto no compila
5983,ch03,du011,2026-09-15 09:00:58,gracias!
5984,ch14,du145,2026-09-01 19:42:32,qué opinan de
5985,ch16,du092,2026-09-09 10:16:59,mañana sigo
5986,ch04,du234,2026-09-09 08:05:02,mañana sigo
5987,ch31,du272,2026-09-27 13:13:29,subí el archivo
5988,ch32,du259,2026-09-30 19:27:14,listo
5989,ch31,du290,2026-09-18 11:19:50,gracias!
5990,ch05,du204,2026-09-17 01:04:24,mañana sigo
5991,ch32,du117,2026-09-21 15:17:17,listo
5992,ch28,du108,2026-09-21 17:10:43,mañana sigo
5993,ch33,du295,2026-09-11 16:59:39,qué opinan de
5994,ch12,du290,2026-09-23 18:10:42,listo
5995,ch01,du219,2026-09-26 18:04:05,revisen el canal de anuncios
5996,ch24,du032,2026-09-08 10:30:30,alguien sabe cómo
5997,ch36,du026,2026-09-26 17:26:01,listo
5998,ch36,du083,2026-09-05 08:11:31,me uno en 5
5999,ch19,du051,2026-09-18 01:12:33,ya quedó el deploy
6000,ch19,du172,2026-09-14 18:13:09,ya quedó el deploy
